Country Name,Country Code,Series Name,Series Code,1995 [YR1995],1996 [YR1996],1997 [YR1997],1998 [YR1998],1999 [YR1999],2000 [YR2000],2001 [YR2001],2002 [YR2002],2003 [YR2003],2004 [YR2004],2005 [YR2005],2006 [YR2006],2007 [YR2007],2008 [YR2008],2009 [YR2009],2010 [YR2010],2011 [YR2011],2012 [YR2012],2013 [YR2013],2014 [YR2014],2015 [YR2015],2016 [YR2016],2017 [YR2017],2018 [YR2018],2019 [YR2019]
Afghanistan,AFG,Trade (% of GDP),NE.TRD.GNFS.ZS,..,..,..,..,..,..,..,..,..,..,..,..,..,..,..,..,..,..,..,..,..,..,..,..,..
Afghanistan,AFG,Exports of goods and services (% of GDP),NE.EXP.GNFS.ZS,..,..,..,..,..,..,..,..,..,..,..,..,..,..,..,..,..,..,..,..,..,..,..,..,..
Afghanistan,AFG,GDP growth (annual %),NY.GDP.MKTP.KD.ZG,..,..,..,..,..,..,..,..,8.8322778126357,1.41411798058977,11.2297148236429,5.35740325126363,13.8263195479762,3.92498382161577,21.3905283931067,14.3624414692682,0.426354784529352,12.7522870887165,5.60074465808174,2.72454336394887,1.45131466009762,2.26031420130457,2.6470032019574,1.18922812838036,3.91160341942292
Afghanistan,AFG,Tax revenue (% of GDP),GC.TAX.TOTL.GD.ZS,..,..,..,..,..,..,..,..,..,..,..,6.96759757507017,5.28345660398282,6.08796493020769,8.48175836103604,9.16975191915408,8.91679399595736,7.70780060287773,7.12277329020889,6.88210294277301,7.58538233129798,9.50265278288094,9.89845089688421,..,..
Afghanistan,AFG,Crop production index (2014-2016 = 100),AG.PRD.CROP.XD,59.91,60.3,63.05,64.85,60.55,51.39,53.28,63.83,69.54,62.02,77.6,74.15,84.84,73.83,93.14,89.61,81.18,94.48,93,99.78,95.68,104.54,99.69,94.93,121.7
Afghanistan,AFG,"Foreign direct investment, net inflows (% of GDP)",BX.KLT.DINV.WD.GD.ZS,..,..,..,..,..,..,..,1.30694988186642,1.27849324104935,3.577104200584,4.36867313365341,3.41377294845747,1.93570173037069,0.455360448830553,0.451889148679072,1.2031179943218,0.293025176967476,0.285440891713646,0.239801182991603,0.20966479421559,0.884000458750617,0.516606084407531,0.274796791444519,0.661572216047427,0.124495985791329
Afghanistan,AFG,Fuel exports (% of merchandise exports),TX.VAL.FUEL.ZS.UN,..,..,..,..,..,..,..,..,..,..,..,..,..,..,..,..,..,..,..,..,3.45045583056684,..,5.23442813305688,10.2131805125,8.0512789669382
Albania,ALB,Trade (% of GDP),NE.TRD.GNFS.ZS,47.6105948729712,44.895444716607,45.4255562530936,48.1375348189415,51.0110303565873,63.454073132628,66.4910240323437,68.5250682234387,67.0205610427628,67.0471873068205,70.8723467754672,74.2670902393052,83.2020801053931,77.4517514962857,75.0949144008056,76.5433902447878,81.218568933066,76.5102006210933,75.8737138467897,75.4078455964825,71.801006339647,74.809862823171,78.1942495319136,76.8081841283291,76.2791946495763
Albania,ALB,Exports of goods and services (% of GDP),NE.EXP.GNFS.ZS,12.6408294970517,11.620333234637,10.1971272832635,11.4671662578473,16.8417629634305,20.1152855452625,21.3334108322137,20.9456161731319,20.8473864531722,22.2175607600291,23.0129911473171,25.2096077274316,28.2478654166425,25.3024181160681,25.2407486083138,27.9794352415409,29.2415371390963,28.9374877608303,28.9163151372576,28.2130014584625,27.2673911512668,28.9778991754721,31.5697983098872,31.5719544148007,31.3042698874727
Albania,ALB,GDP growth (annual %),NY.GDP.MKTP.KD.ZG,13.322333321684,9.09999943646361,-10.9199840781391,8.82942375839806,12.8908036407763,6.94621659244254,8.29331263121023,4.53652416035675,5.52863746491788,5.51466791097914,5.52642424695465,5.90265903591924,5.98325951855567,7.50004143020151,3.35428934987461,3.70693815255319,2.54540614450104,1.4172427999078,1.00201754071108,1.77444885260394,2.21872637517804,3.31498068384137,3.80259872019053,4.01934561695576,2.08771199649604
Albania,ALB,Tax revenue (% of GDP),GC.TAX.TOTL.GD.ZS,13.6007883019966,8.86171869158599,9.90483695717787,14.5689441026067,..,..,..,16.4842422693753,17.1961377405428,17.9650758619194,..,..,..,..,..,..,18.0220132797796,17.4832335567459,16.5032706123389,18.3019361358269,18.5157898553099,17.590229809729,18.8874860606848,18.5459674731621,18.1443771903866
Albania,ALB,Crop production index (2014-2016 = 100),AG.PRD.CROP.XD,48.99,48.67,50.39,53.84,49.57,51.88,53.23,52.12,54.89,58.48,58.38,61.97,61.1,70.64,75.19,82.74,87.45,93.86,93.67,95.94,99.91,104.15,105.84,106.2,107.76
Albania,ALB,"Foreign direct investment, net inflows (% of GDP)",BX.KLT.DINV.WD.GD.ZS,2.92548596657615,2.8159410758197,2.1031528051092,1.76789579262462,1.28264133419298,4.10877595525929,5.28543275433979,3.10482707446756,3.17270817814522,4.75017450889019,3.25976769159645,3.65485134325294,6.10897966213633,9.6820708554375,11.1706432450789,9.13813124439238,8.13533613546751,7.45135495532692,9.81628458243044,8.69303872198522,8.69053394301893,8.80509197849022,7.85544826704409,7.9463556997158,7.79792048386519
Albania,ALB,Fuel exports (% of merchandise exports),TX.VAL.FUEL.ZS.UN,..,2.988651627069,1.7207253450672,1.16927644792172,2.15548929178211,1.85161317101105,1.44835925490073,2.00964296137502,1.02973846823218,2.62772601236456,8.62320052650774,13.6870930880734,7.45160846335455,21.7778133829324,11.5960780358903,17.9566359019427,21.1844242109543,26.5886649344812,30.9941380486986,1.56752332146237,8.80663865038583,11.1750623184928,0.824033210157602,1.66266621721824,0.602741338715028
Algeria,DZA,Trade (% of GDP),NE.TRD.GNFS.ZS,55.1910052081435,53.7051478767794,52.2439115059386,45.0944505585079,50.9291093379713,62.8583436360347,58.7061642307646,61.1341714474726,62.1247730289143,65.7014218464212,71.2786009597481,70.7300124352536,71.9381290438053,76.6845181652822,71.3243305469238,69.8666612628678,67.474301732347,65.4049791981269,63.6108236711147,62.4143160110881,59.6951285987184,55.9256678771781,55.3214030214594,58.0655601049354,51.8097384415762
Algeria,DZA,Exports of goods and services (% of GDP),NE.EXP.GNFS.ZS,26.1947759790559,29.7604483251847,30.9063113798645,22.5783540098039,28.150113118469,42.0697177213416,36.6893054432186,35.5045367079002,38.2488294222687,40.0532239019033,47.2051950916585,48.8106865549172,47.0681648423813,47.9733430015871,35.3716518568122,38.4445473501205,38.7881186400386,36.8905478100074,33.2098978857357,30.4876572080909,23.1717780134205,20.8724852102256,22.6322322911166,25.8611812587344,22.7144125423167
Algeria,DZA,GDP growth (annual %),NY.GDP.MKTP.KD.ZG,3.79999478984085,4.09999846994822,1.09999993930808,5.10000360904218,3.20000155370606,3.80000000161118,2.99999999913767,5.59999999613019,7.20000000140945,4.29999999976991,5.89999999730549,1.70000000574349,3.39999999653251,2.39999999937741,1.59999999900511,3.60000000078881,2.89999999818835,3.40000000293431,2.8,3.79999999836768,3.70000000138755,3.20000000173945,1.29999999827666,1.20000000102394,0.999999998155587
Algeria,DZA,Tax revenue (% of GDP),GC.TAX.TOTL.GD.ZS,..,..,..,..,..,..,..,..,..,..,..,..,..,..,..,..,..,..,..,..,..,..,..,..,..
Algeria,DZA,Crop production index (2014-2016 = 100),AG.PRD.CROP.XD,33.02,43.26,30.82,36.34,39.35,30.95,36.67,37.64,49,54.54,55.85,59.16,51.52,52.87,72.36,74.96,83.53,88.72,98.82,94.93,101.74,103.33,104.4,115.36,121.01
Algeria,DZA,"Foreign direct investment, net inflows (% of GDP)",BX.KLT.DINV.WD.GD.ZS,2.39438994406772E-06,0.575183341190148,0.539669753188526,1.25882531840803,0.599498299671608,0.511220957154505,2.03326638572969,1.87623911755023,0.939901028104324,1.036824405961,1.12017444162797,1.57313747491666,1.24964661179207,1.54303873355704,2.00197554194563,1.42696330990155,1.28553431744712,0.717693030215452,0.806601359342118,0.702589360753142,-0.324012189691575,1.0236960784906,0.723259983317181,0.838208408974565,0.804144058246544
Algeria,DZA,Fuel exports (% of merchandise exports),TX.VAL.FUEL.ZS.UN,95.2155009809702,92.9136262805971,97.1926995507234,97.0055149898064,97.1411466547161,98.0870247131707,97.6220771184034,96.8525631108902,98.0418496791982,98.1581027723641,98.3968237779365,98.053114107359,98.3784356732768,98.1397675706731,98.33852819805,98.3108761995675,98.3333229077681,98.4004104735679,98.3397689163232,97.228399822397,95.839787593179,95.3110605757096,96.1115601990579,..,..
American Samoa,ASM,Trade (% of GDP),NE.TRD.GNFS.ZS,..,..,..,..,..,..,..,210.9375,207.442748091603,202.357563850688,223.2,229.817444219067,218.146718146718,249.821428571429,161.333333333333,157.940663176265,157.543859649123,176.40625,173.824451410658,174.805598755832,162.407132243685,159.165424739195,161.437908496732,171.830985915493,156.568778979907
American Samoa,ASM,Exports of goods and services (% of GDP),NE.EXP.GNFS.ZS,..,..,..,..,..,..,..,101.171875,97.9007633587786,90.3732809430255,99.6,100.405679513185,97.4903474903475,114.464285714286,78.5185185185185,63.5253054101222,58.7719298245614,75.46875,71.7868338557994,66.7185069984448,63.5958395245171,63.9344262295082,59.1503267973856,68.2316118935837,61.6692426584235
American Samoa,ASM,GDP growth (annual %),NY.GDP.MKTP.KD.ZG,..,..,..,..,..,..,..,..,0.965517241379317,0.409836065573771,-0.408163265306129,-4.09836065573771,1.85185185185186,-2.65734265734265,-4.16666666666666,0.299850074962521,0,-4.33482810164425,-2.5,1.76282051282051,3.14960629921259,-1.67938931297709,-6.98757763975155,2.6711185308848,-0.487804878048777
American Samoa,ASM,Tax revenue (% of GDP),GC.TAX.TOTL.GD.ZS,..,..,..,..,..,..,..,..,..,..,..,..,..,..,..,..,..,..,..,..,..,..,..,..,..
American Samoa,ASM,Crop production index (2014-2016 = 100),AG.PRD.CROP.XD,..,..,..,..,..,..,..,..,..,..,..,..,..,..,..,..,..,..,..,..,..,..,..,..,..
American Samoa,ASM,"Foreign direct investment, net inflows (% of GDP)",BX.KLT.DINV.WD.GD.ZS,..,..,..,..,..,..,..,..,..,..,..,..,..,..,..,..,..,..,..,..,..,..,..,..,..
American Samoa,ASM,Fuel exports (% of merchandise exports),TX.VAL.FUEL.ZS.UN,..,..,..,..,..,..,..,..,..,..,..,..,..,..,..,..,..,..,..,..,..,..,..,..,..
Andorra,AND,Trade (% of GDP),NE.TRD.GNFS.ZS,..,..,..,..,..,..,..,..,..,..,..,..,..,..,..,..,..,..,..,..,..,..,..,..,..
Andorra,AND,Exports of goods and services (% of GDP),NE.EXP.GNFS.ZS,..,..,..,..,..,..,..,..,..,..,..,..,..,..,..,..,..,..,..,..,..,..,..,..,..
Andorra,AND,GDP growth (annual %),NY.GDP.MKTP.KD.ZG,2.75750161326249,4.64973866754707,9.06767205144135,3.19479339289236,4.0990789217793,3.52836236122388,8.11935772169949,4.54636221364653,8.69420371612468,8.13567633837351,5.39779598500422,4.80868869916921,1.55318814103222,-5.55918636850581,-5.30284654348291,-1.97495799965345,-0.00806975341139093,-4.97444371853503,-3.54759651549344,2.50446552114518,1.43414039522716,3.70967806978986,0.346071889630295,1.58876549046354,2.01554763848308
Andorra,AND,Tax revenue (% of GDP),GC.TAX.TOTL.GD.ZS,..,..,..,..,..,..,..,..,..,..,..,..,..,..,..,..,..,..,..,..,..,..,..,..,..
Andorra,AND,Crop production index (2014-2016 = 100),AG.PRD.CROP.XD,..,..,..,..,..,..,..,..,..,..,..,..,..,..,..,..,..,..,..,..,..,..,..,..,..
Andorra,AND,"Foreign direct investment, net inflows (% of GDP)",BX.KLT.DINV.WD.GD.ZS,..,..,..,..,..,..,..,..,..,..,..,..,..,..,..,..,..,..,..,..,..,..,..,..,..
Andorra,AND,Fuel exports (% of merchandise exports),TX.VAL.FUEL.ZS.UN,0.169823572259061,0.00801851368415153,0.0061291176337256,0.01444721655249,0.0978477340993332,0.133470719864966,0.201277203740919,0.00340850271314777,0.00718421522431373,0.0020915587513253,0.00139066416530204,0.000877373640358075,0.0164949512104574,0.00639829246971588,0.0674187377593231,0.00171578894223204,0.00296782977763237,0.0954824010290095,0.126266414497508,0.113812116132643,0.0444906582187301,0.0106675178543429,0.00858196988222723,0.0136381879282452,0.0906269065381471
Angola,AGO,Trade (% of GDP),NE.TRD.GNFS.ZS,..,..,..,..,..,..,..,105.301742600149,103.901229551372,103.579947051466,106.590962129525,94.6251593320477,108.060067893978,121.364708453698,122.446144139295,104.123635308845,99.9825063313368,91.8000973419114,86.8119327587926,79.3329227828897,62.8885160890192,53.3701580675988,52.2568222278462,66.3780133263399,57.8295381183036
Angola,AGO,Exports of goods and services (% of GDP),NE.EXP.GNFS.ZS,..,..,..,..,..,..,..,57.0849959046266,54.3213388113835,58.3803583199793,65.5262677696291,63.4678635039226,67.9057833724671,72.4750287994632,58.7573002977584,61.5431158851524,60.6699475151848,55.9401306344811,50.7470857909554,44.6950294609853,29.7545979506807,28.1244854472006,29.0041020030504,40.8362898299819,40.7907550532833
Angola,AGO,GDP growth (annual %),NY.GDP.MKTP.KD.ZG,15.0000000288634,13.5443697551026,7.27427735460373,4.69114645093552,2.18148971840458,3.05462423430785,4.2059985561951,13.6656887608562,2.99000000000001,10.9500000059465,15.0299999905513,11.549999997879,14.0100000086059,11.1699999942146,0.860000002152788,4.39837593810763,3.47205314798103,8.54210707584141,4.95461303112738,4.82255926962156,0.943571561325001,-2.5801112218828,-0.147149825449205,-1.31636168896895,-0.702272957616017
Angola,AGO,Tax revenue (% of GDP),GC.TAX.TOTL.GD.ZS,..,..,..,..,16.2939716615223,28.7033821587261,29.2466757235017,15.5328118307446,17.1715803572772,18.0745701171648,17.1091178120826,23.385169992983,21.499160563566,25.6501498565559,18.3610792311247,16.599947206125,16.1034124367128,14.8227191113256,14.184762657139,13.5426301621262,11.0020190179303,9.73251248352788,9.223777502108,9.64477850341357,10.090385804431
Angola,AGO,Crop production index (2014-2016 = 100),AG.PRD.CROP.XD,19.47,19.75,18.89,23.03,21.39,26.27,31.92,37.62,41.67,48.09,52.2,53.18,61.78,65.6,86.42,91.32,100.99,79.19,114.2,97.55,100.38,102.07,102.74,105.93,107.59
Angola,AGO,"Foreign direct investment, net inflows (% of GDP)",BX.KLT.DINV.WD.GD.ZS,8.52948883994992,2.76276954550391,5.36335987936762,17.1211911611801,40.1672509667103,9.62386631333219,24.0090753409427,11.4061918212721,20.0810143933587,9.32923923994127,-3.52665716521497,-0.0720009964034264,-1.36876239076898,1.89631390104504,3.13666067002336,-3.85111151378283,-2.70487323645008,-1.1437677842485,-5.38013100885348,2.69000565541159,11.0813390112563,-0.340242828705014,-10.038376774369,-8.12589111156365,-5.7808131444487
Angola,AGO,Fuel exports (% of merchandise exports),TX.VAL.FUEL.ZS.UN,..,..,..,..,..,..,..,..,..,..,..,..,97.2265175257191,..,97.9163484511435,97.9075489248038,98.1409863974632,98.3701689632146,98.2172596289667,97.7227216005661,94.0159079753161,92.7010547736293,94.6912550619684,95.6723202169276,95.2492483273439
Antigua and Barbuda,ATG,Trade (% of GDP),NE.TRD.GNFS.ZS,..,..,..,..,..,..,..,..,..,..,..,..,..,..,..,..,..,..,..,141.533614122552,130.047089857133,132.018040013227,127.973130855251,130.655152659419,137.625175755884
Antigua and Barbuda,ATG,Exports of goods and services (% of GDP),NE.EXP.GNFS.ZS,..,..,..,..,..,..,..,..,..,..,..,..,..,..,..,..,..,..,..,74.504141999119,70.6912007913569,70.0199146232009,64.5718183599372,62.470548111624,69.2086423595831
Antigua and Barbuda,ATG,GDP growth (annual %),NY.GDP.MKTP.KD.ZG,-4.35958738239289,6.604459720823,5.47160848207982,4.73112509163744,3.70761791039318,6.20343125361171,-4.54800347258288,1.02744196976448,6.07654368848381,5.76702861180377,6.47383131641985,12.7081485327737,9.31538316339757,-0.0143406519434848,-11.9626972488343,-7.84059474412177,-1.95861262834343,1.439268512944,0.485932080790846,2.21145251322996,1.44515529873077,4.09976553877765,2.46333336590416,6.95318609219737,3.10044514982847
Antigua and Barbuda,ATG,Tax revenue (% of GDP),GC.TAX.TOTL.GD.ZS,..,..,..,..,..,..,..,..,..,..,..,..,..,..,..,..,..,..,..,..,..,..,..,..,..
Antigua and Barbuda,ATG,Crop production index (2014-2016 = 100),AG.PRD.CROP.XD,93.73,95.88,97.92,96.89,99.46,99.39,98.57,102.88,104.41,107.41,81.47,87.28,93.87,97.63,99.37,101.15,101.81,99.32,100.66,100.77,101.02,98.21,89.69,87.95,84.77
Antigua and Barbuda,ATG,"Foreign direct investment, net inflows (% of GDP)",BX.KLT.DINV.WD.GD.ZS,5.45404385818588,3.05364479536197,3.37111668580321,3.12891177578083,6.75966240320195,5.21750627465041,12.2991255263036,8.0877409804305,19.4210489259473,8.73806633994693,21.600329833454,30.9952183997774,25.7628907164722,11.5894612334052,6.56555460743135,8.41640182621901,5.08535962146022,9.74805341050852,10.1317619493385,3.35524419080796,7.93074035994626,6.54040819952073,9.87959672634112,12.31446753505,7.43332407630785
Antigua and Barbuda,ATG,Fuel exports (% of merchandise exports),TX.VAL.FUEL.ZS.UN,..,..,..,..,0,0,..,..,..,..,0.724794167438721,..,0,..,0,0,0,0,0,0,0,0,0,0,0
Argentina,ARG,Trade (% of GDP),NE.TRD.GNFS.ZS,19.7714230903755,21.5064684057215,23.3361788437439,23.3500279730689,21.3827449624898,22.6224447777343,21.8522554515453,41.7527243585642,40.6447480311085,40.692646108947,40.5512709706238,40.4334798719151,40.945170618571,40.4026733790382,34.0571269054879,34.9710132635696,35.2061549999644,30.5265423717108,29.3339290021037,28.4067936452275,22.4862260889792,26.0938878488799,25.2896011376779,30.7625359549926,32.6306150458499
Argentina,ARG,Exports of goods and services (% of GDP),NE.EXP.GNFS.ZS,9.68041025959015,10.4285967560139,10.5608501019262,10.4155819610919,9.82717451494235,10.9863752325576,11.5790080825317,28.3825969991682,25.9309429264224,23.8476194239892,23.2458767338576,23.0266946038115,22.6627503115066,22.0609003826242,19.5609850560818,18.9338234053709,18.4492091453155,16.2378594620246,14.6171733884386,14.4054785893756,10.7056520504538,12.5270951690009,11.3202833596733,14.4366857499034,17.9248783778462
Argentina,ARG,GDP growth (annual %),NY.GDP.MKTP.KD.ZG,-2.84520961057079,5.52668982715234,8.1110467707457,3.85017885156228,-3.38545704063269,-0.78899893905691,-4.40883968258557,-10.8944848285903,8.83704079576924,9.02957330068152,8.85165992013437,8.04715150043027,9.00765087504757,4.05723310346406,-5.91852507634947,10.1253981561002,6.00395169280579,-1.0264204544321,2.40532378079436,-2.51261532081394,2.73115982828944,-2.08032784377811,2.81850297775918,-2.61739646282038,-2.00086100285785
Argentina,ARG,Tax revenue (% of GDP),GC.TAX.TOTL.GD.ZS,8.05435765172309,8.17178777492906,8.69008635554994,9.03052618638845,9.07612433559182,9.62260350188905,9.32489879390056,9.81895834666325,12.5187797002949,13.1007798994386,13.1031756459852,12.8788866954319,12.4482684483004,13.3178463574032,12.3830415594157,12.8530426903255,12.6636277012315,12.9528415127413,12.4529027558077,12.6109666067191,12.3365069418291,12.0972836411962,10.939623860491,9.99239008384335,10.5943975145081
Argentina,ARG,Crop production index (2014-2016 = 100),AG.PRD.CROP.XD,49.53,47.39,53.54,61.79,59.79,60.94,63.97,65.16,67.65,66.51,77.51,75.49,85.66,87.2,62.18,86.71,93.47,82.1,90.59,94.16,104.14,101.7,106.81,92.17,113.13
Argentina,ARG,"Foreign direct investment, net inflows (% of GDP)",BX.KLT.DINV.WD.GD.ZS,2.17392758974997,2.55320340608332,3.12787793868196,2.43876896154487,8.46058217133806,3.66579059535379,0.806164134759348,2.19895819502207,1.29481086883944,2.5050175164097,2.64935441452167,2.38106854489628,2.25129423568361,2.68990096507093,1.20643922647566,2.67516171886537,2.04465997872008,2.80667189982932,1.77920553648531,0.962406650325519,1.97713461784426,0.584748941173009,1.78936504083807,2.23253157689253,1.48500687570697
Argentina,ARG,Fuel exports (% of merchandise exports),TX.VAL.FUEL.ZS.UN,10.33985004541,12.9690098612611,11.6985744022358,8.61176447846474,12.1168238278399,17.6241830605225,17.0272143366815,17.0062379055992,17.0830633855413,16.0002898523067,16.3961455637403,15.2633165831813,10.9263085486107,9.37098213409865,10.1652445466661,7.90317746658418,5.97246544174461,6.22846935291873,4.68210789818476,4.67799000825185,2.5385946406222,2.4962680453126,2.78500093366595,4.11937445415808,3.59778796735553
Armenia,ARM,Trade (% of GDP),NE.TRD.GNFS.ZS,86.1148570667578,79.2295601199241,78.5477450545048,71.8424518815414,70.5604791440404,72.2333302273367,69.8642663925336,73.9845018432309,80.0513676022426,73.0706339919371,70.1397385835334,61.0301379818566,56.9750470853147,54.5423279613666,57.2742357441995,64.642975973633,69.4355736620453,75.9616759606704,77.5550481598824,75.778866962639,71.6820743427575,76.0779674593548,87.202376539837,92.473107021212,96.1141541288708
Armenia,ARM,Exports of goods and services (% of GDP),NE.EXP.GNFS.ZS,23.9279208283617,23.2400035043381,20.2732693887542,19.0030199716737,20.7582469526567,22.1614188089398,24.1458543956306,27.832108365994,30.4829978923981,28.1907438231723,27.3131979500115,22.1459814355134,18.1893569819725,14.2657295739767,14.6709007461363,19.7484153168252,22.5231882640131,27.5618114828439,28.3534851384818,28.5603816555446,29.7253912120334,33.7442798606396,38.2160456550464,39.3928940286073,41.3508013620849
Armenia,ARM,GDP growth (annual %),NY.GDP.MKTP.KD.ZG,6.89999841973659,5.86540074943565,3.32107970046953,7.29999998770998,3.30000000058166,5.90000000312092,9.59999999927597,13.1999999979356,14.0000000015501,10.4999999988202,13.8999999991133,13.1999999994661,13.7000000015467,6.90000000042959,-14.1000000006998,2.2000000002151,4.69999999867412,7.20000000096486,3.3,3.60000000058993,3.19999999896625,0.199999999825991,7.50000000164144,5.19999999965324,7.59999999853918
Armenia,ARM,Tax revenue (% of GDP),GC.TAX.TOTL.GD.ZS,..,..,..,..,..,..,..,..,..,13.9964056466186,14.3356634088462,14.3959865593942,15.962531729107,17.3217587321083,16.5058632327843,17.0700513990102,17.2194190490991,17.4916420766113,21.5862138752919,21.5991745525223,20.931220827141,21.2773752756378,20.7806533587524,20.8701039031814,22.2851709900772
Armenia,ARM,Crop production index (2014-2016 = 100),AG.PRD.CROP.XD,48.19,50.6,39.34,44.21,43.71,40.29,43.86,44.73,48.77,60.35,74.39,75.49,83.97,85.5,86.15,68.29,81.76,92.3,95.71,99.12,110.61,90.27,87.87,71.74,68.53
Armenia,ARM,"Foreign direct investment, net inflows (% of GDP)",BX.KLT.DINV.WD.GD.ZS,1.72442275716256,1.10020924585916,3.16805363549908,12.2707797402698,6.61258080861414,5.45043315573561,3.29806741743693,4.65949974895048,4.37657009672658,6.90990201303095,5.96010687349521,7.30731450469504,7.25233231640274,8.09234920917782,8.7886942137873,5.71603734064551,6.44066805582744,4.67672759828403,3.11193185351156,3.50211415457343,1.74473701796819,3.16536727816995,2.19257337687685,2.14204783415544,0.736361516844353
Armenia,ARM,Fuel exports (% of merchandise exports),TX.VAL.FUEL.ZS.UN,..,..,0.733173669192767,..,8.26798770854123,10.1236750243125,7.86912485968109,3.17595536456295,1.96269179078979,3.05202767195407,2.21920980265978,2.03225317294973,1.19645999429122,0.259782913208907,0.0903876860458172,3.02154436932198,7.92916656964556,7.4451684844257,5.74395895307294,5.94447107873547,5.9197338745284,3.48883009523153,3.58398830414633,3.7309961281298,2.85017379117155
Aruba,ABW,Trade (% of GDP),NE.TRD.GNFS.ZS,171.362098138748,175.344129554656,168.781911013858,163.267359946327,164.559014267185,145.072879516204,140.391108618306,133.230771421249,132.794291274023,132.430929795173,145.050280144237,141.042626734626,139.972309491093,139.110149824701,137.556575933708,135.464654677581,154.437786862887,156.645197205944,161.891280319633,162.88205210123,145.833663297637,142.239763387132,143.804295515015,145.213552350892,145.343572735289
Aruba,ABW,Exports of goods and services (% of GDP),NE.EXP.GNFS.ZS,84.8984771573604,86.6396761133603,82.5309992706054,79.6377054679638,79.928664072633,74.3860109498193,70.9967837702649,64.5643135803172,62.7312132409209,64.6655585140977,68.0752981880873,64.5941526531523,65.0612625386555,65.5292950658025,62.9185634689552,60.2181860904717,69.7510127562388,73.1035458041627,76.5483116318725,78.2754936773626,72.8529128494511,71.8204350098217,72.5486898260087,72.2527739552586,73.2345915426225
Aruba,ABW,GDP growth (annual %),NY.GDP.MKTP.KD.ZG,2.54714368704694,1.18578851134656,7.04687499241221,1.99198444906199,1.2380418420716,7.62292063918883,4.18200264137074,-0.944954680852376,1.11050500975789,7.29372893965754,-0.383139603849997,1.12741212792535,3.08954390149292,1.83575567874084,-11.6777420291428,-2.73345570739019,3.36923812209224,-1.04080013542467,6.43148182354385,-1.58657464362111,-0.623625632862655,1.7196241156332,7.04853325902029,2.38173012558298,-2.30283684401374
Aruba,ABW,Tax revenue (% of GDP),GC.TAX.TOTL.GD.ZS,..,..,..,..,..,..,..,..,..,..,..,..,..,..,..,..,..,..,..,..,..,..,..,..,..
Aruba,ABW,Crop production index (2014-2016 = 100),AG.PRD.CROP.XD,..,..,..,..,..,..,..,..,..,..,..,..,..,..,..,..,..,..,..,..,..,..,..,..,..
Aruba,ABW,"Foreign direct investment, net inflows (% of GDP)",BX.KLT.DINV.WD.GD.ZS,-0.418781725888325,6.16194331983806,12.9139314369073,6.81314994968132,27.1368352788586,-6.8287271729666,-14.0750555726085,16.9490560127574,7.81642871198372,-4.68763897846137,-8.80493563521364,8.92046662114826,-17.5903165005139,0.664175810874169,-0.41563759901472,7.61167220218679,18.5057800383246,-12.0331802180755,8.29852858504183,8.97999247741172,-0.971203411868608,0.92341274383771,5.2535902643381,4.14876449472184,-2.21528256776249
Aruba,ABW,Fuel exports (% of merchandise exports),TX.VAL.FUEL.ZS.UN,..,..,..,..,..,..,..,..,..,..,..,..,..,..,0.00955674346080584,0.106446012341249,0.0107756603770306,0.0469829005505492,0.00338457142104372,0.24352175025681,0.197299260830369,0.104981848860667,0.115122321702268,0.0596714795288132,0.0108719232886248
Australia,AUS,Trade (% of GDP),NE.TRD.GNFS.ZS,37.7040452075846,38.2330533547335,37.9808322779409,39.9927024641912,39.0297954188357,40.9352109785505,44.2187044989977,41.4490922022193,40.2015669125448,37.0096135930442,39.1607469727979,41.5594471705758,42.0080200326348,42.8467764017331,45.7408630288694,40.5106330129004,41.8373511173643,43.1490246873109,41.2501910637454,42.4430282022511,41.5942804140742,40.7946418668351,41.9422091216328,43.3470784937935,45.7489633556611
Australia,AUS,Exports of goods and services (% of GDP),NE.EXP.GNFS.ZS,17.870669522392,18.8901429006237,19.127482417612,19.5575656778223,18.2947441891133,19.3902280759468,22.1523263999819,20.7266612553969,19.0572127285496,17.1624682179729,18.224372786193,19.8535392187758,20.1835039296691,20.1488773165122,23.0109850559796,19.7953665378444,21.4357865324171,21.4913928888391,19.9741128950954,21.0823313194078,20.0581264737037,19.2622259086547,21.228525081023,21.853558200255,24.1117883614814
Australia,AUS,GDP growth (annual %),NY.GDP.MKTP.KD.ZG,3.88316480376135,3.86393433962627,3.91318943203036,4.66325162994434,5.02764746946789,3.92151782931303,2.02512731541893,3.97963375579748,3.09068718165635,4.22432172716931,3.15413925672789,2.75529824273126,3.77339268108837,3.58622797986055,1.89257360858259,2.22653807797504,2.40897178005686,3.91840962538336,2.60619844706027,2.60740103188527,2.20181015336807,2.77914262537222,2.31870938698817,2.90636311509867,2.1811091061096
Australia,AUS,Tax revenue (% of GDP),GC.TAX.TOTL.GD.ZS,21.1595939061725,21.8723592497859,22.3755759747784,22.2288032041274,22.4149937199163,23.0241415839463,24.8578601700306,23.5481448774929,24.2999696180339,24.2582650629738,24.7545497178645,24.51177238554,24.0393453581788,24.2076958094452,22.0210061350471,20.4770691998733,20.3212065546776,21.0974832961545,21.9418580827282,21.8929233385114,21.86642359083,22.2617991290803,22.0887154437534,23.1772030568254,23.3757529325009
Australia,AUS,Crop production index (2014-2016 = 100),AG.PRD.CROP.XD,51.86,69.83,83.17,79.05,87.5,90.92,89.66,90.73,60.18,92.87,89.88,93.3,59.11,69.37,84.7,85.64,99.76,111.34,103.58,102.87,97.94,99.19,131.17,104.5,84.06
Australia,AUS,"Foreign direct investment, net inflows (% of GDP)",BX.KLT.DINV.WD.GD.ZS,3.60404663129621,1.13717323478277,1.85658353264166,1.90095000193573,0.567408043229212,3.57859921888914,2.82305214676613,3.70306730541189,1.92099536209977,6.98071685334312,-3.60692792508377,4.08209296205439,5.1976260080008,4.27606219832871,3.08833289460119,3.06476056059324,4.68683982564204,3.71856898723869,3.45307909155615,4.30361075123204,3.46899584699556,3.55831274567117,3.63247149539381,4.24456035615871,2.79345368293896
Australia,AUS,Fuel exports (% of merchandise exports),TX.VAL.FUEL.ZS.UN,17.6093714518551,17.7443594842727,18.5455847448969,17.9197050426655,18.2537981353932,20.8946525176662,20.7632634392125,20.6885878896859,19.7891403177955,20.2580997989942,25.5954420135177,24.0426378728198,22.753481991862,32.0401854111947,29.5069766889764,28.8807033400941,28.1410909707876,28.4455055361525,25.8653275837181,26.5990592811953,25.2908141411795,25.5970925023236,30.3161990720307,35.535320392044,32.4480251523319
Austria,AUT,Trade (% of GDP),NE.TRD.GNFS.ZS,68.25660110272,70.0836711206827,74.8676902155828,76.9271493915785,78.2601403439716,85.3604956179232,87.5366647639352,86.9481679996606,86.3873824162825,90.7923456929297,94.0338056833054,98.0883112053436,100.733254061926,102.073682731706,87.0622309742796,99.0197962369563,105.102788629725,105.152177427838,104.066414086373,103.503535251069,102.42731538918,100.982078278741,104.938844932748,107.923639505579,107.892514611522
Austria,AUT,Exports of goods and services (% of GDP),NE.EXP.GNFS.ZS,33.5331403455378,34.2492761073574,37.0280827384957,38.351021186462,39.3570378852981,43.3462739519887,44.6175555179483,45.31938619858,44.57041471914,46.8672149740213,48.6197522046932,50.8416688618235,52.560869422371,53.2488606164087,45.2074165608437,51.2621603273359,53.9486708516394,53.9736761965302,53.4412932967224,53.3865790462424,53.0890605587958,52.4063936498056,54.0511531414978,55.4622191178234,55.7607848112938
Austria,AUT,GDP growth (annual %),NY.GDP.MKTP.KD.ZG,2.66798353089548,2.34953385169727,2.09359938952392,3.58142581460447,3.55633124664172,3.37572214708477,1.26716818922992,1.65155392186669,0.941470920725337,2.73512022241023,2.24406532463878,3.45404183614122,3.72741530093519,1.4604236757386,-3.76457817791677,1.83709367680054,2.92279728368581,0.680445576816723,0.0255047121972183,0.661272848852605,1.01450158590511,1.98943716230463,2.25857243250671,2.42538536088061,1.45052918393192
Austria,AUT,Tax revenue (% of GDP),GC.TAX.TOTL.GD.ZS,24.6001061668802,25.9400360072768,26.7977121693633,26.8898454625725,26.6278222019285,26.225079875854,27.9655719884559,26.9755003214763,26.6469699320882,26.3086724864457,25.5139554642579,25.0504425566822,25.3919943156154,26.0775197165623,25.2251652368968,25.2816355062362,25.4279852755305,25.92819764092,26.4151730942712,26.4178983110922,26.8261674155428,25.4191692326751,25.4222261761887,25.4175021216714,25.5828349182075
Austria,AUT,Crop production index (2014-2016 = 100),AG.PRD.CROP.XD,98.04,93.51,100.57,103.6,107.42,100.96,104.79,103.57,97.56,112.92,105.23,102.2,107,120,112.19,92.34,111.7,93.12,93.25,107.93,92.74,99.33,93.71,98.78,98.08
Austria,AUT,"Foreign direct investment, net inflows (% of GDP)",BX.KLT.DINV.WD.GD.ZS,0.757178581558874,1.8223375348554,1.2542743768135,2.09468418822409,1.36910230387565,4.30890039482994,2.88059839258097,0.0645287981478418,2.36204525540375,1.05608551598741,25.6558278307872,3.1225333500469,17.6948460131618,1.45842274091571,3.55936613543504,-5.61017631479876,5.32423673714992,1.27469393348716,0.104862185985247,0.386858115054066,-2.08805653898309,-7.31091695803709,3.23990497953366,-6.2871015854224,-2.78770571216157
Austria,AUT,Fuel exports (% of merchandise exports),TX.VAL.FUEL.ZS.UN,1.00206815505793,1.2288834649407,1.23907157982057,1.0277006335131,1.17797007361119,1.26073330039353,1.85573418671951,2.24906607244156,2.5489056418814,3.17656995734426,4.60333218495356,5.2681877115794,2.66455677761046,3.35651236700774,3.44074449282016,3.21014269226814,3.37634985098465,3.66210720141734,2.70144215235651,2.39395279884492,1.96118695545097,1.69166556589744,1.8985454600636,2.09499489553737,2.2180900828378
Azerbaijan,AZE,Trade (% of GDP),NE.TRD.GNFS.ZS,85.8937107507733,80.8497401741931,82.0789665326283,77.2278091030634,69.8259648751026,78.5485682796041,78.8151854917601,92.8181443298969,107.551948506262,121.507115894117,115.841884607706,105.262399846369,96.6418081486575,89.2428968637573,74.7440416836369,74.9859884610856,80.5080450059522,78.263069540422,74.6758447629851,69.4832251953347,72.6015079073189,90.0773187345677,90.4023156823216,91.6725765369825,85.8181454084561
Azerbaijan,AZE,Exports of goods and services (% of GDP),NE.EXP.GNFS.ZS,32.4866435467242,24.9286393910561,29.0346072254061,22.6995291518921,27.9701199968213,40.1708314787732,41.4986078711716,42.7678350515464,42.0065766459106,48.7890084640454,62.9411060091835,66.5041448400209,68.1289116905555,65.7761378471842,51.6357456848728,54.3047215353821,56.4269805307016,52.9746801915106,48.4158330755216,43.2735566584935,37.7947774917249,46.4276493913136,48.547864732761,54.0922938620586,49.0506275016423
Azerbaijan,AZE,GDP growth (annual %),NY.GDP.MKTP.KD.ZG,-11.7999991076818,1.29999940463827,5.80000014795783,9.99999961153691,7.40000129958564,11.0999991434346,9.89999986533643,9.43891626906561,10.2082994004776,9.25380179728907,27.9615381082131,34.5,24.9999998515683,10.7589780604684,9.29636374447091,5.04894451349574,0.10000013782458,2.1652394748416,5.80980084268208,2.75050681535518,1.09397591627469,-3.09999988037266,0.199999938958655,1.49999999999999,2.50000006743734
Azerbaijan,AZE,Tax revenue (% of GDP),GC.TAX.TOTL.GD.ZS,17.9540725466304,9.85045743980092,10.693809961055,12.6793349997094,12.7334587163254,..,..,..,..,..,..,..,..,16.4211753684861,14.1067089869809,12.1577769928176,12.2247609538804,12.7786393685483,13.3883331614589,14.2125356482603,15.6031629275469,14.5555165725558,13.1640455061148,12.9712717874444,14.2188526451777
Azerbaijan,AZE,Crop production index (2014-2016 = 100),AG.PRD.CROP.XD,47.83,54.74,43.95,44.73,50.47,59.31,68.26,71.76,75.82,75.33,90.57,88.93,88.59,92.47,95.17,86.57,94.76,98.82,101.08,92.52,102.1,105.38,115.97,125.25,137.56
Azerbaijan,AZE,"Foreign direct investment, net inflows (% of GDP)",BX.KLT.DINV.WD.GD.ZS,13.6534869926891,19.7473805562834,28.1356900500269,23.0067972039761,11.1392558729835,2.46437455007312,14.3593922707314,32.4654989629361,55.0728766554257,54.3650509070362,33.7957978256418,21.380140470442,13.9011034961161,8.1611083168233,6.54746236391725,6.337255132933,6.80050011965746,7.59651867931835,3.53211598676051,5.88846176710651,7.62606837682972,11.8828171505465,7.01669598350389,2.97797589143235,3.12183056112494
Azerbaijan,AZE,Fuel exports (% of merchandise exports),TX.VAL.FUEL.ZS.UN,..,66.3947992137644,61.4496099387014,68.9329891981753,78.6030408029994,85.0824923536999,91.3282886838079,88.9208300128298,86.0089729413218,82.2163751465054,76.7637229555425,84.5911224641435,81.3989395177286,97.082781910105,92.8567081297116,94.5094608476658,94.7473907889811,93.4193317126618,92.9958063644981,92.7612993182849,88.4616496005164,91.6996216529,90.5986895127131,91.7363919755309,90.654373992013
"Bahamas, The",BHS,Trade (% of GDP),NE.TRD.GNFS.ZS,104.465441819773,105.856747021336,79.7348855718879,77.7261671656993,75.7027383336782,79.6449438925669,72.5008806383396,70.2779817050926,71.063540505226,76.0019833710461,81.3962709176308,87.5507143032777,88.0128155625079,87.4292228766863,76.5210439633098,78.6756024311196,88.3336891598687,84.2515204656543,86.8404598143427,85.1796843678245,73.4847381541862,70.7202913844164,72.478067490921,76.1727887715749,72.3992434162665
"Bahamas, The",BHS,Exports of goods and services (% of GDP),NE.EXP.GNFS.ZS,49.549139690872,48.0376835688556,36.8804047779975,34.6571601675345,36.4568895621607,38.0475628585261,34.0725886439131,36.175454557738,35.8102341689881,38.215231096961,38.7598869482117,38.3092773365463,40.0919541095878,39.4936348090443,34.190679986696,34.9532873206178,37.4352685331837,38.1273086825118,40.4290317926026,38.4016109632977,36.3585741332488,33.2147598461381,32.3850328477578,35.9289056078902,35.5364622818504
"Bahamas, The",BHS,GDP growth (annual %),NY.GDP.MKTP.KD.ZG,4.37875203482501,4.22353036224139,1.28775320549799,4.71679855496301,7.14410390677141,4.14841930754267,2.62600982683425,2.70495624731029,-1.26491667612372,0.882373744518318,3.39608420536011,2.51659221712706,1.44609991235758,-2.32364807041851,-4.17542805647342,1.53866248693835,0.613170735890648,3.08637766147865,-2.86250547778705,1.84710719180123,0.996230704298327,-0.762973444883031,2.52416173981204,2.91830692650552,-0.743661882784338
"Bahamas, The",BHS,Tax revenue (% of GDP),GC.TAX.TOTL.GD.ZS,17.3461650627005,17.0490440565254,10.3952396894681,9.97250198295972,10.3236780424448,10.6786875949518,9.85954269322648,8.99909471285283,9.28851905674012,9.42833415605685,10.0017079766577,11.2483316531019,11.3588658867582,12.1213661409842,11.2520687319925,10.7623149327044,13.0110208622256,12.0393694675572,11.8620646365254,11.4559535422058,12.8806376143032,14.2905342870273,15.0239946987391,14.5071284061453,16.8370358458346
"Bahamas, The",BHS,Crop production index (2014-2016 = 100),AG.PRD.CROP.XD,52.35,52.3,55.06,57.43,61.99,60.85,63.59,61.55,64.78,69.76,68.95,73.04,78.49,78.12,71.86,91.47,93.77,93.87,94.83,98.92,100.59,100.49,100.75,102.52,100.6
"Bahamas, The",BHS,"Foreign direct investment, net inflows (% of GDP)",BX.KLT.DINV.WD.GD.ZS,3.11752697579469,2.43280687170961,3.31629913649887,2.1497917526437,1.94303131104509,3.09850714482936,1.23072964943982,1.72038337334312,2.14428489451629,3.02143829739302,5.72797116772737,6.94760136713467,6.71809341196458,8.17172902365571,6.65159948547179,8.63699216304667,6.61957509346653,4.90812842804373,3.67709104901159,2.28958549422313,0.651731144360013,3.32232730035402,2.48571896288679,3.8835168586779,3.6927818725524
"Bahamas, The",BHS,Fuel exports (% of merchandise exports),TX.VAL.FUEL.ZS.UN,..,..,..,0.000476775767624902,0,0,0,0.0101345653262008,0,0,..,0,0,0,0,0,0,0.00201845003165779,0,0,0,11.3008284606627,15.357742606313,19.3742198220677,14.7790875758671
Bahrain,BHR,Trade (% of GDP),NE.TRD.GNFS.ZS,152.464315379845,164.115419261449,148.582078139234,128.48910154402,141.831698808263,135.809135327865,127.026266277537,131.133634216392,128.091582155216,140.737310039923,148.313525108923,147.104181068989,137.785050572304,145.882511145821,117.963725409489,120.472394522656,174.155268022181,185.884650580276,191.872554115951,175.567836938356,154.931374967452,139.620555512011,143.086667256454,150.806054558909,141.700834964514
Bahrain,BHR,Exports of goods and services (% of GDP),NE.EXP.GNFS.ZS,81.9905466031894,87.9135242955814,79.07678217749,64.6036729603028,78.8672455861517,79.1806670285974,73.6107613220545,72.5085662959225,72.0630719982325,78.6051459613386,83.8940482059345,84.6389442624741,79.6795292320647,82.5773483806233,68.4655938651118,69.5373177399286,99.4186691312384,102.14552480855,104.804803332124,96.0507512478313,83.1072099110581,74.2008275338583,75.7796814248463,79.2525219237919,76.485960757711
Bahrain,BHR,GDP growth (annual %),NY.GDP.MKTP.KD.ZG,3.92999154532021,4.11000611512114,3.09299978673204,4.79000278855499,4.29999896037758,5.30007005600883,2.49094810829847,3.3485506679412,6.29644197869368,6.98096059429825,6.76899787107483,6.46700012199585,8.29396044759683,6.24501077496258,2.53988593585052,4.33429917283131,1.98351501159991,3.72810843046017,5.41683981012071,4.35039085252969,2.48537855758804,3.55812811897778,4.29094977756338,2.11113047304872,2.1669646688237
Bahrain,BHR,Tax revenue (% of GDP),GC.TAX.TOTL.GD.ZS,4.79676297157238,5.04293270465644,5.09780902702597,5.66427250440841,5.01305503165515,3.73277772071662,4.10364290899394,3.57899289191497,3.30681318786877,4.21684066611925,..,..,..,..,..,..,..,..,..,..,..,..,..,..,..
Bahrain,BHR,Crop production index (2014-2016 = 100),AG.PRD.CROP.XD,94.47,95.3,94.99,111.38,96.79,94.71,92.17,81.52,82.33,80,74.51,99.4,92.22,89.94,89.52,88.39,86,86.15,85.37,92.36,98.43,109.21,94.53,95.87,99.51
Bahrain,BHR,"Foreign direct investment, net inflows (% of GDP)",BX.KLT.DINV.WD.GD.ZS,7.36112680738262,33.5660175347339,5.1862288175725,2.90201967187026,6.85299995707791,4.01154558234919,0.895243944446186,2.26180894388217,4.66554367760964,6.58021002500264,6.56659445840229,15.7508650085887,8.08243218951671,6.97757782740497,1.12105291032726,0.605800045797767,2.71349353049908,5.02346532615333,11.4559732697771,4.54843083119189,0.208992859981636,0.754928694303382,1.46272268847081,0.29408549051138,4.00518862174685
Bahrain,BHR,Fuel exports (% of merchandise exports),TX.VAL.FUEL.ZS.UN,53.129216983074,0.0176370779265561,..,..,..,0.0395462453040678,66.9335197582833,69.3664039673791,72.5185966870439,75.5437259663915,78.1592802795663,80.5878626999227,80.8287980658625,69.062284938086,68.6020433823247,74.3474756294398,71.8441684413074,64.1472033708371,59.0027891704387,66.8346508823664,50.3566602372733,45.0173153136849,50.1771114184211,53.3203933261076,42.1282144838203
Bangladesh,BGD,Trade (% of GDP),NE.TRD.GNFS.ZS,28.2094960764218,26.0760877233809,26.3255133900833,27.8800634028394,28.3879405571158,29.3217143619038,32.0980170730117,28.9673807211649,27.657884900158,26.8582341492431,34.396934864465,38.1119244325921,39.9423826531735,42.6209140325589,40.092796223023,37.8028426708321,47.4208498356898,48.1109227490467,46.2964027228174,44.5140801968096,42.0859963070382,31.3341501346142,29.9997293817388,32.514635419986,31.5780512814675
Bangladesh,BGD,Exports of goods and services (% of GDP),NE.EXP.GNFS.ZS,10.864634213863,9.70650764952346,10.5203705573506,11.7573312287186,11.7586423857313,12.3442012279919,13.3865592080649,12.4099689322019,11.4311486959413,11.1465089461353,14.3928418979283,16.3534635652888,16.9953348464905,17.6588584820757,16.9401329056133,16.0241126856916,19.9220749554939,20.1615888640625,19.5378741098798,18.9896599950107,17.3366737865485,13.9212044814459,12.8197463390491,12.6747893850665,13.0947560042783
Bangladesh,BGD,GDP growth (annual %),NY.GDP.MKTP.KD.ZG,5.12127789724337,4.52291921684423,4.4898964976265,5.1770268731498,4.67015636882111,5.29329471892532,5.07728777526728,3.83312393993225,4.73956739963045,5.23953291029852,6.53594493875502,6.67190498576788,7.05859935449848,6.01378975738535,5.04512479919337,5.57178818533122,6.46437912497728,6.52145877906443,6.01360565834344,6.0610593588495,6.55263987816197,7.11347821270093,6.5902548153114,7.31940777981607,7.8819067286135
Bangladesh,BGD,Tax revenue (% of GDP),GC.TAX.TOTL.GD.ZS,..,..,..,..,..,..,6.61116027143823,6.69138419067813,6.96521390375867,7.04644841818552,7.13567003946154,7.04330405780911,6.91726266856821,7.65602988282474,7.49811626276927,7.83468474946733,8.68592470557816,9.02456269019499,8.96241331541821,8.6353777373447,8.49834882820801,7.31691184755758,6.99714233139482,7.73177304533511,7.63863817850188
Bangladesh,BGD,Crop production index (2014-2016 = 100),AG.PRD.CROP.XD,46.47,48.95,49.49,51.24,58.59,62.5,61.14,62.73,64.15,62.56,70.97,73.37,77.62,84.01,84.55,89.65,93.78,94.27,96.58,98.76,100.69,100.55,108.47,108,109.87
Bangladesh,BGD,"Foreign direct investment, net inflows (% of GDP)",BX.KLT.DINV.WD.GD.ZS,0.00499837818821928,0.0291349551912921,0.288896567530215,0.380236166897956,0.350304290993085,0.525362089236089,0.145443904569924,0.0955793676464671,0.445960783298092,0.689472335587341,1.17120896046669,0.635657187878018,0.817754424203324,1.4497483960094,0.879494644623361,1.06893486111064,0.983166188678784,1.18810221920636,1.73541762816674,1.468713066347,1.45128843109539,0.879488963720566,0.616294923042192,0.753510737984269,0.543233710331666
Bangladesh,BGD,Fuel exports (% of merchandise exports),TX.VAL.FUEL.ZS.UN,0.449813471615389,0.268252187280066,0.382926321294796,0.222245801291027,..,0.229218459463864,0.156029792883551,0.305510455605223,0.32333946274161,0.468507399136077,0.579319820624958,0.761449863704974,1.62282630256016,1.41061914831305,1.72665865195063,1.87340450699641,1.15197562004724,1.82373354611352,1.13549487669373,..,0.561290711404927,..,..,..,..
Barbados,BRB,Trade (% of GDP),NE.TRD.GNFS.ZS,91.8995290423862,93.4160706773244,95.763184079602,88.0444758206848,88.1910055583628,90.5785259029253,86.3627434932067,83.4717527764365,90.0919146284468,92.0467411815938,97.616180128289,96.516852600505,91.1435601198117,94.5373804921373,88.4604187660956,86.8995729560928,86.61627007989,87.1549790305276,92.0350865960239,89.5488146826408,87.1704689480355,78.4754196518902,76.2824750115177,81.0390881072355,80.8550673082324
Barbados,BRB,Exports of goods and services (% of GDP),NE.EXP.GNFS.ZS,46.8625252298722,47.9911653344552,46.4975124378109,42.3932227320861,41.6860367188816,43.2358228468704,40.9723358978556,38.9859971028489,42.9584047359402,41.6867469879518,44.8147663306716,45.9685354894545,43.7291399229782,43.6831931456037,42.6592766767439,38.915065711795,37.9424018555107,39.2557191932984,40.853261623502,39.9194918854618,39.972539079003,36.4565482212541,35.6759409490616,41.2015067755981,41.9810525921627
Barbados,BRB,GDP growth (annual %),NY.GDP.MKTP.KD.ZG,2.01399800028568,3.97647717726126,4.74010234311876,3.72846490100282,0.334655428854731,4.44718962322422,-2.36546422235364,0.787401574803141,2.17548076923077,1.41159863545465,3.95545760352627,6.04552555233207,2.07916833266692,0.652483146762322,-5.03548496113552,-2.27218807289982,-0.748154442029076,-0.305742398132196,-1.29920820787332,-0.00112987966781475,2.42587905631385,2.53499685607439,0.462619285844923,-0.871716338791373,0.26359855236862
Barbados,BRB,Tax revenue (% of GDP),GC.TAX.TOTL.GD.ZS,..,..,..,..,..,..,..,..,25.2434179778782,25.7744229931775,26.7347427673779,25.2849654094299,25.9597546106119,25.4274584713442,24.7146599932818,24.7066583869437,25.9591258697706,24.4507639823575,23.0290727449286,23.4608172529527,25.289897634136,27.4189551132492,..,..,..
Barbados,BRB,Crop production index (2014-2016 = 100),AG.PRD.CROP.XD,206.37,257.26,252.05,217.17,237.59,243.82,203.83,202.19,199.1,181.58,207.76,180.35,181.88,157.69,174.82,141.65,150.89,143.65,117.45,112.84,99.47,87.69,102.47,114.82,97.21
Barbados,BRB,"Foreign direct investment, net inflows (% of GDP)",BX.KLT.DINV.WD.GD.ZS,2.87796552313736,0.670002532391207,1.12886960476149,1.03513021371689,1.61051383944511,2.40879045285177,2.99574106858733,7.35049907613069,5.75483061520486,6.62895921033532,10.2123680027307,8.11550814390212,10.1926524809585,12.854561091479,7.97241641719852,9.38696164516734,9.86927532782837,11.4447947919286,2.22149910169517,16.0100152118761,14.5442742566351,11.510753330241,1.83246065270517,4.72768455359327,4.03231784838329
Barbados,BRB,Fuel exports (% of merchandise exports),TX.VAL.FUEL.ZS.UN,0.0244195814079128,0.00687612850316812,0.00825035966322568,2.96093021697946,5.72964224260609,8.62440510021674,5.13271383662999,3.73760032054702,7.46599553600199,8.82521057867061,7.98236011070781,9.42184797011257,22.9869568801375,8.50996783072109,5.18456879487088,0.0215007876587993,7.36580750644772,10.7950394747413,9.10293159403012,9.33818103701665,5.52690134911485,3.52972091368079,5.19912675338697,4.63274425971415,28.6991817107129
Belarus,BLR,Trade (% of GDP),NE.TRD.GNFS.ZS,103.718194772782,96.7748997857579,125.516179156558,122.957697735989,120.835117829629,141.609165955024,137.044930473063,131.002058282291,134.141852273225,142.136510387704,118.88435169233,124.295103889386,128.153877979073,129.599478545475,108.63564482836,115.917972989303,157.974255073313,153.085269313372,119.815965235724,110.651658620732,115.913691469247,125.209322899662,133.368006959943,139.393394375409,130.850132114123
Belarus,BLR,Exports of goods and services (% of GDP),NE.EXP.GNFS.ZS,49.6651647817599,46.3498037416792,59.8598805986424,59.0511292994057,59.2033413701759,69.2108213448948,66.7476067360771,63.6275159440361,65.156379906358,67.8863333586708,59.7978087236099,60.0613117690842,60.9430527153212,60.9377552183976,48.8764618241933,51.3728853529564,78.4653615193087,78.7769072783938,58.3335781066769,54.941113689671,58.0102324546769,62.5093471231924,66.7899156485229,70.4545454545455,65.0944096428465
Belarus,BLR,GDP growth (annual %),NY.GDP.MKTP.KD.ZG,-10.4000005284964,2.80000462766883,11.4000054580737,8.39999134340503,3.39999924144169,5.80000336082973,4.72530604998076,5.04526750544755,7.04319251194431,11.449743057227,9.40000158864025,9.99999472133968,8.60000659901785,10.199999472722,0.199995249384855,7.79826683524436,5.37870750437234,1.68713553434753,1.0034707715852,1.7262099894002,-3.82966307070085,-2.52583140897062,2.53162368036521,3.14963949909348,1.44620667102681
Belarus,BLR,Tax revenue (% of GDP),GC.TAX.TOTL.GD.ZS,19.8876469280001,18.7997748111698,20.7345909549383,17.1123289388046,16.6724761934976,16.6247345026167,15.7546642442876,14.2010383230738,17.6881219095961,18.3713469008917,20.1496562779039,22.2230966228065,23.7266987288672,25.3533892055523,18.6294706290955,16.321438373621,14.5090725642403,14.6629750334495,13.3549628478795,12.6977670733069,14.1730645144923,13.7882356123814,13.0190302331959,14.67253298414,13.3015160119125
Belarus,BLR,Crop production index (2014-2016 = 100),AG.PRD.CROP.XD,86.28,95.45,78.56,74.05,67.11,81.82,78.91,82.2,87.31,104.53,93.56,96.02,101.69,116.71,108.38,103.61,98,107.23,93.12,108.07,97.84,94.09,101.3,91.5,96.1
Belarus,BLR,"Foreign direct investment, net inflows (% of GDP)",BX.KLT.DINV.WD.GD.ZS,0.105222276220522,0.708145893170836,2.48821961126407,1.3349667668811,3.6578605079073,0.93273178742692,0.775405864952368,1.69305705420781,0.963790820679998,0.707817258030317,1.01489264466989,0.966130137383779,3.99176494489288,3.60135661387402,3.68858496262614,2.43465600372626,6.48031997656593,2.22818019245943,2.97388136295762,2.36256024522518,2.92676157012568,2.61275643208459,2.33219360612021,2.3762653793329,1.97686317571178
Belarus,BLR,Fuel exports (% of merchandise exports),TX.VAL.FUEL.ZS.UN,..,..,..,7.78247560370978,9.06345784556698,19.8121417383218,17.7781531368295,20.2522119679159,22.0611954944767,26.8898936681252,34.7813440418958,38.31545746177,35.0680059075822,37.1188986398407,37.44466887987,27.7492513357239,35.0487528909667,35.5859989815444,32.372417741947,33.4920515927579,29.1387059964971,20.5995665315743,23.5673852175462,25.1356889584766,20.6985181763427
Belgium,BEL,Trade (% of GDP),NE.TRD.GNFS.ZS,116.378567821327,119.212775757383,125.68894005618,124.709122626318,125.169990540949,142.230135067034,139.576839834619,136.085149488081,132.715552833888,136.918405348432,144.529050669983,149.567509299511,152.468446875303,161.088447790447,135.406040531897,149.997673074386,161.493723664633,160.746030229324,157.850845041743,158.783215919076,154.192546509323,157.66502598438,165.32583634966,166.494787097425,164.166215073989
Belgium,BEL,Exports of goods and services (% of GDP),NE.EXP.GNFS.ZS,60.1143717180605,61.1923909558718,64.7865810804479,64.1743450154283,64.5630595160862,72.5473951580567,71.6119589202939,70.8312976956765,69.0365085088844,70.906277447218,74.2828289213953,76.8049970552189,78.3018047028263,80.8806199752035,68.8340037082276,75.8500644792464,80.6973629124622,80.4044905064987,79.3243484015476,79.801009073623,77.8052821516798,79.4296154739536,83.1824102499921,83.0796294670067,82.3971820616943
Belgium,BEL,GDP growth (annual %),NY.GDP.MKTP.KD.ZG,2.38475727961249,1.32145093041325,3.79365762950188,1.96180827198427,3.54274346363066,3.71667938420875,1.09961888777849,1.70688458453354,1.03798254902905,3.5712043433582,2.32173705381926,2.55234994366351,3.67688113594973,0.446928735275904,-2.02074306169408,2.86429270764155,1.69451389861332,0.739217283058679,0.459242192907709,1.57853314322614,2.04145900919961,1.26668640902095,1.6195802783878,1.79294519302076,2.24083533103139
Belgium,BEL,Tax revenue (% of GDP),GC.TAX.TOTL.GD.ZS,25.62241940319,26.0298916733672,26.5670243171063,27.1630417867819,27.0095118766394,27.2747413568488,26.7865121102057,25.712345094836,25.0766180109402,25.5379612606576,25.4713299290151,25.2877504793919,24.7885375338784,25.2541698756848,23.7814627872664,24.4682424221396,24.9366568094395,25.8241412500612,26.1908470779882,26.1345254492953,24.3545378057285,22.8423291844664,23.4482589712933,24.0085660105362,22.6341104905571
Belgium,BEL,Crop production index (2014-2016 = 100),AG.PRD.CROP.XD,..,..,..,..,..,96.95,84.94,94,93.45,104.21,96.67,88.66,94.07,91.58,98.8,100.25,101.77,91.05,97.7,109.39,99.94,90.67,102.1,86.86,99.86
Belgium,BEL,"Foreign direct investment, net inflows (% of GDP)",BX.KLT.DINV.WD.GD.ZS,3.71102444734668,5.03718760952012,4.74788988021558,8.77679407696031,46.3484571485071,37.4753122979087,37.2564694834172,7.01242443993657,10.8648744877518,12.0521106747569,8.72717720186463,14.4078713936676,20.5026740062328,36.8029204549977,16.0070029161629,26.0669819962462,31.265983348903,2.38036960149692,-5.68061237430678,-2.84014749508768,-4.22079695282357,12.0862954763607,-7.41675753843461,-7.65717995735734,-3.98979364981819
Belgium,BEL,Fuel exports (% of merchandise exports),TX.VAL.FUEL.ZS.UN,..,..,..,..,2.9046796708585,4.57326410348979,4.01544181292639,4.34668748676423,5.34845991089838,5.76918485611779,7.07173210089715,7.94534285062889,7.08101586489845,9.30589462902827,7.51109808223464,10.3739901023143,12.1931618935507,13.0325708988809,13.3095614294528,11.412711291998,8.79106425780424,6.4322902040803,7.24844554179977,8.57049718783793,7.37737113355612
Belize,BLZ,Trade (% of GDP),NE.TRD.GNFS.ZS,77.5355409433284,79.7740947952406,85.652366215132,85.5135335903622,93.5850281975377,96.8896998883126,93.4748164897993,93.3686306091612,94.7177601941213,86.7526390287779,93.3868420920502,99.2715376919628,96.3494968769331,105.859628694106,89.9292733716488,95.3991461733427,107.664125328037,112.195519720512,109.394713895001,107.773632947903,103.994418450856,96.4572600628323,97.6798171423072,100.686512848596,102.201303476517
Belize,BLZ,Exports of goods and services (% of GDP),NE.EXP.GNFS.ZS,40.3245937342429,41.8562320137095,43.897973893475,43.2833993248943,44.1983793131592,42.9981676124241,42.026886369464,43.7571530304305,44.7365546572543,42.4648941854632,45.9209177877819,52.0069674657357,50.7876700923908,54.0427711321899,45.6210616549063,50.9139405120131,57.1195088369761,59.8755565072739,56.3961153734556,55.8347735811878,51.5288427541256,47.2863952229545,49.7956096981231,51.5800710305332,51.8967694718585
Belize,BLZ,GDP growth (annual %),NY.GDP.MKTP.KD.ZG,0.731558306152877,1.1053063542082,4.23461651345727,3.89302166252752,9.42319137710659,12.2406140290649,4.99356330230461,5.3990721050487,9.66522532391241,4.78066578300403,2.21918927117144,4.5114554419801,3.297024122697,-1.53859392110355,-0.450692253865967,1.23995291537476,-0.298181524565479,3.6615993816965,4.43764383676776,4.00531831673186,3.22549309143569,-0.0110344145780772,-1.81336514835535,1.05559823069711,4.23623453555723
Belize,BLZ,Tax revenue (% of GDP),GC.TAX.TOTL.GD.ZS,14.2431957804306,14.7746074467371,14.7677968115259,14.6479293352581,12.7902169364935,13.0722728559784,13.9587017550432,14.5138595511658,14.5695981904909,14.9187678607188,16.1682153601762,16.7411481496316,17.4099288235158,17.1473989447113,17.8749785287884,18.9567955282992,18.4492581725954,18.5328479140612,18.5942780122559,19.9851549461116,19.691216041693,20.6345477525111,21.3406989932192,..,..
Belize,BLZ,Crop production index (2014-2016 = 100),AG.PRD.CROP.XD,74.62,80.99,89.86,82.59,90.33,105.26,101.21,89.33,91.7,104.23,108.95,105.45,104.77,101.61,101.43,101.1,91.31,112.25,101.46,104.03,102.26,93.71,103.24,95.73,93.17
Belize,BLZ,"Foreign direct investment, net inflows (% of GDP)",BX.KLT.DINV.WD.GD.ZS,2.57810361778127,1.95471549778487,1.37277917128766,1.90491453219893,5.88535653468239,2.60537349876593,5.23700230038642,2.05322212805366,-0.838185345544295,7.99671851494841,8.64413142209728,6.86958966256041,8.26109675267363,9.79654350461386,6.47289988421138,5.54605971573942,5.24229441931113,10.2237997646127,4.56274968416473,6.63946780032499,2.69371545694887,1.46092588258234,1.40433712392807,5.32285070919868,3.93457925829276
Belize,BLZ,Fuel exports (% of merchandise exports),TX.VAL.FUEL.ZS.UN,0,0.000346465743974554,0,0,45.6164120436762,0,..,..,0,0,9.66092252654547E-05,16.5478630134207,28.2080349952341,40.2623125180607,25.8085704366833,37.1944862769906,44.5580996301928,27.4551312552667,20.9670865539507,16.6705063912502,6.83236378761448,5.65364617406328,5.15055462425894,6.265705329514,4.94490512811091
Benin,BEN,Trade (% of GDP),NE.TRD.GNFS.ZS,63.800140010475,56.5177914456367,58.7116296113966,59.5936252981433,54.3917891538957,47.3481515012844,48.2571706392197,43.7684225364311,41.6162305574334,39.9029743365096,39.0959311879142,39.7746987128551,49.1137841529705,47.7753592695169,44.7026290629806,51.4308599492924,47.2170288118403,50.7367367791134,59.2001918331875,65.2682749404551,56.7563131849476,58.9869283378276,61.4765969588474,61.7951944903448,63.68133231423
Benin,BEN,Exports of goods and services (% of GDP),NE.EXP.GNFS.ZS,27.3689425027528,26.4988115545834,27.1761345944549,27.0929395510065,23.0095307947819,20.6053025489554,19.8685788115524,19.726610778332,18.6442972500831,18.5135475659125,18.483639980467,18.057925712964,22.0428531154363,22.14072026628,19.9279668393882,23.0720480670551,20.8496515031216,23.8967368670133,27.570565319312,31.4308411236325,24.7204512110389,27.6067880711982,27.2055947818832,27.2742306189085,29.6305271935478
Benin,BEN,GDP growth (annual %),NY.GDP.MKTP.KD.ZG,6.04519865041564,4.32428403131786,5.73468837521307,3.96101213832645,5.34144937204417,5.85771420543269,5.33313570603937,4.64303087074482,3.44357677591658,4.42968455385082,1.71316456361184,3.94373882815798,5.98634932177609,4.89657708429647,2.31929213912838,2.11406472648392,2.96375291904201,4.811223315688,7.19143372144946,6.35767909791932,1.77815106030278,3.33967342629693,5.67156195150444,6.69725362180888,6.86568662848335
Benin,BEN,Tax revenue (% of GDP),GC.TAX.TOTL.GD.ZS,..,..,..,..,..,..,..,..,..,..,..,..,..,..,..,..,..,..,..,..,..,..,..,..,..
Benin,BEN,Crop production index (2014-2016 = 100),AG.PRD.CROP.XD,43.08,48.31,51.29,52.1,55.74,57.3,58.82,67.84,65.17,69.9,63.45,57.39,59.98,72.28,74.79,75.76,83.11,88.88,97.66,103.67,92.24,104.08,110.4,117.21,124.72
Benin,BEN,"Foreign direct investment, net inflows (% of GDP)",BX.KLT.DINV.WD.GD.ZS,-0.356668640063887,-0.620945814843519,0.537109663360586,0.460029210413694,0.253298446675962,-0.36349075931042,0.456588183737808,-0.462423415216642,0.198870349303422,-0.658688596039682,-0.133820369489742,-0.175764667500162,1.70386973478895,0.492562990177947,-0.193121764606276,0.561144747750257,1.50844050539909,2.52705777310103,2.87863747120322,3.05420993339701,1.31501182120876,1.11488131010687,1.58170495079138,1.36073573349143,1.51631080442569
Benin,BEN,Fuel exports (% of merchandise exports),TX.VAL.FUEL.ZS.UN,..,..,..,1.19741565547244,0.654429029519205,..,0.00951042807393338,0.232344230707454,0,0,0,0.381017075307626,3.06388129136822,0.266725846929541,0.00831790015687306,0.0107280032335427,0.105567023678659,0.00511876177575908,0.00237065230925798,0.254303969330284,0.0143291813305386,0.046990129189722,0.0293425152703835,0.00438671659822245,0.0242825113208234
Bermuda,BMU,Trade (% of GDP),NE.TRD.GNFS.ZS,..,..,..,..,..,..,..,..,..,..,..,..,..,..,..,74.595080341836,76.2704368073774,73.7823030616219,76.2701066974999,76.5167474588353,73.2954985174785,72.7499093828891,72.3924284503794,77.5552703807388,77.5601016506443
Bermuda,BMU,Exports of goods and services (% of GDP),NE.EXP.GNFS.ZS,..,..,..,..,..,..,..,..,..,..,..,..,..,..,..,50.7949927394964,52.5392419809555,50.5125436879565,51.6131910947459,51.1612432078139,49.9708394613543,49.3300565760921,48.5381492501872,51.4791563825902,51.7434243981752
Bermuda,BMU,GDP growth (annual %),NY.GDP.MKTP.KD.ZG,4.39914832996426,2.60047542898441,4.60000084263363,3.90000009423035,3.38264701972184,9.31715641086083,7.22243553752608,-1.47779059768867,3.41070667687531,2.32126722323136,1.67420611410508,5.5438663804406,3.34513970877607,-1.86595582635186,-5.6266977105161,-2.50287828947368,-3.74274431740703,-5.30529910675297,-0.279708545423034,-3.70106759364258,0.775529699568978,-0.657206304259205,3.61141983706115,-0.432801300339307,0.306266735233933
Bermuda,BMU,Tax revenue (% of GDP),GC.TAX.TOTL.GD.ZS,..,..,..,..,..,..,..,..,..,..,..,..,..,..,..,..,..,..,..,..,..,..,..,..,..
Bermuda,BMU,Crop production index (2014-2016 = 100),AG.PRD.CROP.XD,..,..,..,..,..,..,..,..,..,..,..,..,..,..,..,..,..,..,..,..,..,..,..,..,..
Bermuda,BMU,"Foreign direct investment, net inflows (% of GDP)",BX.KLT.DINV.WD.GD.ZS,..,..,1.18315877479306,3.28036622557932,1.81985920606612,1.92229282122763,1.13572049918448,0.137152331538839,0.308131445530601,18.543033953419,0.897674181658031,-1.43505859375,9.12004716705005,2.45744472252848,-1.06291792617825,3.3568408029942,-4.08488216132165,0.746514450097399,0.849151218045338,-0.0534057831746824,-2.15032691390736,-1.06108315938513,-4.03383539732899,1.32046326053902,0.0591344675296509
Bermuda,BMU,Fuel exports (% of merchandise exports),TX.VAL.FUEL.ZS.UN,..,..,..,..,..,..,..,..,..,..,..,..,..,..,..,..,..,6.32006619145502,..,..,0.0476663771117887,0.188436539399564,0.151351973732955,0.05428059229872,0.0105468909554335
Bhutan,BTN,Trade (% of GDP),NE.TRD.GNFS.ZS,83.8829086495551,84.629491433895,85.2114372285036,85.5831350923996,85.866205982457,80.3534551450573,76.4274859327885,75.4770985277337,78.6308037285846,95.944310220905,105.524232171015,116.549782379648,114.933803232835,109.403262505268,109.569557994505,115.924496111725,114.400833381894,104.186841823183,105.199306422113,96.3256143683133,97.88095484199,83.4088850323327,76.7883977356702,79.7397210045159,76.1235174155789
Bhutan,BTN,Exports of goods and services (% of GDP),NE.EXP.GNFS.ZS,39.4058307240615,37.0068223521095,37.3014697549024,34.3296793518192,32.6549090148802,30.3942102191196,27.1358734702224,24.6140541985654,26.2891518430741,31.9438827280808,39.3023404705545,55.8338446782829,56.2757559960078,50.0031947316526,45.8156747029841,43.4806924237471,42.2049152810839,39.6473523128011,41.4302253684447,37.4519506597056,34.4356493984662,29.6169744797177,28.4464056231046,29.1897197933938,31.4575059002767
Bhutan,BTN,GDP growth (annual %),NY.GDP.MKTP.KD.ZG,7.07411727794502,5.56517286212038,5.37383851914493,5.91403083461981,7.98397202183318,3.35506828474026,8.3489544828285,10.992281843751,7.82330236149737,6.00874223613266,7.28724935218695,6.99973809500918,18.3608540555452,4.79946061155898,6.74833374849757,11.945895998376,7.98261704055838,5.1184008580055,2.11997263298187,5.77649568013734,6.64223210535519,8.12703353838936,4.65183467529613,3.50187183723874,5.75514850618227
Bhutan,BTN,Tax revenue (% of GDP),GC.TAX.TOTL.GD.ZS,6.89825503766094,7.85249702894329,6.79327260704803,8.31144869899844,7.36250647127559,10.3646493437978,8.80298563620384,9.5368537421892,9.64434722743534,7.90960328140895,8.57626825591557,9.26571275566499,7.69828607011819,8.62515392606498,9.46561850608389,13.4615326355097,13.8352247016866,15.0542417161478,14.7226979126826,13.6986506986787,13.2620386193551,12.9794732034214,11.8591940175874,15.8040236267891,14.4975535744767
Bhutan,BTN,Crop production index (2014-2016 = 100),AG.PRD.CROP.XD,74.37,73.55,70.77,67.87,64.4,54.03,55.42,53.68,58.41,69.9,104.86,113.55,110.85,91.04,83.3,86.8,108.07,93.06,91.01,94.85,95.7,109.45,106.29,88.02,94.25
Bhutan,BTN,"Foreign direct investment, net inflows (% of GDP)",BX.KLT.DINV.WD.GD.ZS,0.0172122381711195,0.461424321449963,-0.198734302841513,..,0.263021613542194,..,..,0.465667640064738,0.557998347062709,1.29800837853609,0.779342921778761,0.699745591874473,6.32160321158959,0.256065913099716,1.48294026089837,4.86269063118315,1.75238139480964,1.36871637746036,1.16350441253451,1.23407532482092,0.321968657810016,0.550454750575213,-0.638806340969476,0.102559426819443,0.475617070464636
Bhutan,BTN,Fuel exports (% of merchandise exports),TX.VAL.FUEL.ZS.UN,..,..,..,30.9944017021552,41.9416767488815,..,..,..,..,..,30.9371095810558,27.1858253436532,36.5144600023802,48.9175130454485,42.4687234160254,1.17938116636528,1.32603384643971,32.9166462100962,..,..,..,..,..,..,..
Bolivia,BOL,Trade (% of GDP),NE.TRD.GNFS.ZS,49.737987097898,49.8562913723023,50.4696628058748,52.2811629581228,44.1682564870165,45.5977750218555,45.2278224315522,49.3502603725957,51.967836443987,57.4642660901316,67.6419413613743,74.537848431547,76.0619114476148,82.8670208961798,68.6270739127592,75.5116262512877,82.4803954243518,84.9487611684942,81.2309075267174,85.2644695625131,67.9328451905248,56.4010345026573,56.7046527566598,57.1099646119643,56.3973067281247
Bolivia,BOL,Exports of goods and services (% of GDP),NE.EXP.GNFS.ZS,22.5514216225024,22.5818705788073,21.1106028890051,19.6986848946719,16.8808993524959,18.2747449737713,19.972149230267,21.6344550841802,25.6007344519017,31.1383905185998,35.5481429306567,41.771714268103,41.7956567530236,44.9065559925589,35.7226248254274,41.1874561416131,44.0917018533308,47.1661966249317,44.0924795250944,43.2930879909317,30.8682960291245,24.4880055394464,24.9041443675799,25.9887950588635,24.9672622840166
Bolivia,BOL,GDP growth (annual %),NY.GDP.MKTP.KD.ZG,4.67827659709971,4.36134195244576,4.95420874299721,5.02935475543072,0.426885422588825,2.50781080899483,1.68379912721825,2.48556573783829,2.71133983700673,4.17329558916248,4.42143312687979,4.79700882356067,4.56438426887887,6.14849787462164,3.35699957430565,4.1267225910567,5.204092443086,5.12227558091757,6.79601142810841,5.46056950635136,4.85718717971413,4.26392086382113,4.19520633360395,4.22362365271844,2.21670563961031
Bolivia,BOL,Tax revenue (% of GDP),GC.TAX.TOTL.GD.ZS,9.72232949409585,12.2938525238754,12.6203460249816,13.5465291507295,12.0397851865925,12.3308028811412,11.7825460461138,13.1841049760332,12.9730003183325,15.0163488014671,16.2151641027597,16.8161681623874,16.9648657379261,..,..,..,..,..,..,..,..,..,..,..,..
Bolivia,BOL,Crop production index (2014-2016 = 100),AG.PRD.CROP.XD,48.69,51.01,52.26,53.43,53.83,56.4,57.61,60.21,63.85,62.05,66.18,68.06,68.03,68.11,80.9,75.51,77.19,88.93,93.33,96.23,102.41,101.36,95.23,107.97,107.81
Bolivia,BOL,"Foreign direct investment, net inflows (% of GDP)",BX.KLT.DINV.WD.GD.ZS,5.847960416432,6.40939922529255,9.21807040100919,11.1715280663643,12.196646241927,8.76830997312938,8.66860569359696,8.55789350643914,2.442343967183,0.745772608696722,-2.49886824544741,2.45168756123775,2.79185385749299,3.07261074755318,2.43967814560444,3.16542867647895,3.58442251378885,3.91355014614083,5.70662211902913,1.98982485629696,1.68072787961335,0.988080149462259,1.89949328085862,0.750524780939579,-0.529735011311977
Bolivia,BOL,Fuel exports (% of merchandise exports),TX.VAL.FUEL.ZS.UN,12.9404641892439,13.0738735089195,8.41558907225538,7.28497112896233,5.26722651510801,12.1942402416879,22.4397697760694,24.9742676784933,30.1389419296459,37.5739969111581,47.8301459653094,48.8382325972114,47.5095338694939,51.1866049934702,39.5433516744626,43.2688115125649,45.3581817460597,50.0146584363154,54.5398474110676,51.740358250386,46.1471961581206,31.1663267980126,33.2474626156162,34.8526923233055,32.0714901886577
Bosnia and Herzegovina,BIH,Trade (% of GDP),NE.TRD.GNFS.ZS,91.8796126648453,107.500043530726,100.630964756317,125.666609057011,121.820541564193,85.3577431341788,86.0357326558687,78.727479488695,80.5694572639365,81.8126836247759,84.3554628217984,79.8299477752016,83.551858889163,86.1628798430504,73.7474942255023,80.9682159626823,87.8363477136556,88.1451088628529,87.9312413116757,90.5522806874185,88.2919898407608,88.2440351685547,96.6458791411189,98.4320911961869,94.5161278874242
Bosnia and Herzegovina,BIH,Exports of goods and services (% of GDP),NE.EXP.GNFS.ZS,20.4117390235021,23.617706247983,27.8336349003353,27.3031972254601,27.6439467786027,21.883818745472,22.0687196480326,19.1260121626731,20.5879852303156,22.5362423993153,24.3164228910803,26.2583452015481,27.1015554443826,26.8480689241931,25.0093787853569,29.6955421868204,32.0359718110398,32.3505414379409,33.7430468198782,33.9891201082484,35.1148756307611,35.9087093866022,40.3244111739223,41.9845635628313,40.0400711149533
Bosnia and Herzegovina,BIH,GDP growth (annual %),NY.GDP.MKTP.KD.ZG,20.7999975418612,88.9576661832792,34.3895740516872,15.5999966854232,9.59999971642276,12.7654694578883,2.42331317180992,5.02744420733983,3.8671387951343,6.32526616861466,3.89717798992193,5.41400357079434,5.85712634217094,5.44383103450177,-3.00445593013346,0.865669260237084,0.959511247241267,-0.821836474216894,2.3498566632458,1.15385109200403,4.31475061116335,3.24225521171914,3.24410095889466,3.82749920546897,2.88734334414875
Bosnia and Herzegovina,BIH,Tax revenue (% of GDP),GC.TAX.TOTL.GD.ZS,..,..,..,..,..,..,..,..,..,..,19.8860927318636,21.6899552066421,21.3942700368894,20.3021134980364,18.9462859840219,19.685676403117,20.3056652821355,20.4775399413527,19.751544642443,19.777901772831,19.7000100398431,19.7137455722415,19.9876498649,20.1410225354777,19.8265971899192
Bosnia and Herzegovina,BIH,Crop production index (2014-2016 = 100),AG.PRD.CROP.XD,62.75,65.97,81,87.37,86,68,77.04,83.29,73.34,102.19,96.91,99.72,92.89,101.68,104.92,95.42,97.55,82.24,105.87,83.5,98.45,118.05,95.06,127.66,115.28
Bosnia and Herzegovina,BIH,"Foreign direct investment, net inflows (% of GDP)",BX.KLT.DINV.WD.GD.ZS,..,..,..,1.62108640132628,3.7723201862043,2.62359146003394,2.04280425934339,3.97979753441333,4.49216828974651,8.75886039736336,5.55844401745043,6.57577358932059,11.6737641903939,5.25748627826678,0.786371182353609,2.5840244914247,2.52952738058176,2.27539881306156,1.72337938246778,2.93590262269064,2.33529302949791,1.82975697484525,2.77975919041996,2.93781358415463,2.18661377542075
Bosnia and Herzegovina,BIH,Fuel exports (% of merchandise exports),TX.VAL.FUEL.ZS.UN,..,..,..,..,..,..,..,..,4.48109797542237,7.81576837018185,8.88360780875633,8.17226318795492,7.91883942765507,9.80567590825645,13.1911783291495,15.0867153640478,13.9727649944684,8.96086345617272,11.384896219285,9.60102258416342,7.01000092060972,6.79971818242652,8.36280425942988,9.78065848601169,8.09164661465603
Botswana,BWA,Trade (% of GDP),NE.TRD.GNFS.ZS,94.595171646002,90.955575275056,108.604415150755,101.841039320292,98.9290812021418,91.924729689918,87.5250655680957,91.8357740585774,85.8340425151264,90.9978228872631,88.5053520573505,86.612433913524,98.4965249407252,99.008222007989,88.4807886337378,94.6390020873926,98.9614677801469,111.875280620952,125.78303991122,119.497541791464,112.900891016005,100.464689766026,81.9239513763494,87.4551039946493,83.0929813601175
Botswana,BWA,Exports of goods and services (% of GDP),NE.EXP.GNFS.ZS,50.8364978420338,53.828444483056,60.8807385501806,49.2891721003754,55.1972682896055,51.8318100701299,48.6576082380348,52.1574267782427,48.8268578340104,49.6137877815052,52.9235535447696,51.7808267603935,56.479962927168,46.946904660995,35.8336618587618,42.1443315144427,44.2363979167201,48.11502383229,61.3797617461963,61.2829678934065,53.0908973428197,54.6113547604529,42.9200424885539,44.2281439237392,37.0878176552067
Botswana,BWA,GDP growth (annual %),NY.GDP.MKTP.KD.ZG,7.03041024834083,5.82980001379714,8.32589088396591,0.443663586075374,9.66724070276106,1.98769583378552,0.250573949689084,6.06953087648317,4.62589474959299,2.70582170611173,4.55664565323181,8.36387109282306,5.79255577727118,3.25207295796832,-14.1442346163423,10.1222091179732,6.83852974803483,-0.170900761456892,11.1028237779771,5.69477738185952,-4.85133564036167,7.20442475914267,4.1143636634186,4.18809355373698,3.0322025744566
Botswana,BWA,Tax revenue (% of GDP),GC.TAX.TOTL.GD.ZS,16.7657958548749,14.9371078939367,..,..,..,..,..,..,..,..,..,27.5264402404069,26.6174562731084,27.9208998753179,27.6868140219818,23.8833642056949,24.0453261607064,28.0365776616041,26.7403906303594,27.0928299660417,26.3110988512498,21.6300553227647,23.9334963141963,21.740494569157,21.0985509979513
Botswana,BWA,Crop production index (2014-2016 = 100),AG.PRD.CROP.XD,72.52,86.32,70.19,59.14,63.62,66.93,68.8,73,74.52,70.56,75.5,75.93,73.17,81.08,81.25,90.82,107.55,83.86,76.73,93.14,104.08,102.78,101.74,134.93,115.65
Botswana,BWA,"Foreign direct investment, net inflows (% of GDP)",BX.KLT.DINV.WD.GD.ZS,1.48846306653149,1.46835552021692,1.99411258650839,1.98974016992689,0.668732762510089,0.987700169396242,0.558884523880212,7.50151858437683,5.56528127484831,4.36383657370126,4.24294905100869,4.9088146939669,4.68081345012341,4.85440497340623,2.06256005196385,1.72806134798711,1.94040749024403,1.05040106491218,0.470417841005353,3.33019730942426,2.79773267452093,0.944944845626166,1.61796087709719,1.67893386448585,0.559653480699367
Botswana,BWA,Fuel exports (% of merchandise exports),TX.VAL.FUEL.ZS.UN,..,..,..,..,..,0.0812633784679619,0.0699314638176989,0.0150951291427821,0.0387045498035168,0.0353663109506885,0.0896670943319664,0.139035466262334,0.248985732334312,0.340599661785936,0.31937447565658,0.183842399501106,0.671535557865948,0.983536494063304,0.683199567864681,0.721388991597743,0.499566774779798,0.170072931434849,0.150108239700374,0.189801103867325,0.293031074710632
Brazil,BRA,Trade (% of GDP),NE.TRD.GNFS.ZS,16.9844599991956,15.6355914758682,16.5762092613247,16.4385849312059,20.9821664782285,22.6397613567941,26.936285022064,27.6183574022309,28.1403847231593,29.6782524787535,27.0867952147935,26.0416998853051,25.2926113736798,27.2575694196952,22.1059756017065,22.7721781120049,23.9344051776102,25.1142736128073,25.7859573255328,24.6854058183204,26.9536259360114,24.5336820804399,24.3197343746749,28.8762033745466,28.8902578692948
Brazil,BRA,Exports of goods and services (% of GDP),NE.EXP.GNFS.ZS,7.52887503847073,6.73020968312685,6.98364957530895,7.03050033871807,9.5648982609794,10.1880480043795,12.37171066993,14.2305902713775,15.1807837086861,16.5457615119353,15.2438292672646,14.3743163003006,13.327675103099,13.5340005124035,10.851371134098,10.8655847746965,11.5825126759958,11.8775390673678,11.7422306432624,11.0119428225147,12.9001914177405,12.4666790443888,12.5189678700669,14.6349994952986,14.1229191903622
Brazil,BRA,GDP growth (annual %),NY.GDP.MKTP.KD.ZG,4.22379363350413,2.20886405039022,3.39484598630671,0.338097901207306,0.467937566477133,4.38794944745618,1.38989640095637,3.05346185909312,1.14082899824888,5.75996463670954,3.20213206130431,3.96198871122617,6.06987060678338,5.09419544658736,-0.125812002161169,7.52822581815364,3.97442307944702,1.92117598576537,3.00482266944432,0.503955740242247,-3.54576339269425,-3.27591690782192,1.32286905404399,1.783666761634,1.22077782360842
Brazil,BRA,Tax revenue (% of GDP),GC.TAX.TOTL.GD.ZS,..,..,..,..,..,..,..,..,..,..,..,..,..,..,..,14.2495759565686,14.8512987831907,14.332411090207,14.1253057430265,13.4900745188201,13.6296293654077,13.7104309816062,13.605228515206,13.9401079935106,13.7376948362641
Brazil,BRA,Crop production index (2014-2016 = 100),AG.PRD.CROP.XD,48.47,45.66,48.85,49.76,52.97,54.08,57.35,61.1,66.5,69.09,68.13,71.77,77.96,84.62,82.38,88.04,93.81,90.84,97.55,98.95,102.69,98.36,109.36,109.71,111.98
Brazil,BRA,"Foreign direct investment, net inflows (% of GDP)",BX.KLT.DINV.WD.GD.ZS,0.631586020354494,1.47596541135756,2.15045305915354,3.34088809328503,4.73377022686194,5.03391680528314,4.14759377398385,3.25358061271527,1.81340052439306,2.71353166307823,1.73389354610707,1.75312570318945,3.19082601285064,2.99060946913286,1.88848224084392,3.73001288331747,3.91518011396487,3.75496285610022,3.04150901601519,3.57135266957477,3.59214931773371,4.13737803912088,3.33825981744108,4.07748668070066,3.69267321290506
Brazil,BRA,Fuel exports (% of merchandise exports),TX.VAL.FUEL.ZS.UN,0.883010356694704,0.881497348161001,0.601043144053385,0.690670677236703,0.841946049642259,1.64799481860444,3.58999518895038,4.88298916852666,5.18581641390888,4.57386755418818,5.99044785506381,7.6849024441964,8.3200987153992,9.54679022247767,8.99747965310975,9.90018294064999,10.5615058710782,11.0241509437928,7.66385116284542,9.34729459467066,7.36062490155865,6.45092898767891,8.70889192124879,12.7686622344956,13.7087051192779
British Virgin Islands,VGB,Trade (% of GDP),NE.TRD.GNFS.ZS,..,..,..,..,..,..,..,..,..,..,..,..,..,..,..,..,..,..,..,..,..,..,..,..,..
British Virgin Islands,VGB,Exports of goods and services (% of GDP),NE.EXP.GNFS.ZS,..,..,..,..,..,..,..,..,..,..,..,..,..,..,..,..,..,..,..,..,..,..,..,..,..
British Virgin Islands,VGB,GDP growth (annual %),NY.GDP.MKTP.KD.ZG,..,..,..,..,..,..,..,..,..,..,..,..,..,..,..,..,..,..,..,..,..,..,..,..,..
British Virgin Islands,VGB,Tax revenue (% of GDP),GC.TAX.TOTL.GD.ZS,..,..,..,..,..,..,..,..,..,..,..,..,..,..,..,..,..,..,..,..,..,..,..,..,..
British Virgin Islands,VGB,Crop production index (2014-2016 = 100),AG.PRD.CROP.XD,..,..,..,..,..,..,..,..,..,..,..,..,..,..,..,..,..,..,..,..,..,..,..,..,..
British Virgin Islands,VGB,"Foreign direct investment, net inflows (% of GDP)",BX.KLT.DINV.WD.GD.ZS,..,..,..,..,..,..,..,..,..,..,..,..,..,..,..,..,..,..,..,..,..,..,..,..,..
British Virgin Islands,VGB,Fuel exports (% of merchandise exports),TX.VAL.FUEL.ZS.UN,..,..,..,..,..,..,..,..,..,..,..,..,..,..,..,..,..,..,..,..,..,..,..,..,..
Brunei Darussalam,BRN,Trade (% of GDP),NE.TRD.GNFS.ZS,115.543964232489,120.573963676695,115.67966826487,107.87610619469,104.219571630114,103.171625469555,108.718870678156,108.747969082215,105.258467568502,100.589570685232,97.4576166216243,96.9411493596989,95.7504672644039,105.913844072184,108.572636487672,95.3689459604066,99.5365403596103,105.641023977752,110.936878837404,102.420968814048,89.893790077624,87.3182670815342,85.1767490461377,93.8978590982859,108.509658357959
Brunei Darussalam,BRN,Exports of goods and services (% of GDP),NE.EXP.GNFS.ZS,59.7168405365127,59.93345348676,57.1854347544383,50.4719764011799,55.8163396178017,67.3543319201318,69.5253059297448,67.1218302942605,69.289251837004,68.7990469672454,70.1684471590321,71.7246979556453,67.8527507652301,78.2992366861295,72.7831762889702,67.407469234885,69.5060721795477,70.1612686589168,68.0418746411061,68.1770804483096,52.2105973675329,49.5769062738125,49.5732416988601,51.9331276945691,57.946040538108
Brunei Darussalam,BRN,GDP growth (annual %),NY.GDP.MKTP.KD.ZG,4.47870733983748,2.87831774721235,-1.47117157218257,-0.558508851097471,3.05215714160208,2.84942185782727,2.74404051765202,3.87209696704298,2.90395547653115,0.504318252687327,0.38750720823208,4.39771967752176,0.154581811742773,-1.93971463784671,-1.76453554132601,2.59896574643226,3.74531835205994,0.912841670964411,-2.12602851740175,-2.50835256644561,-0.392383749502031,-2.47791771833224,1.32860255161715,0.0522377907767719,3.86910986506845
Brunei Darussalam,BRN,Tax revenue (% of GDP),GC.TAX.TOTL.GD.ZS,..,..,..,..,..,..,..,..,..,..,..,..,..,..,..,..,..,..,..,..,..,..,..,..,..
Brunei Darussalam,BRN,Crop production index (2014-2016 = 100),AG.PRD.CROP.XD,65.33,68.99,66.96,64.18,74.14,83.96,86.04,88.45,91.76,100.67,90.58,81.16,80.94,82.66,85.36,88.22,91.21,92.17,94.48,97.26,98.13,104.61,103.44,98.64,98.27
Brunei Darussalam,BRN,"Foreign direct investment, net inflows (% of GDP)",BX.KLT.DINV.WD.GD.ZS,12.3098398421362,12.7769693276029,13.5019795573409,14.1503295943953,16.2576020895761,9.15816389178136,1.08363580052786,3.93047203509127,1.88826312971973,1.438045611737,1.83675167028945,0.765785258635404,2.10354744479814,1.54365209872544,3.03362632520526,3.50706002823664,3.7309877415387,4.54055752498246,4.28665973511225,3.35660795794307,1.32471234684473,-1.32056726982867,3.85818317072908,3.80485731593467,2.77118007919323
Brunei Darussalam,BRN,Fuel exports (% of merchandise exports),TX.VAL.FUEL.ZS.UN,..,..,91.1104636632408,88.5755438380849,..,..,95.306024184405,93.2257316553347,94.3811600976529,91.4092795877882,..,96.3258016729359,96.1451798351386,97.8151707911214,96.062176157783,95.1502661523966,95.4421661451048,95.7471803171174,96.5248430612585,92.5398767886258,92.979494935208,87.8814732122865,89.5672584666047,95.5632275089728,91.0923897567417
Bulgaria,BGR,Trade (% of GDP),NE.TRD.GNFS.ZS,55.2627350026692,85.8207914540411,86.4637364673225,77.0452030341,90.0749616578503,77.7457041594489,79.0813687477668,75.2696110143524,79.0138853713575,93.063897964183,99.7142112127381,111.04746275381,123.532557660753,124.688747515359,92.6926456036375,103.380522321192,117.41810388629,123.971322714174,129.688682986482,130.267991439052,126.735524668559,122.853879612233,129.739743496115,128.901612634046,124.688701193655
Bulgaria,BGR,Exports of goods and services (% of GDP),NE.EXP.GNFS.ZS,32.3395342237886,48.4970548282482,49.5761875420895,41.9413456624665,42.7497878044332,36.218856756011,34.8813174225009,33.6473037196123,34.4169458788193,40.9566402727565,42.5295657507757,46.9778786308931,52.3550343456585,52.4776590469711,42.2188500872454,50.0980449379877,58.7882075157955,60.3462746942784,64.5649786514052,64.5944223684434,63.807157120467,63.8820003964575,67.0133002681935,65.7095232799399,63.9454784589651
Bulgaria,BGR,GDP growth (annual %),NY.GDP.MKTP.KD.ZG,2.86201907177903,5.20539283221591,-14.1153807642086,3.78912136387723,-8.39609256986793,4.58722685869408,3.82370396508492,5.8719296097282,5.23715425251341,6.510425672373,7.0563496005182,6.80258960222969,6.65438762501466,6.1295587623277,-3.34714226298303,1.55535951301474,2.09017569644121,0.748814802957327,-0.542751313085674,0.949448520821818,3.39755387590648,3.02662839224124,2.74592725876734,2.69490655338835,4.03518894662498
Bulgaria,BGR,Tax revenue (% of GDP),GC.TAX.TOTL.GD.ZS,11.1566642653274,12.0685973776701,18.5226349001335,19.3755012747903,20.0322957340146,20.4579930652149,19.7804941270264,18.1476658113756,20.1151861523983,21.0295709865638,20.8855219915078,21.812020406639,21.7606132992206,21.9738798204441,18.5864986441581,17.8714315570459,17.8827151475731,18.3853352646645,19.6862822353302,19.5666207727537,20.0778036414442,20.3330299615082,20.523224655166,19.9126891715511,20.4828150913513
Bulgaria,BGR,Crop production index (2014-2016 = 100),AG.PRD.CROP.XD,98.85,69.42,84.58,78.51,77.05,67.67,74.03,79.76,69.07,90.51,66.98,71.88,53.3,82.73,75.48,87.54,87.97,78.03,102.83,101.26,97.03,101.71,108.23,108.07,110.9
Bulgaria,BGR,"Foreign direct investment, net inflows (% of GDP)",BX.KLT.DINV.WD.GD.ZS,0.476002812624199,0.886541779009016,4.46089004740716,3.57471417993882,6.00842885272015,7.56080761987916,5.73162685921139,5.51519461491359,9.91625852839807,11.7462386509689,13.7204790059912,22.9038783511231,31.2275318810773,18.8997638100667,7.4901573261348,3.63054818996133,3.64377871047417,3.2937399637389,3.56126116234701,1.91330024420873,4.37178262709924,2.75817770359404,3.3844183495399,2.7269193821993,3.22476396917176
Bulgaria,BGR,Fuel exports (% of merchandise exports),TX.VAL.FUEL.ZS.UN,..,6.50524222323851,7.5928837840656,6.23805886907848,7.00079503808986,11.6856232779917,8.96915499892763,6.00638403640999,5.81062664539214,7.99389645248731,10.3773641394536,13.2830276754215,14.6037717311894,16.0612007530944,12.5832487308852,13.2946322521776,13.1295451738625,16.170538450708,14.7266669664733,12.6042116928393,10.6156211238459,9.01291878207578,9.90937160148424,8.89258278500621,9.52834880232102
Burkina Faso,BFA,Trade (% of GDP),NE.TRD.GNFS.ZS,40.7474714183407,38.1802977691941,37.4164187803511,40.9397835752562,35.2548157814824,35.1229419704263,31.6581708148511,31.3125228527966,30.3682364077323,35.4809436017462,34.1721697681049,35.1065423554549,33.7797172895073,35.3853169801502,40.2959836735924,49.0732385398039,57.4972531038508,61.2386079818398,64.0358513024234,58.8235624937426,59.0891813101662,57.8931727994406,59.2687802020168,60.5956256236488,60.4086928806888
Burkina Faso,BFA,Exports of goods and services (% of GDP),NE.EXP.GNFS.ZS,14.1405565399915,10.5636052055707,10.8125309984677,12.8081030220056,8.35400550573099,8.8447174852677,9.0440827674193,8.86536563219181,9.22043165840572,10.8815873012951,9.84184747809064,10.9568635027021,10.3485422167992,10.1493270523848,13.7889708614234,20.5158488554008,26.1955005196271,26.5980854179657,27.0769854530325,26.932004154154,26.1076455357024,25.915964804251,26.4523856350501,28.0789061419219,29.2576956593294
Burkina Faso,BFA,GDP growth (annual %),NY.GDP.MKTP.KD.ZG,5.71637386269622,11.014743869558,6.31683473483768,7.30771963496896,7.39523780111931,1.88847388906525,6.61340574539679,4.35296382988099,7.80249388870359,4.47845213670386,8.66187322841225,6.25316468817478,4.11137901761516,5.79999174105387,2.96195085866692,8.44628157707625,6.62256261306693,6.45267237953146,5.79258484509867,4.32684561452976,3.9212287937935,5.95797670754024,6.20348941121868,6.60456906812341,5.4864554268367
Burkina Faso,BFA,Tax revenue (% of GDP),GC.TAX.TOTL.GD.ZS,..,..,..,..,..,..,..,9.66138376801539,9.86131120448803,11.2910196598144,10.4497340755746,10.7784082614218,11.2791891162773,10.5488763462348,11.1276317273501,11.3100646526483,12.2194913583116,13.889962428562,14.9486419589637,13.6638275123408,13.2802007024398,14.1391533049498,15.2607212259008,15.2924120845571,15.6406078650564
Burkina Faso,BFA,Crop production index (2014-2016 = 100),AG.PRD.CROP.XD,28.46,32.18,30.31,37.27,37.32,30.62,45.13,45.68,50.21,46.31,57,58.73,46.9,68.56,59.71,70.33,63.2,76.61,91.77,99.64,98.08,102.28,95.51,107.68,116.45
Burkina Faso,BFA,"Foreign direct investment, net inflows (% of GDP)",BX.KLT.DINV.WD.GD.ZS,0.412551104970852,0.627288498774844,0.398984037189206,0.15712269530732,0.233833746369286,0.778458204209359,0.196436736225631,0.414815890281992,0.614299292546035,0.263190306590613,0.84814587465402,1.28064578676022,0.284717939080865,0.351169723487995,0.599468939611006,0.384492219825665,1.19074493368625,2.62145990530181,3.64766773141753,2.56255154786841,1.95992715697748,3.04380349897539,0.0182370342122821,1.68919942943091,1.0164787374761
Burkina Faso,BFA,Fuel exports (% of merchandise exports),TX.VAL.FUEL.ZS.UN,0.101120098213443,0.142014873449478,1.58223155221651,1.10394621343436,1.0802573806444,3.15566795031426,2.91257051548022,0.000863672953402487,0.0392168571814168,0.0416741597040804,0.0190765863294542,..,11.5064923076897,13.9650548951695,9.91899952305688,2.81555837145725,2.34162617994846,3.1238196970916,4.62626483089881,5.31459733428775,1.52651159000758,0.423215904111974,0.469899649942029,0.828034728125843,0.61215287637241
Burundi,BDI,Trade (% of GDP),NE.TRD.GNFS.ZS,40.2046264145201,21.5737222729,24.2753792298716,27.4400299850075,23.5397452788757,22.5537244890286,20.9640456147222,21.6738294069666,27.3763120796107,31.5761181816532,35.0999988412936,42.4,38.7999987731993,47.1999995814015,35.8000035591914,39.5000053977394,43.0000028373483,43.7053731916201,46.6040790867655,42.995025805263,22.8382834157721,23.0437252570449,22.2402931011977,26.5997024647774,29.0262100000001
Burundi,BDI,Exports of goods and services (% of GDP),NE.EXP.GNFS.ZS,12.9263428540091,5.8203210186241,9.83547257876313,7.99975012493753,7.57575757575758,6.3189705942566,5.17920216470328,4.68580418118256,6.38141402548028,6.95274828690709,6.20000016552948,7.3,6.80000013631119,10.5000002616241,6.60000027378395,9.70000163931346,8.80000028373483,9.69609531952923,9.09525606883305,8.6960211937924,6.41727356534236,6.38452218976084,6.02657432870477,5.6856543143069,5.17204000000008
Burundi,BDI,GDP growth (annual %),NY.GDP.MKTP.KD.ZG,-7.92000000374772,-7.99999999794093,-1.58999999685828,4.74999999509613,-1.00999999649815,-0.856864058424151,2.05580710835243,4.44651941224797,-1.22372796023444,4.83365776809453,0.900000000901912,5.41380714491444,3.45194856381943,4.86171636712641,3.81274536633418,5.12415999439806,4.03259998844415,4.44670633111495,4.92418989834684,4.24065021402657,-3.9000000804855,-0.600000909116389,0.500001262429279,1.60993542127714,1.81256532326668
Burundi,BDI,Tax revenue (% of GDP),GC.TAX.TOTL.GD.ZS,16.6782065784591,13.4389965792474,11.4203617269545,14.3476586706647,13.5974418093983,..,..,..,..,..,..,..,..,..,..,..,..,..,..,..,..,..,..,..,..
Burundi,BDI,Crop production index (2014-2016 = 100),AG.PRD.CROP.XD,78.25,79.06,78.5,73.75,77.85,80.61,88.37,103.09,87.59,105.13,84.72,97.7,86.3,95.74,90.85,101.46,94.11,81,116.45,101.22,95.57,103.21,97.88,121.26,131.96
Burundi,BDI,"Foreign direct investment, net inflows (% of GDP)",BX.KLT.DINV.WD.GD.ZS,0.198107378489511,0,0,0,-0.0588051848971754,1.34215199239829,-0.0013048564735641,0,0,0.00488285714415742,0.0523404213217611,0.00248110542789526,0.0368858073302621,0.237816296916252,0.0195573004772572,0.0384119130803943,0.150056711459471,0.025925039024225,4.76125064193514,3.02120263415233,1.59867297285443,0.00209569343254139,0.0116197299255575,0.0368833867132797,0.040556947720545
Burundi,BDI,Fuel exports (% of merchandise exports),TX.VAL.FUEL.ZS.UN,..,..,..,..,..,..,..,..,0.321407693409308,0.00597765777574388,0.0334083588515563,0,3.78278962010338,0.795630709133161,1.39652274278431,2.0684971085204,0,9.34357775887626E-05,0.000195383873247424,0.0327702577800271,0.00472582866856188,0,0.00100690518773408,0.0120976852104859,0.000608940185484599
Cabo Verde,CPV,Trade (% of GDP),NE.TRD.GNFS.ZS,77.5155513809747,75.4899678573908,85.979346154719,81.8814137506275,80.9690199640443,87.5206083614917,92.1637224974152,101.089702293616,98.7683808076547,101.567169989502,104.343839857053,117.816697232822,94.2062075432498,90.9663882722365,80.4609561322904,85.5484498816191,90.5564501122747,90.649916554117,86.1698600308418,91.3038524117221,94.0085301423522,95.3781398609533,100.052133904219,105.867524052105,103.602656463726
Cabo Verde,CPV,Exports of goods and services (% of GDP),NE.EXP.GNFS.ZS,17.1369526898222,20.1991575607735,27.4417263018333,22.7961528751425,20.9759456250155,27.0072185431265,29.80941288281,32.5449567130458,31.3643511669509,32.004173065871,37.7773604608664,45.1322052608015,33.7458980966483,34.3404537542843,29.037829627441,30.2838226775205,32.8742610267506,37.4634532272165,37.5168385673901,37.2482924821867,41.1354523359312,41.4729487181747,42.0688035837608,45.865993464408,46.7050331370949
Cabo Verde,CPV,GDP growth (annual %),NY.GDP.MKTP.KD.ZG,14.2116362469634,11.3465247642174,11.1184260583756,12.5172857879884,11.2226484455351,14.2848688450919,2.23165454528898,5.25089116960211,4.17625932578332,10.197072633926,6.91245795720201,7.98375044795048,15.1706879735517,7.03901129565128,-1.50358672385678,1.83641914989978,3.92471821338283,1.08364848376166,0.632136727385131,0.696666840118581,0.936026507808833,4.28071482662371,4.5513148102974,3.70696458310842,6.94782634051859
Cabo Verde,CPV,Tax revenue (% of GDP),GC.TAX.TOTL.GD.ZS,..,..,..,..,..,..,..,..,..,..,21.0769713606117,22.7444438575378,19.175765528895,19.4194463721053,16.8832368813634,16.8202514060832,17.9870830170972,16.2810827268418,16.2703554620725,15.5325589020017,17.1355967789329,16.72530734415,17.803638365855,..,..
Cabo Verde,CPV,Crop production index (2014-2016 = 100),AG.PRD.CROP.XD,46.1,52.06,49.68,52.39,75.22,99.6,97.26,88.87,92.57,91.17,87.86,89.17,98.97,91.43,89.68,87.65,100.06,104.42,109.56,100.53,101.41,98.06,91.26,72.04,70.18
Cabo Verde,CPV,"Foreign direct investment, net inflows (% of GDP)",BX.KLT.DINV.WD.GD.ZS,5.37425869038076,5.68310475150469,2.35964256897109,1.3017068264142,9.10423779012784,6.34282422287077,1.60013112628632,2.37854487715664,4.82213415181345,7.312720061603,8.28122711096811,11.8764317277785,11.6247473388534,10.7624753520891,6.80241863090143,6.36802137795557,4.99538224029448,6.6912979999405,4.40125011545419,8.84407322092194,5.49024513305668,6.82845117867002,5.59469673480566,4.69595735976171,5.45788755667341
Cabo Verde,CPV,Fuel exports (% of merchandise exports),TX.VAL.FUEL.ZS.UN,..,..,0,0,0,0,..,..,..,..,0,0,0,..,0,0,0.000586435277576983,0,..,..,..,..,..,..,..
Cambodia,KHM,Trade (% of GDP),NE.TRD.GNFS.ZS,77.7667280459137,69.161566797509,78.9346444583816,75.6194730009492,94.1768880770207,111.609534092388,114.141051675983,119.692936083507,123.080812208436,134.511417364904,136.831930063269,144.614453507342,138.268146867472,133.320259379496,105.138475374769,113.603718236298,113.581843529073,120.597437505889,130.046486673911,129.612232309913,127.864066995687,126.950028976291,124.787773547664,124.898612833123,123.556523773641
Cambodia,KHM,Exports of goods and services (% of GDP),NE.EXP.GNFS.ZS,31.1841815310837,25.3640067394433,33.6169355760717,31.238145793248,40.5441861780561,49.8462352285229,52.541247183165,55.4221331359543,56.5204703512745,63.6058950056544,64.0847072542854,68.5932451248345,65.3259680492127,65.5432507020174,49.2207635022754,54.0827827924467,54.080755913895,57.8897645355038,62.387935798998,62.6034741721539,61.7184237580141,61.2815249299622,60.6819578069221,61.5957275123247,61.0912965254955
Cambodia,KHM,GDP growth (annual %),NY.GDP.MKTP.KD.ZG,9.90346890109399,5.89750560672952,4.00662107898111,4.68163210424272,12.7053811379871,9.99358032294613,8.14838609677599,6.57893949872768,8.50589556031385,10.3405287733229,13.2500869149454,10.7710836693663,10.2125739144392,6.69157747619946,0.0866969592693891,5.96307857286416,7.06956994629047,7.31334550565219,7.35666514861452,7.14257110024776,6.96579781650981,6.93331397162559,6.99690369958998,7.46916920803093,7.05410693152042
Cambodia,KHM,Tax revenue (% of GDP),GC.TAX.TOTL.GD.ZS,..,..,..,..,..,..,..,8.17291127383526,7.53784441557312,8.11726503546116,7.89324276860573,8.17882206896914,9.6969792647982,10.5551963608877,9.64778105021971,10.003040138155,10.1546928691058,11.0824863489648,12.0788529603295,14.6266308889053,14.5828781049039,14.8258905523909,15.7887189327312,17.0520845477737,19.7320552262808
Cambodia,KHM,Crop production index (2014-2016 = 100),AG.PRD.CROP.XD,30.92,30.86,31.24,31.64,36.09,35.99,36.37,34.6,42.47,39.53,53.69,58.89,62.76,70.15,74.16,80.68,93.61,97.49,98.67,97.4,98.4,104.2,109.71,114.74,115.51
Cambodia,KHM,"Foreign direct investment, net inflows (% of GDP)",BX.KLT.DINV.WD.GD.ZS,4.38218500888824,8.37255420712081,5.91564174870823,3.71333117712456,2.90641952247498,3.23775422583051,3.67675642701502,3.05685091514382,1.75131657871555,2.4619770452865,6.0253839055628,6.64242250983254,10.0389495948312,7.87468099118756,8.92527251956251,12.4913810857897,11.9948438372039,14.1457254082956,13.5833460916418,11.0968948243669,10.0986635313548,12.3692213703588,12.5718496821633,13.0744980660067,13.5220209647967
Cambodia,KHM,Fuel exports (% of merchandise exports),TX.VAL.FUEL.ZS.UN,..,..,..,..,..,0.00103234740919474,0.0031830064842495,0.000663861490453446,0.000946547702946242,0.00117347334534206,7.95067134763237E-07,..,..,1.23445790961278E-05,..,0.000103593777569394,..,0.0146952518008779,0.00090773896774651,3.21354629705442E-07,2.94178463210652E-05,0.00771430550339896,5.14269745698374E-06,0.000711771727128381,6.86016223373177E-06
Cameroon,CMR,Trade (% of GDP),NE.TRD.GNFS.ZS,36.682272663701,45.1156121020442,48.4696352704455,42.2946538344074,37.2383798464814,47.9279442460149,51.5722691890366,48.4817227279603,40.2431925894529,41.8377424272557,44.9976813478478,47.1044341803567,53.2156908605178,56.9244171562734,42.1761073594765,47.2385853965951,51.521987603918,50.0360127271229,49.6745363462134,50.8323893087648,45.5401468279393,40.6386315268268,39.1990216052629,40.587602877028,43.3785132480415
Cameroon,CMR,Exports of goods and services (% of GDP),NE.EXP.GNFS.ZS,21.6184879665971,24.262491972799,26.6506553314661,21.9791850036291,19.4286005669288,24.8568127317047,25.2612172490423,22.9861583659013,19.4369114585916,20.5475737052101,22.2454563981154,24.1790940584351,26.9786418047148,27.0083654696037,19.5824152849101,22.368890297982,24.229686622931,23.8767238437792,23.6391086680292,23.6099755336855,20.9891496295315,18.9499787559649,18.3510985830022,18.7362534690181,19.8500907473186
Cameroon,CMR,GDP growth (annual %),NY.GDP.MKTP.KD.ZG,2.89400137739698,4.21507214953058,4.52731376625037,4.72553484802563,4.51130422140731,3.83241779430614,4.32426119221549,4.47702683369155,5.45315368881347,7.04886281858374,2.22827020924117,3.80958327566137,4.32758900972871,2.8476778892105,2.57925177738754,2.89902472122014,3.37921128506045,4.62597872209571,4.99552916130783,5.71981814509198,5.66695298703932,4.53579423678801,3.54117654926007,3.95551423892049,3.47505998194981
Cameroon,CMR,Tax revenue (% of GDP),GC.TAX.TOTL.GD.ZS,7.18366897108368,..,..,9.69459913614923,9.70701807917569,..,..,..,..,..,..,..,..,..,..,..,..,11.3444056049257,11.5221169764532,12.285343811226,12.1109695914613,11.6520313878748,11.8759411884958,12.3469457091006,12.0282727602432
Cameroon,CMR,Crop production index (2014-2016 = 100),AG.PRD.CROP.XD,37.47,39.65,37.75,40.51,42.18,42.91,43.13,44.03,46.24,47.35,57.5,61.42,65.21,67.46,72.79,80.68,81.88,88.35,90.95,94.8,100.86,104.34,99,100.5,102.53
Cameroon,CMR,"Foreign direct investment, net inflows (% of GDP)",BX.KLT.DINV.WD.GD.ZS,0.139033995720212,0.941242103821213,1.38667291495376,0.488852764808767,0.302700390243536,1.51144473289682,-0.106526708225661,4.06898459055578,2.09694383064129,0.361118040793554,1.24860831295214,0.282739555044298,0.792290665611713,0.0757546676819473,2.671669501987,1.94952386693621,2.13270391251933,1.7488404761216,1.62296806273401,1.99484327731063,2.15564021048479,1.96334943457327,2.25620975874553,1.91398167608976,2.5831964059044
Cameroon,CMR,Fuel exports (% of merchandise exports),TX.VAL.FUEL.ZS.UN,29.1641558322289,36.151468280413,33.1458606165961,..,..,54.1507311617527,51.9025487650772,49.1868871430921,48.803399799567,46.6846802011435,56.8647779866486,61.6106111571056,58.6794429285353,1.24518390839419,0.945267159471339,49.5472804943068,0.551609714806202,55.5396293908856,55.9326563524093,56.3232193165714,45.3849961218768,7.69262542590537,43.4494092649798,50.2692747814106,54.0894133743251
Canada,CAN,Trade (% of GDP),NE.TRD.GNFS.ZS,69.0617480799547,70.2600734560392,74.3366100816522,78.0811853628611,80.1150293129295,82.7653578503214,78.3442183943698,75.7070320779233,69.8400946170607,70.1924199909562,69.7591330167357,68.0521644769988,66.2834197482347,67.0236083618983,58.4743918224897,60.2081215044483,62.4987387708328,62.5955489395005,62.2310749013405,64.3786621564923,66.1649020669781,65.3636845215556,65.1010608504649,66.5998858508762,66.1714852804959
Canada,CAN,Exports of goods and services (% of GDP),NE.EXP.GNFS.ZS,36.0980542819385,37.0984399314286,38.1329701894927,40.0291747604299,41.8611849983679,44.209235821106,42.0399550909321,40.0586585930818,36.8659851985508,37.3277713060483,36.8567073235071,35.4024592168513,34.229555163977,34.3950055520687,28.5158343165743,29.1673819330319,30.6783919173107,30.3530255225878,30.3319386683867,31.7365758733408,31.8499609634443,31.5025724093362,31.4544101509781,32.3254037264858,32.3526958202565
Canada,CAN,GDP growth (annual %),NY.GDP.MKTP.KD.ZG,2.68232830305229,1.68896120754063,4.28016686255228,3.89288652990767,5.14100348008584,5.13853918593026,1.87509813216803,2.9992553495694,1.80638513484521,3.09236383456562,3.21045435651203,2.6379438004107,2.04990461109004,0.995406309993598,-2.91508623949733,3.09080637403602,3.13719438973661,1.75566132540601,2.32581357393478,2.87346677184995,0.649970993709132,1.03855093491798,3.03383490260789,2.74296343112555,1.9084319253883
Canada,CAN,Tax revenue (% of GDP),GC.TAX.TOTL.GD.ZS,13.2870622555226,13.8784928253593,14.5677283478242,14.668397589042,14.6999207275996,14.8577431846106,14.1814798149467,13.3776274685072,13.2289347132717,13.3447478670743,13.2994928856977,13.3482206693421,13.3344320068963,12.3901655964853,12.3043859548638,11.7328092981826,11.8039212812623,11.6644273631038,11.6235045990299,11.8083790792206,12.3898109063213,12.496562633144,12.6120166809848,13.0576846693075,12.7416889014909
Canada,CAN,Crop production index (2014-2016 = 100),AG.PRD.CROP.XD,62.53,65.88,62.92,67.36,72.89,68.92,56.67,49.85,64.53,69.88,73.33,70.82,69.56,82.41,80.15,78.66,81.26,85.67,106.59,93.45,98.52,108.03,107.87,107.06,106.99
Canada,CAN,"Foreign direct investment, net inflows (% of GDP)",BX.KLT.DINV.WD.GD.ZS,2.25387303530621,1.39828193256897,2.31796973451973,3.93993821737617,4.04710363964717,9.17102428671511,3.84192129292478,3.21914767807145,0.782967555453216,0.141465896048034,2.17816380917594,4.87410128955105,8.20055904886214,4.5151371416977,1.52413118076927,1.83725638740881,2.13783310760835,2.70016900895674,3.62980398357006,3.55390337011002,3.85389453706153,2.23835012140903,1.53752071953934,2.46931207254863,2.80676687017653
Canada,CAN,Fuel exports (% of merchandise exports),TX.VAL.FUEL.ZS.UN,9.11003445292849,10.4794606794617,10.1852291084557,8.23662529510941,8.48546537418759,14.097379549686,15.3001928011191,12.6185161385063,16.1206014067341,17.7567638842642,21.4038513666457,21.1379598727868,22.1140329189937,29.1358336622959,24.4206443987166,25.3243673228047,27.4324660090794,25.624190392384,26.361569817347,28.8930710605179,20.6034302087075,17.6256219682134,21.9517954420132,24.0190349725915,24.0811488757867
Cayman Islands,CYM,Trade (% of GDP),NE.TRD.GNFS.ZS,..,..,..,..,..,..,..,..,..,..,..,..,..,..,..,..,..,..,..,..,..,..,117.436583687346,117.117123372744,114.838539695171
Cayman Islands,CYM,Exports of goods and services (% of GDP),NE.EXP.GNFS.ZS,..,..,..,..,..,..,..,..,..,..,..,..,..,..,..,..,..,..,..,..,..,..,74.021817064189,71.587849798792,69.4710255697764
Cayman Islands,CYM,GDP growth (annual %),NY.GDP.MKTP.KD.ZG,..,..,..,..,..,..,..,..,..,..,..,..,3.16262522652799,-0.357401201092983,-7.20048244664706,-2.71563526217577,1.16906219839106,1.22975365701149,1.27933101999021,2.65452798451271,2.8331222262961,3.23997433895669,3.18404592334522,4.26726745249641,3.91563534249416
Cayman Islands,CYM,Tax revenue (% of GDP),GC.TAX.TOTL.GD.ZS,..,..,..,..,..,..,..,..,..,..,..,..,..,..,..,..,..,..,..,..,..,..,..,..,..
Cayman Islands,CYM,Crop production index (2014-2016 = 100),AG.PRD.CROP.XD,..,..,..,..,..,..,..,..,..,..,..,..,..,..,..,..,..,..,..,..,..,..,..,..,..
Cayman Islands,CYM,"Foreign direct investment, net inflows (% of GDP)",BX.KLT.DINV.WD.GD.ZS,..,..,..,..,..,..,..,..,..,..,..,590.934135348453,631.634094177048,426.427221465546,474.063478145247,504.372481340599,743.700703076047,500.805921331846,792.319801915655,1009.03105143511,1709.82723167346,54.6762793218219,48.5158818428982,3.13994477140781,18.1830873197548
Cayman Islands,CYM,Fuel exports (% of merchandise exports),TX.VAL.FUEL.ZS.UN,..,..,..,..,..,..,..,..,..,..,..,..,..,..,..,..,..,..,..,..,..,..,..,..,..
Central African Republic,CAF,Trade (% of GDP),NE.TRD.GNFS.ZS,50.4758911171183,47.0844050293092,55.8185083614851,51.0495318767161,43.212343897896,45.6597819937269,39.7304997372329,36.1085647794782,36.2312260023474,33.2439549188203,35.0709368656226,36.3958702287378,37.5808990187896,34.4375218095517,31.4942464896799,34.4304819543042,34.4756183327299,33.0594485943314,38.3992875721315,53.0950920179825,53.1451477769621,50.53064402191,57.1435457117119,49.6602000024318,50.0658000014868
Central African Republic,CAF,Exports of goods and services (% of GDP),NE.EXP.GNFS.ZS,22.2209449568474,21.4703862760844,26.8842802618525,22.6568865727558,19.2236502785935,20.3722135905975,17.1572538375263,15.96270493648,18.2360038377682,13.997917508823,13.3627533256972,14.3160051485309,14.1153274204234,11.0036647020449,9.84164990187971,11.6258010719319,13.127820098599,11.5501330018626,14.9729547921906,16.6757875879937,17.0676606236635,14.8218796578137,17.2597737600181,15.9400300007701,15.7553800018083
Central African Republic,CAF,GDP growth (annual %),NY.GDP.MKTP.KD.ZG,7.20004555751903,-4.00009296364789,5.29993601826074,4.70014237879329,3.59997490432274,-2.48943244028874,4.46473902640867,3.61654219150596,-5.39748521855877,5.99488422798696,0.908210514871953,4.77108543044105,4.60753485452025,2.05413096200485,8.58726042640994,4.63081843223307,4.19461533741989,5.05376125356918,-36.3919770983887,0.0810705153264877,4.33712103020231,4.75031684122342,4.52727821346231,3.78944359275462,3.09999999999999
Central African Republic,CAF,Tax revenue (% of GDP),GC.TAX.TOTL.GD.ZS,..,..,..,..,..,..,..,..,..,6.21197995714737,..,..,..,8.28435088958081,7.90850338366884,8.4078921966114,7.54040362417486,8.17237728051962,..,4.09850069590061,5.44899138512974,6.80758893701064,7.08124424919758,8.63983071970915,8.31845804475991
Central African Republic,CAF,Crop production index (2014-2016 = 100),AG.PRD.CROP.XD,76.54,84.81,89.21,90.54,87.21,89.92,92.88,90.78,85.82,89.03,89.98,91.77,96.19,97.87,101.43,98.79,103.4,105.44,104.72,100.46,97.98,101.56,106.44,109.07,110.23
Central African Republic,CAF,"Foreign direct investment, net inflows (% of GDP)",BX.KLT.DINV.WD.GD.ZS,0.555910265824496,1.08411110260999,0.159684089828226,0.754709419651703,0.598007105061713,0.0969782865244736,0.555825503151715,0.566656661894582,0.989218808380309,1.1867705571186,0.754917589946925,2.37163652036171,3.33860588929027,5.87486387887319,2.04509891475672,2.8712892233531,1.51389325783463,2.79010468033453,0.109532621043911,0.183395785539304,0.176904971713319,0.397590046167344,0.332412550568637,0.810612539366402,1.15252967682269
Central African Republic,CAF,Fuel exports (% of merchandise exports),TX.VAL.FUEL.ZS.UN,0.778185068720725,0.189909402032848,0.10827000406398,0.196795627435537,0.155459162551245,0.454669197024921,0.0754312068227033,0.0778653069442277,0,0.183133391819856,0.399435923020329,0.0134845615699792,..,0.0243624066926479,..,..,0.544915903295515,0.046403868360573,0.0930612129794418,..,0.0112891940575805,0.0462492040248339,0.00690133272476388,0.0234095847313264,0.0113438958450479
Chad,TCD,Trade (% of GDP),NE.TRD.GNFS.ZS,55.6965565726313,46.6100331929446,49.313101141288,48.0589828951249,50.5078677642823,51.5711720135652,64.3219080406854,126.350807849912,83.3789149599315,101.768590921564,85.8467450268875,95.9132286345796,84.7310238635539,80.2896664151306,77.1094643663715,80.3907092891162,80.6810748936415,80.5756196842099,72.6489157572057,76.6265231668971,66.5641643497065,63.2969251336898,73.5750081822223,74.2047537321657,74.5705255558558
Chad,TCD,Exports of goods and services (% of GDP),NE.EXP.GNFS.ZS,21.9290175473215,17.54350924621,18.5438360838388,18.4916260621633,18.3181207710371,16.8900964319303,14.6657875448771,12.6899405964434,24.6329669069481,51.0088580567156,47.977274188704,47.5844412158485,44.5034938577556,42.694505409321,35.1383528798525,36.8456059033671,38.8772569320241,38.4680542162362,33.565591667753,34.1613628875217,30.0017608897127,26.2950367647059,33.8729624845644,36.1906824485852,36.7422534363826
Chad,TCD,GDP growth (annual %),NY.GDP.MKTP.KD.ZG,1.23654931686494,2.21447303467441,5.65339232788355,6.95157991354007,-0.682850217297741,-0.879681025444839,11.658134654294,8.49120981898056,14.7216670121033,33.6293718524659,17.3325337350837,0.648262014094513,3.27149957888643,3.05269153196828,4.21769555189633,13.5501008595489,0.0828697984381961,8.88257607170316,5.70000136285864,6.89998504532166,2.76767568484473,-6.25552708545281,-2.98869598553931,2.37403780037786,3.24718191743429
Chad,TCD,Tax revenue (% of GDP),GC.TAX.TOTL.GD.ZS,..,..,..,..,..,..,..,..,..,..,..,..,..,..,..,..,..,..,..,..,..,..,..,..,..
Chad,TCD,Crop production index (2014-2016 = 100),AG.PRD.CROP.XD,41,44.22,50.14,56.71,52.1,49.22,60.96,54.51,59.63,51.85,66.76,62.09,62.96,64.4,57.32,106.28,67.05,118.3,99.47,100.74,92.45,106.81,98.37,103.42,109.81
Chad,TCD,"Foreign direct investment, net inflows (% of GDP)",BX.KLT.DINV.WD.GD.ZS,2.25542024992673,2.45536364403622,2.86749785598441,1.24350919376184,1.59805779373513,8.29469642489514,26.8795143968798,46.2752412778435,25.9829203327159,10.5541199610826,-1.49402804733208,-3.74781516833295,-3.71849569850136,4.48468784880194,4.03520571292335,2.93397976887038,2.31591231663438,4.68808952059196,4.01589802863843,-4.84583025336875,5.11070297206282,2.42312832180106,3.63367305880311,4.10075293668396,5.00787801342363
Chad,TCD,Fuel exports (% of merchandise exports),TX.VAL.FUEL.ZS.UN,..,..,..,..,..,..,..,..,..,..,..,..,..,..,..,..,..,..,..,..,..,..,..,..,..
Channel Islands,CHI,Trade (% of GDP),NE.TRD.GNFS.ZS,..,..,..,..,..,..,..,..,..,..,..,..,..,..,..,..,..,..,..,..,..,..,..,..,..
Channel Islands,CHI,Exports of goods and services (% of GDP),NE.EXP.GNFS.ZS,..,..,..,..,..,..,..,..,..,..,..,..,..,..,..,..,..,..,..,..,..,..,..,..,..
Channel Islands,CHI,GDP growth (annual %),NY.GDP.MKTP.KD.ZG,..,..,..,..,..,..,..,..,..,..,..,..,..,..,..,..,..,..,..,..,..,..,1.96610998960054,1.05229056178158,1.32511666013609
Channel Islands,CHI,Tax revenue (% of GDP),GC.TAX.TOTL.GD.ZS,..,..,..,..,..,..,..,..,..,..,..,..,..,..,..,..,..,..,..,..,..,..,..,..,..
Channel Islands,CHI,Crop production index (2014-2016 = 100),AG.PRD.CROP.XD,..,..,..,..,..,..,..,..,..,..,..,..,..,..,..,..,..,..,..,..,..,..,..,..,..
Channel Islands,CHI,"Foreign direct investment, net inflows (% of GDP)",BX.KLT.DINV.WD.GD.ZS,..,..,..,..,..,..,..,..,..,..,..,..,..,..,..,..,..,..,..,..,..,..,..,..,..
Channel Islands,CHI,Fuel exports (% of merchandise exports),TX.VAL.FUEL.ZS.UN,..,..,..,..,..,..,..,..,..,..,..,..,..,..,..,..,..,..,..,..,..,..,..,..,..
Chile,CHL,Trade (% of GDP),NE.TRD.GNFS.ZS,54.9671532774337,53.9207498948251,54.0992981791388,53.8361785167957,54.6956098331962,58.7119230893142,62.1447669692049,62.483851902378,65.693419590905,69.8893600534274,72.0625342392623,73.7116350455616,76.9770247146474,80.6766262401759,66.6860309626911,69.7176801361063,72.4816428100372,68.1561428931659,65.1432879537196,65.6346281203402,59.3491104787205,56.0578610869392,56.0261589665752,58.1770506331731,57.5468575300305
Chile,CHL,Exports of goods and services (% of GDP),NE.EXP.GNFS.ZS,28.6262520086835,25.9504475026834,25.878004271704,25.1435814172359,28.309113886285,30.1237538786606,31.8473112672707,32.2572203541974,35.060974530422,39.6857495127581,40.1755720117677,43.8656742012527,45.1298518961412,41.1625607909457,37.1156347954105,37.9039943181834,37.6897802757301,33.8455905055936,32.0874635900496,33.0039029654952,29.1910794910787,27.9231581095558,28.3313768335469,28.5290447397051,27.8432682036028
Chile,CHL,GDP growth (annual %),NY.GDP.MKTP.KD.ZG,8.93329586928566,6.80291659568033,7.39173926780252,4.18088662724911,-0.273631397756063,4.9716214885003,3.154034924374,3.20279913985533,4.72324526681116,6.67425416745972,5.83704571525745,6.04999082904382,5.16823098722429,3.7893928023371,-1.1180372326977,5.85165101730949,6.22389678693851,6.15534002096459,3.30850824469113,1.79264947361806,2.15194249853634,1.75303874553305,1.35769537797211,3.99002947521676,0.743130031576072
Chile,CHL,Tax revenue (% of GDP),GC.TAX.TOTL.GD.ZS,15.1007539455709,16.0605426589014,15.7811009565547,15.7712896450108,15.0949570823752,16.0724036281393,15.9131257668038,16.0730676241731,15.7688272670367,16.4239450550574,18.1208899059452,19.6120173266907,20.3790285412133,18.7092655630147,14.6058605653373,17.47100626721,18.9360959989957,18.9910595536986,17.4587728971955,17.044501214415,17.5460829271472,17.4689644140042,17.5057946830766,18.3955244984111,17.6988932819428
Chile,CHL,Crop production index (2014-2016 = 100),AG.PRD.CROP.XD,65.46,67.89,66.15,67.26,65.9,68.87,74.03,75.3,78.64,79.86,84.59,87.14,81.31,83.63,85.8,90.59,96.67,98.22,102.36,96.62,101.86,101.52,100.41,112.77,110.73
Chile,CHL,"Foreign direct investment, net inflows (% of GDP)",BX.KLT.DINV.WD.GD.ZS,4.02615124316832,6.12670509977734,6.14802074904567,5.64436806023179,11.5919139536631,6.20376708253031,5.86766095796435,3.62905822969137,5.2639064488259,6.86064599091823,6.10185153746475,4.93110823447255,7.81185948224747,10.2688480806857,8.06572091906611,7.38060071986058,10.1697362952693,11.9097449912173,7.61396399435265,9.83500370726634,7.32780348720507,4.55707487898846,1.8964702995658,2.68461345357212,4.87406503831311
Chile,CHL,Fuel exports (% of merchandise exports),TX.VAL.FUEL.ZS.UN,0.242583031969892,0.179531971498549,0.296581936047817,0.385831102331361,0.430605640211425,1.11401872751948,1.45351058459507,1.18807795624873,2.86320450578717,2.2540658481005,2.80898772504072,2.43371733531432,1.83161893626896,2.35498882562469,1.44690090747168,1.10225699027131,1.29992761409464,1.2828817129094,1.3775568746199,1.27302532739729,0.898599873952062,0.899956656800068,1.06104376398313,1.17911727055873,0.996195388244754
China,CHN,Trade (% of GDP),NE.TRD.GNFS.ZS,34.2769690634348,33.8147454664566,34.5330173591544,32.4243046249269,33.5241617617636,39.4110148533996,38.5273592746086,42.7474036331392,51.8039879991843,59.5055242232224,62.2078928654034,64.478883902799,62.1933634762691,57.6127153430549,45.1848703778803,50.7170776614801,50.7409045861059,48.2675223678707,46.7443755762646,44.9052159549395,39.4641693350994,36.8944150168747,37.6324132403061,37.5657841023411,35.8900960338084
China,CHN,Exports of goods and services (% of GDP),NE.EXP.GNFS.ZS,17.9525228273784,17.9232955520522,19.4931644596641,18.3421000327202,18.1624767569612,20.8936972022379,20.3121457441305,22.6447456736337,26.9807565337606,31.0613375820789,33.829857565763,36.0350255517218,35.4347985285227,32.6027140172445,24.7498559385403,27.1853327194133,26.5681893442734,25.4925222254207,24.5992544361809,23.5100609081912,21.3540798825634,19.5843800536192,19.6922769879798,19.1121035365691,18.4099923152133
China,CHN,GDP growth (annual %),NY.GDP.MKTP.KD.ZG,10.9539543368197,9.92255675616683,9.23677989401969,7.84595178233623,7.66165150616072,8.49009340365161,8.33573347577625,9.1336307895447,10.038030484737,10.1136213788021,11.3945918086888,12.7209556639451,14.2308609340471,9.6506789183469,9.3987256316321,10.6358710659572,9.55083217884199,7.86373644845264,7.7661500973591,7.42576365596916,7.0413288794755,6.84876220444184,6.94720079316534,6.74977383251148,5.95050075439315
China,CHN,Tax revenue (% of GDP),GC.TAX.TOTL.GD.ZS,..,..,..,..,..,..,..,..,..,..,8.56924385774185,9.05725398260403,9.7714060646018,10.1014265265686,10.3094417361443,10.2120486087439,10.3127948891895,10.2567686829207,9.90773258311224,9.67861882705685,9.37692044712045,9.12291556062493,9.41931765253305,9.0526857315335,8.4928637699159
China,CHN,Crop production index (2014-2016 = 100),AG.PRD.CROP.XD,49.73,53.59,54.9,56.59,58.59,62.15,63.47,66.3,66.16,70.77,72.91,74.68,77.64,82.35,83.9,86.34,90.9,93.45,95.62,97.24,101.56,101.2,103.15,104.47,107.06
China,CHN,"Foreign direct investment, net inflows (% of GDP)",BX.KLT.DINV.WD.GD.ZS,4.88086319996149,4.65181266315599,4.72534384272724,4.43550102416557,3.74895859312295,3.4751259026717,3.51298853838305,3.60908113485368,3.48741889924157,3.48364153456519,4.55426348218759,4.50860050284936,4.40098334216029,3.73361071054981,2.56889430729662,4.00354456862232,3.70880651651826,2.82710533550854,3.03985486259758,2.55924761042982,2.1921777308569,1.55563699883919,1.34912369633213,1.69389428445964,1.31071593248213
China,CHN,Fuel exports (% of merchandise exports),TX.VAL.FUEL.ZS.UN,3.58384721631842,3.92677839358166,3.82213885487598,2.81568382698343,2.38996498851833,3.15222106435306,3.15850304161569,2.59070421728136,2.5361753489702,2.44053050133123,2.31272376664692,1.83393570516165,1.71119843888368,2.2208063178118,1.69623692345059,1.69056311409029,1.70007725545848,1.51374985096957,1.5294698347956,1.47061074195033,1.2272664163092,1.28100094525523,1.5635573554021,1.86764407076313,1.87465304454538
Colombia,COL,Trade (% of GDP),NE.TRD.GNFS.ZS,35.4972303177666,36.0441071863282,35.5970680886793,35.9089230535138,36.1492793141794,32.6670854693067,33.9011117949445,32.9826392144234,36.51618351723,35.8634269337995,37.422697494955,39.6413559606293,37.0988970982903,39.1676494164355,35.1561285074585,34.2646031687681,39.4704235545367,38.835151018669,37.9866487978457,37.4874656411103,38.3607641184453,36.202652984202,35.2829149424588,36.5347527968973,37.558533980839
Colombia,COL,Exports of goods and services (% of GDP),NE.EXP.GNFS.ZS,14.5337428892103,15.199461701397,14.8415437434707,15.0073508369912,18.3465787501541,15.915139715438,15.3871357665009,14.8155696775272,16.5752997117627,16.7707514248023,16.9710437391629,17.7285877506525,16.4331421263646,18.1095951350739,16.4244956875755,16.3408447597691,19.2765050733171,18.8112052836654,18.0864397214368,16.6347491096509,15.6502115094968,14.7171392781975,15.1452897484005,15.8997196775431,15.8680386541241
Colombia,COL,GDP growth (annual %),NY.GDP.MKTP.KD.ZG,5.20243759278655,2.05585471287195,3.43029367788374,0.569784088434517,-4.20401524244947,2.92486148176778,1.67789830787579,2.50398046659659,3.91827190322513,5.33302206759905,4.82876110773741,6.71686869844402,6.73819469090975,3.28344618616541,1.13964864548062,4.49465897070922,6.94789198173555,3.91263576716115,5.13399351995672,4.49903000110972,2.95590137527523,2.08738250162794,1.35936086788746,2.56432428277704,3.18685539245533
Colombia,COL,Tax revenue (% of GDP),GC.TAX.TOTL.GD.ZS,..,..,..,13.7437321544523,13.4769212818618,11.219754185325,..,..,11.2588268638482,..,..,..,..,13.0315110144915,12.6752273841946,12.1421652023674,14.5758811869672,13.2269907142761,14.0221143464507,15.6997483720014,15.797262655066,14.3852129298513,14.8508184081791,14.6098424480272,14.90052462326
Colombia,COL,Crop production index (2014-2016 = 100),AG.PRD.CROP.XD,71.91,70.6,71.42,69.54,72.21,73.15,73.84,76.49,80.56,82.28,81.13,82.42,85.26,83.43,79.68,77.62,78.36,86.42,93.32,95.01,100.59,104.4,92.56,98.88,105.54
Colombia,COL,"Foreign direct investment, net inflows (% of GDP)",BX.KLT.DINV.WD.GD.ZS,1.04693022657461,3.20284924848693,5.21507527765445,2.87230262380067,1.74771154695899,2.43950747934181,2.58851936306874,2.17844751407948,1.81783931129221,2.66083488771203,7.02979401337283,4.17238510106087,4.30867680695815,4.35627834630067,3.45627065207397,2.24433595561185,4.37269536048461,4.05728041238134,4.24252457969381,4.24107256687865,3.95939854812865,4.90164572903472,4.3931823279544,3.3808357321772,4.33058240907475
Colombia,COL,Fuel exports (% of merchandise exports),TX.VAL.FUEL.ZS.UN,27.2317543704497,35.9490615649947,31.3668639504452,30.2541163556531,40.4790768527767,43.079504613909,36.2987158428522,35.9187562462727,37.1903540205232,36.9076955307127,39.2456236749078,38.4317055772282,36.2508073999514,45.9657263851576,48.3004439860279,57.1597814442562,64.8290275394886,65.7196385483131,66.7714032360418,65.573054598972,52.7863528817984,47.4972851001361,54.1370602858504,57.8787906155164,54.6948856458005
Comoros,COM,Trade (% of GDP),NE.TRD.GNFS.ZS,35.7572385313105,35.757815070747,35.7570439088601,35.7572500717527,35.7571570936764,35.7574785467961,35.7572288808942,35.7571190715765,35.7569591302191,35.7570631161898,35.7574093340398,35.7572745643301,33.1561792127495,36.2185263542809,37.8969223253542,39.5501369651607,40.0009955862344,40.8104189375399,39.2432952739814,39.2358231954392,37.8049520714563,37.1328797158337,40.164358921352,42.996153341343,42.2680785350184
Comoros,COM,Exports of goods and services (% of GDP),NE.EXP.GNFS.ZS,8.83640483484953,8.83645936163212,8.83630551289686,8.83626348797303,8.83595307120855,8.83631405886599,8.83626079762981,8.83617675060801,8.83612987853843,8.83602717918231,8.83628108091383,8.83617933267314,8.97534196697091,8.22134722875202,9.31193867197775,9.63890463485355,9.95641544707353,8.94586923883759,9.04838721379907,9.67647217726497,10.1361983069761,10.6728955768962,11.9013164484663,12.909022989086,12.7734606325226
Comoros,COM,GDP growth (annual %),NY.GDP.MKTP.KD.ZG,3.61020643165317,-1.29168892620011,4.03015366772979,1.28251579338536,1.92440871212295,10.847878616072,2.33290710182874,2.3249448613998,2.1038716355305,1.91965980712278,2.83754786988332,2.6469554759412,0.800042348955387,3.96461118871815,3.24074072826829,3.77776674982255,4.1435066947591,3.16840986908748,4.4662473147818,2.10665758942474,1.14735076108914,3.32044656240026,3.81576287682401,3.6424511379732,1.76078023923176
Comoros,COM,Tax revenue (% of GDP),GC.TAX.TOTL.GD.ZS,..,..,..,..,..,..,..,..,..,..,..,..,..,..,..,..,..,..,..,..,..,..,..,..,..
Comoros,COM,Crop production index (2014-2016 = 100),AG.PRD.CROP.XD,78,80.15,79.05,81.95,83.35,83.47,85.25,84.52,86.67,88.15,87.75,92.9,94.39,96.42,96.94,96.72,98.21,97.11,100.71,96.51,98.38,105.11,105.33,107.32,107.08
Comoros,COM,"Foreign direct investment, net inflows (% of GDP)",BX.KLT.DINV.WD.GD.ZS,0.223239724453976,0.12877038230997,0.00548778746983421,0.103812293135699,0.0708580113018663,0.0266665794813226,0.30274203248698,0.101046753041752,0.145047571522759,0.106131275551471,0.0854737216678342,0.11145257428252,0.966721983566063,0.507893616465563,1.5286610800043,0.919669859057948,2.25967654509452,1.02133818357571,0.379103478370866,0.40749903980553,0.511029839195466,0.352458395894599,0.363776536250606,0.477150092201954,0.359894031404716
Comoros,COM,Fuel exports (% of merchandise exports),TX.VAL.FUEL.ZS.UN,..,..,0.0977202748249474,..,..,..,0.00469844262895696,..,..,..,..,..,..,..,0.0236698103289717,0.054577510381983,0.0700598923083429,0.017388494580408,3.01260153144996E-05,1.60903288612314,5.64070725443839E-05,..,0.00887808919349842,4.1336953696259E-05,0.0252436299290411
"Congo, Dem. Rep.",COD,Trade (% of GDP),NE.TRD.GNFS.ZS,52.2085314177979,60.3162567434145,33.750000421875,62.6793067265869,41.1776608191529,27.0144029227569,25.0419375138391,29.3168456429821,54.0313561776419,49.3364146254994,52.3146046950079,47.9632596230374,80.1420550528087,83.7722916507983,62.9468793626564,90.7476102929543,85.1981441919418,68.3517113952036,77.4659451472265,78.690150124216,59.3324309644245,55.9252102624116,74.2913796171904,69.9197291501817,55.2351580399854
"Congo, Dem. Rep.",COD,Exports of goods and services (% of GDP),NE.EXP.GNFS.ZS,28.4822883100778,30.0027630853046,18.750000234375,29.7900882870708,23.6356699193136,11.4496120313427,11.987684833486,15.6713428067886,24.0004430362555,22.7295135131027,22.9441827774461,21.7000985286877,39.0719137879801,39.0277992626484,26.8137878104525,41.111154153914,39.5156166665655,30.8030090175031,36.4458613110467,36.8321888505236,27.7255678009169,23.9564422023011,35.2505221787596,32.5535282647371,25.8676651009614
"Congo, Dem. Rep.",COD,GDP growth (annual %),NY.GDP.MKTP.KD.ZG,0.699998829794396,-1.02317264199922,-5.61704659870088,-1.62415404478989,-4.2701408311335,-6.91092731652101,-2.10017302488846,2.94776518359767,5.57782231144424,6.73837393324294,6.13515115548972,5.32097956548998,6.25947776437397,6.22589426869193,2.85506401011484,7.10797657581392,6.8746708900163,7.08689894671942,8.48195663608755,9.4702880993101,6.91616711922561,2.39939891133452,3.7269476588301,5.82112109969025,4.38452887429834
"Congo, Dem. Rep.",COD,Tax revenue (% of GDP),GC.TAX.TOTL.GD.ZS,..,..,..,..,..,..,..,..,..,..,..,..,..,..,..,..,..,..,..,..,..,..,..,..,..
"Congo, Dem. Rep.",COD,Crop production index (2014-2016 = 100),AG.PRD.CROP.XD,51.52,51.08,49.58,50.32,49,48.11,46.98,46.01,46.31,46.58,46.85,47.09,47.51,47.94,48.32,81.17,84.82,87.1,92.58,99.37,100.03,100.6,105.98,108.51,110.94
"Congo, Dem. Rep.",COD,"Foreign direct investment, net inflows (% of GDP)",BX.KLT.DINV.WD.GD.ZS,-0.396036683653623,0.4295275890534,-0.728142744101784,0.986360810675731,0.236879334969256,0.493452281029903,1.3742847690632,2.14937976109568,4.37764238163222,3.97216286042947,1.50445261985533,1.77208512333024,10.8023674620944,8.7262735405046,-1.30413524991314,12.71601350262,6.17662459315183,9.86686887943546,5.19461161122845,4.17602952858263,3.07434208974213,2.51078403634832,2.75644331422703,2.95904257934813,2.60931448015292
"Congo, Dem. Rep.",COD,Fuel exports (% of merchandise exports),TX.VAL.FUEL.ZS.UN,..,..,..,..,..,..,..,..,..,..,..,..,..,..,..,..,..,..,..,..,0.0127066390198457,3.93165005120999,0.0011906538651633,0.00123417667085146,0.0116944289280577
"Congo, Rep.",COG,Trade (% of GDP),NE.TRD.GNFS.ZS,128.312504260557,128.407663306917,135.758179538246,148.901662464134,131.394190298765,123.909884405671,130.732481081873,135.45607107226,156.861777335368,131.368198717322,119.552892262402,125.600762974491,148.586625395069,133.108486659608,135.552365681975,124.064754399607,124.591742710141,97.444435145443,93.0028633915235,104.197620103417,117.320721558581,122.259818284021,94.6170952583422,100.583216779714,91.5757577206648
"Congo, Rep.",COG,Exports of goods and services (% of GDP),NE.EXP.GNFS.ZS,64.7045701571672,68.4582134338693,75.5966393744929,76.2776297713242,72.2900710687918,80.297147219193,77.4200268515354,81.5164254833959,80.8123655970076,80.5297928332926,75.0050837514178,77.4641294571561,68.4853907202658,73.4029185288145,64.479912106445,68.5280915300939,73.6117327393895,58.0820278199554,52.9343405840282,53.1336383710482,40.8570487934502,42.068526050081,47.9627316588394,62.2105922950548,56.1988161669292
"Congo, Rep.",COG,GDP growth (annual %),NY.GDP.MKTP.KD.ZG,3.9853243781107,4.29048155870402,-0.624812152260716,3.73755276980884,-2.58219935813743,7.5759803952642,3.80260189913561,4.58187006108889,0.813264076303781,3.47663162118089,7.75575897806648,7.98623836334291,-6.61399480441001,6.30637595585259,11.6372888615758,9.93126543095578,2.20591936286718,9.94715314257564,-0.712434451876447,6.64606540928447,0.415193061293763,-8.68524343913786,-5.59477371915547,-2.30431780125842,1.12447707363883
"Congo, Rep.",COG,Tax revenue (% of GDP),GC.TAX.TOTL.GD.ZS,..,..,..,..,..,..,9.07093687448128,8.14290465105231,8.64750467565705,7.81359440634417,5.68812043548284,5.29500881987698,6.02757381714862,5.89662454769078,8.22388188953649,6.90293864613017,8.11448976998956,7.27824633580598,8.62436076451018,9.58092115614526,12.1951444175552,12.9131341994632,10.1352630831832,6.82845231849733,7.101549608696
"Congo, Rep.",COG,Crop production index (2014-2016 = 100),AG.PRD.CROP.XD,57.12,59.3,59.2,57.53,61.96,63.4,64.77,65.17,66.98,70.13,73.38,76.04,78.44,82.35,85.48,83.76,85.11,89.36,91.84,100.98,100.53,98.49,99.12,102.43,102.97
"Congo, Rep.",COG,"Foreign direct investment, net inflows (% of GDP)",BX.KLT.DINV.WD.GD.ZS,5.3299564486963,2.4571054845724,-2.11824149757414,-8.70306930470468,-2.90043469110616,-3.04039258438044,-4.84426109284501,6.59456506726084,6.28014568176251,1.90162065209621,12.0498455846018,18.4459801245356,16.216555026587,16.7210018165878,12.2288862499696,11.5772952217296,1.90783479461617,-0.391399397519283,10.4621010083708,16.1340824142461,34.4181572511644,0.46297278916675,37.322983806209,29.2087962679756,-10.2147373124797
"Congo, Rep.",COG,Fuel exports (% of merchandise exports),TX.VAL.FUEL.ZS.UN,87.6407695320827,..,..,..,..,..,..,..,..,..,..,..,87.0246170425558,84.0961243972581,70.659307853439,67.7204549838107,77.6661370595561,78.8976775256033,75.7095794999008,46.1725866962141,31.2584482176902,19.4906127882401,44.5565160708106,82.217408245137,83.9394174364415
Costa Rica,CRI,Trade (% of GDP),NE.TRD.GNFS.ZS,79.7743745489399,84.0571640061047,87.6131980978704,92.0380212366186,87.5386137892332,86.5249235317703,80.852758718109,80.4139443360039,83.3277075355642,85.2564771965872,89.2226638923224,89.8145546121463,86.4565958445574,86.4015127086602,69.7593177243619,67.5120896830842,68.6391465058145,67.0485392959444,64.0664105889507,65.1912420520727,60.7535619389169,62.1784781755817,65.0719537442883,66.9453420155254,65.7605300175717
Costa Rica,CRI,Exports of goods and services (% of GDP),NE.EXP.GNFS.ZS,38.1292145023082,40.0119930195513,41.609068314288,43.9628410453671,42.5578657678708,42.9303221800166,40.5085725030293,39.2245352070616,40.6717129184331,42.2076534629626,43.4645223606983,43.3140351079473,40.5821375087135,38.8064606497786,34.6323050255358,32.82941134623,32.4724708762935,31.651317336096,30.591649361733,31.3629152830375,29.9956578645001,31.2600962991367,32.7626831473135,33.7385107753206,34.3253215588929
Costa Rica,CRI,GDP growth (annual %),NY.GDP.MKTP.KD.ZG,4.15395304841577,1.35045953462803,5.4761657748118,7.15530857838903,4.21481116768969,3.86871809125479,3.49116987088031,3.41687638944796,4.31717986447036,4.42459959836211,3.97666636845196,7.32669543218398,8.21513198440249,4.73817487709474,-0.87345594081205,5.36034347694341,4.40315923935717,4.88259241031079,2.49476611386375,3.54210987593986,3.65208096806472,4.20432325432709,4.15769896239459,2.61590440285156,2.41751181706449
Costa Rica,CRI,Tax revenue (% of GDP),GC.TAX.TOTL.GD.ZS,12.2450379591895,12.6428152370212,12.613164915421,12.8238649326758,13.1337581639394,12.839712833354,13.3610338036884,13.368108901546,13.5849516097946,13.3589275001756,13.635396985214,13.8416637383858,14.8564701561664,15.2325099062238,13.1830719881073,12.9525420584707,13.2089868651274,13.105296065848,13.4168247496598,13.0455889624059,13.2539942163137,13.5108543354557,13.2441025544567,13.1821486851432,13.3742076107234
Costa Rica,CRI,Crop production index (2014-2016 = 100),AG.PRD.CROP.XD,58.7,62.77,63.95,68.01,69.94,70.88,71.32,67.72,70.69,72.23,76.06,86.93,83.3,79.94,80.81,84.9,89.33,94.72,95.14,99.17,97.63,103.2,105.76,104,96.99
Costa Rica,CRI,"Foreign direct investment, net inflows (% of GDP)",BX.KLT.DINV.WD.GD.ZS,2.90967964192101,3.65588697118439,3.24576223328059,4.49056201812519,4.34566834779079,4.8184645000041,3.89233617537997,4.36202694033196,4.48353970316272,5.82312653331866,7.62843539507747,7.92850433083463,8.3374260915909,7.90900719295,5.25151067240009,5.06371199095705,6.39172539630007,5.70866124861953,6.291277352193,6.23293661039784,5.23639457666332,4.45296211770326,4.83327522072814,4.829438721344,4.22094016660926
Costa Rica,CRI,Fuel exports (% of merchandise exports),TX.VAL.FUEL.ZS.UN,0.774151131794269,0.863741704236126,0.453160487759183,0.387011217942347,0.365682344031691,0.616778935676235,0.845937654798046,1.01663698993828,0.486551525474643,0.074454462175117,0.487124253138593,0.609434003968108,0.575984099270679,0.843425730823885,0.564266128388826,0.563620740553993,0.325379365626922,0.0421607473129209,0.0362385371324239,0.0297900558114709,0.0382753572012209,0.0337693844457477,0.0388898631200294,0.0326713597930168,0.0187875593840616
Cote d'Ivoire,CIV,Trade (% of GDP),NE.TRD.GNFS.ZS,76.202343905242,52.8042944211567,54.0062903380367,53.6538337944761,55.8935626908747,54.9639916295152,53.1141047180447,55.9019482275388,53.260060681877,58.1182963035946,62.8209360402806,63.690377061452,61.4309423484426,61.9406212969499,66.6729037469185,67.472940081257,64.7159030611345,70.3010893191249,58.3526792527234,53.6804175610344,52.7128647411445,47.5655783613535,48.6625074729482,46.0375087102874,44.5274919384227
Cote d'Ivoire,CIV,Exports of goods and services (% of GDP),NE.EXP.GNFS.ZS,41.7592996636706,28.0548089119745,28.1619510423631,27.1844537490724,28.7375016337359,27.7900585635603,27.4698146295241,31.361161437556,28.741013407249,30.1412888678631,31.8789802252367,32.8409302334209,30.4909527241434,31.0136690713744,35.4127413048103,33.4995745908321,35.2813763519634,34.9824903983423,29.1604026575655,28.1569587645537,27.3532437923476,24.9418624533151,25.4987866021143,22.6941999168587,23.0234557287769
Cote d'Ivoire,CIV,GDP growth (annual %),NY.GDP.MKTP.KD.ZG,7.12574472834217,7.72932741916973,9.6488400474633,4.26390594437231,1.16685998202273,-0.265789462275947,-2.15401249077306,-2.73052647441901,-4.72586658630681,3.185038225754,0.99606556485476,2.81557859252328,1.10142976793477,4.7826659787672,3.60332156667053,6.84804939907013,-5.37044724000579,7.62041176451649,10.7602131311256,9.37199994240375,7.19494942728191,7.17275963956332,7.41076242626953,4.84314605951768,6.51828673306088
Cote d'Ivoire,CIV,Tax revenue (% of GDP),GC.TAX.TOTL.GD.ZS,18.8190745863034,..,..,..,..,..,9.53622594518063,10.0548462063633,9.6568945061175,10.0128885806634,9.87243911760948,10.3299160766247,10.6657567522302,10.7442668136723,10.5012658369382,10.213762113664,7.57148126100708,10.619351578358,10.6359292433206,10.1172575454966,11.1757327985719,11.4603709076892,11.7563706937153,11.6659927465613,11.7598374498521
Cote d'Ivoire,CIV,Crop production index (2014-2016 = 100),AG.PRD.CROP.XD,56.44,58.75,61.92,65.32,66.09,71.68,67.51,67.38,66.76,67.93,70.99,73.53,70.56,74.37,69.34,73.51,76.14,83.12,85.71,94.35,104.58,101.08,111.1,116.96,121.55
Cote d'Ivoire,CIV,"Foreign direct investment, net inflows (% of GDP)",BX.KLT.DINV.WD.GD.ZS,1.92507295109534,1.48963672795961,2.30201823310881,3.87417177121616,1.24714567478754,1.41578194356095,1.62207725860673,1.17744490920781,0.778244321061705,1.20362782669916,1.45218108286675,1.38823180031913,1.54311664934841,1.37441880892297,1.17339078661544,1.02606239247133,0.822954276750165,0.909737109686742,0.953203642024712,0.899528920310353,1.07914154747556,1.19375800871091,1.8567348625087,1.05998699690671,1.41719980536463
Cote d'Ivoire,CIV,Fuel exports (% of merchandise exports),TX.VAL.FUEL.ZS.UN,9.52233322968931,16.2201172362689,13.1133032049887,9.81237327522455,12.6147458242686,20.3284493525677,14.8393342397597,11.359930059128,9.29965934074346,18.5197551226334,27.7287907875803,36.8733515134456,32.5902768433819,37.1531402941758,29.4292929780665,23.6570135075535,24.3289042874042,29.094062518183,21.0645605725917,20.838190360683,12.9487994169276,12.2606024304154,12.6226345622712,15.9261119900858,16.7946232292025
Croatia,HRV,Trade (% of GDP),NE.TRD.GNFS.ZS,62.7879911601919,67.063816959395,74.8939322042029,64.9968925033005,66.2814285423127,74.6219027631486,79.4554753068696,81.1601873386788,81.4184199843892,81.6075389197923,81.4696023749002,83.4865928748645,83.2208342863778,82.0211422505019,69.9591951852925,72.8399695069569,77.9708548244331,79.27346947047,81.403017002247,85.5966431166329,90.9055096599086,92.3799496866261,97.4356669616406,99.3650173717785,101.375238725593
Croatia,HRV,Exports of goods and services (% of GDP),NE.EXP.GNFS.ZS,27.2996325014632,30.3115905258809,31.0484369549696,29.1420849673059,30.1451638454969,35.0990342100318,37.1408711090789,35.8911884902611,35.5354683768639,36.545173433008,36.392496783606,37.5316946701332,37.447143809384,35.9495919305194,32.2196565775745,35.5978385964313,38.1432641940495,38.8340733282107,39.7055404288086,42.6063570880898,45.5580819824462,46.7426192019165,49.0211455305474,49.2565361725256,50.4858611565671
Croatia,HRV,GDP growth (annual %),NY.GDP.MKTP.KD.ZG,..,6.04726807370137,6.16938110514332,2.24697581549674,-0.855873287610308,2.95627467759456,3.12086438822922,5.82057782487921,5.59963345499783,4.1799487128833,4.30749284799106,5.07683540524606,5.07502181206927,2.0116534187522,-7.2179072545037,-1.24307134590256,-0.0829442867532464,-2.33990679818292,-0.396793619221853,-0.425623768351187,2.52255339863314,3.56228782892714,3.39957395936727,2.8203231384537,3.39971661251161
Croatia,HRV,Tax revenue (% of GDP),GC.TAX.TOTL.GD.ZS,22.6249348291787,22.3064885565343,21.5661416512299,23.5292995875995,22.6775885725535,22.174787280448,21.2539654825504,21.6480031174247,21.1020181781035,20.3248899617865,20.3615800506672,20.6703925133912,20.5112133225103,20.2889750895738,19.3964130199798,19.4578777565372,18.8721206534173,19.4186580215241,19.9271978642797,19.5987050287673,20.4951220673132,20.9749219813607,21.1356307067651,20.9064429793821,21.0750360737608
Croatia,HRV,Crop production index (2014-2016 = 100),AG.PRD.CROP.XD,80.73,83.89,87.66,97.46,93.95,69.86,80.2,87.92,63.36,81.13,84.84,90.54,85.29,109.22,104.81,95.74,94.35,81.75,100.48,92.3,96.85,110.84,88.14,100.5,98.19
Croatia,HRV,"Foreign direct investment, net inflows (% of GDP)",BX.KLT.DINV.WD.GD.ZS,0.474368823510725,2.03966250506143,2.46772971266095,3.87895893707531,6.12003388637262,4.5871158550988,4.49526771746516,3.66548911660005,5.23739258830177,3.13981977497568,4.03046159293283,6.746982655692,7.83188198110906,7.66153853471632,4.94412821953507,2.62676876484249,1.99084145081602,2.55446184451123,1.62379829234752,5.35843115528153,0.0691693107832815,0.807002327399037,0.805088481589833,2.13848367228939,6.41082614786897
Croatia,HRV,Fuel exports (% of merchandise exports),TX.VAL.FUEL.ZS.UN,8.43263671625467,9.22114785670538,9.82433696400253,5.80485922125235,7.75035371501183,10.9626983421509,10.2151778121735,9.34895999478269,9.62307738195106,11.3262188190272,13.8929040520858,15.1071995455938,12.9343181003839,12.8972693206912,13.0144815987687,12.4673216838203,12.0765969396262,13.6718561971398,13.9912729854429,13.507536869033,10.9049883399332,9.49404939744756,10.7055193561353,10.5649748380568,9.47847332414296
Cuba,CUB,Trade (% of GDP),NE.TRD.GNFS.ZS,29.3084176228486,32.6253336147218,32.7541989320698,32.5046329835855,31.8689322462587,31.0759878817225,29.3610963815873,24.7293133475239,26.5871335777077,31.3114153338743,39.3613744331974,37.1880142882062,37.9676096642032,44.917220748508,32.9139819587629,40.2919413008332,46.9604290476881,45.8662036340766,44.3238969253902,39.2741528539069,31.6138124793419,27.2692226975368,26.2228493880365,27.0834484996753,22.8207944494506
Cuba,CUB,Exports of goods and services (% of GDP),NE.EXP.GNFS.ZS,13.4015118655048,15.3133610730212,14.9239679694337,14.2526142187663,14.5374790771003,14.1300293796253,13.2344771860718,11.5270686652476,12.9519347542701,16.0217783943669,21.018043449426,18.7134547274699,20.3363598668348,20.567605659282,17.4597293814433,22.5702648924263,25.103638208436,25.5109993027167,24.1004303416809,22.0838845419007,17.1473888133975,14.9829691254326,14.5512704817734,14.5227333911607,12.2133743797594
Cuba,CUB,GDP growth (annual %),NY.GDP.MKTP.KD.ZG,2.45720117243687,7.83874979731274,2.78342505957134,0.159146050158526,6.1887553068506,5.91476001879718,3.18502990449461,1.42482126141282,3.79274022304334,5.77053807021559,11.2016565561279,12.0658629777336,7.26213696647943,4.11682804164681,1.4513054307407,2.39035229650723,2.80230083647626,3.01490028898772,2.74760256257211,1.04757663187654,4.4383335888395,0.512843095700745,1.80979177212284,2.24794854086232,-0.163087223606624
Cuba,CUB,Tax revenue (% of GDP),GC.TAX.TOTL.GD.ZS,..,..,..,..,..,..,..,..,..,..,..,..,..,..,..,..,..,..,..,..,..,..,..,..,..
Cuba,CUB,Crop production index (2014-2016 = 100),AG.PRD.CROP.XD,79.21,97.03,93.93,86.44,104.54,125.11,124.68,130.06,131.46,138.19,108.38,89.16,95.23,95.13,97.69,84.44,88.97,94.41,98.12,97.18,101.09,101.73,103.91,91.8,92.64
Cuba,CUB,"Foreign direct investment, net inflows (% of GDP)",BX.KLT.DINV.WD.GD.ZS,..,..,..,..,..,..,..,..,..,..,..,..,..,..,..,..,..,..,..,..,..,..,..,..,..
Cuba,CUB,Fuel exports (% of merchandise exports),TX.VAL.FUEL.ZS.UN,..,..,..,..,1.26579686555557,3.12565065656758,1.48599419229552,0.401734776982459,1.49855667171442,0.500193591079981,0.847512024990472,0.000278319364383238,..,..,..,..,..,..,..,..,..,4.16853497390377,2.50525444623505,3.22102076823463,..
Curacao,CUW,Trade (% of GDP),NE.TRD.GNFS.ZS,..,..,..,..,..,..,..,..,..,..,134.911459782692,144.555511068893,146.049122473292,166.739541731544,144.702341659916,143.932211823816,172.923417836707,183.236460764441,166.406148932184,164.359817499142,148.31381621544,139.052978198311,139.812449178121,155.268858003963,..
Curacao,CUW,Exports of goods and services (% of GDP),NE.EXP.GNFS.ZS,..,..,..,..,..,..,..,..,..,..,59.4962849609475,63.3906524770353,60.8534420640082,69.4667581954085,60.6840139427977,55.5395332218441,72.9856711959639,80.7958217032046,74.2989827209936,75.9321211330736,68.4941165656232,62.9955094892782,59.6296891233626,63.2460005532277,..
Curacao,CUW,GDP growth (annual %),NY.GDP.MKTP.KD.ZG,..,..,..,..,..,..,-0.695753704098053,0.397065216763636,0.288186681651752,0.208461073109362,0.676425345201665,1.63593468987035,2.46996322836787,2.18804308019168,-0.531308242338184,0.0823066088131412,0.508457572414372,-0.34895035717112,-0.635696647893425,-0.637398345190817,0.45815174597594,-1.06770769957464,-1.27620931537493,-2.10411142994484,-3.20613171902549
Curacao,CUW,Tax revenue (% of GDP),GC.TAX.TOTL.GD.ZS,..,..,..,..,..,..,..,..,..,..,..,..,..,..,..,..,..,..,..,..,..,..,..,..,..
Curacao,CUW,Crop production index (2014-2016 = 100),AG.PRD.CROP.XD,..,..,..,..,..,..,..,..,..,..,..,..,..,..,..,..,..,..,..,..,..,..,..,..,..
Curacao,CUW,"Foreign direct investment, net inflows (% of GDP)",BX.KLT.DINV.WD.GD.ZS,..,..,..,..,..,..,..,..,..,..,..,..,..,..,..,..,2.40614386605524,2.31350889001072,-0.0497229528681824,2.26501702747432,4.78739209486991,4.39991505278562,5.69261131262937,4.16644113125828,6.71586643004897
Curacao,CUW,Fuel exports (% of merchandise exports),TX.VAL.FUEL.ZS.UN,..,..,..,..,..,..,..,..,..,..,..,..,..,..,..,..,..,..,..,..,..,..,..,..,..
Cyprus,CYP,Trade (% of GDP),NE.TRD.GNFS.ZS,134.390566572445,140.848930490498,139.762943221523,134.909751651751,131.209319861428,137.494942180642,131.849090965307,123.641342533496,114.004668482326,113.903605268943,111.917072822542,109.806326467883,111.274951276524,112.925717017571,102.790860728549,109.18869855261,110.924594227561,112.659766633813,121.231147575875,131.239499164695,137.738478376069,139.642512628544,148.504514290801,148.95723318409,151.944491675827
Cyprus,CYP,Exports of goods and services (% of GDP),NE.EXP.GNFS.ZS,66.7633198546764,70.2076408556477,69.1855924872905,68.6974890554713,66.9264571223466,69.9628437276103,68.2088670199269,62.4053120319487,57.7621459324228,56.889798983029,55.6921102559885,53.4357273848067,53.2588980125664,50.0816009783701,48.7221408291604,50.4671773388259,53.6026627840291,55.4336176995395,61.4511657620711,66.1508749115972,70.2529680368871,70.7986015360282,74.0814962039019,75.1840847638956,76.4877486300826
Cyprus,CYP,GDP growth (annual %),NY.GDP.MKTP.KD.ZG,8.36246930466569,1.24858157644654,2.64089463952175,6.11084674642566,4.99796042248005,5.96531031488554,3.95256054086292,3.72295649883057,2.6232861229859,5.02634392575987,4.85300383835666,4.71382866563106,5.09806845261184,3.6468119905756,-2.01526235906867,2.01469570699406,0.401437941132741,-3.44682208589713,-6.55307825499119,-1.82930910922002,3.38307971194378,6.45455446625895,5.85254035493243,5.69284172448825,5.83988491154004
Cyprus,CYP,Tax revenue (% of GDP),GC.TAX.TOTL.GD.ZS,31.4981383964077,30.4848195618204,29.2465142560274,31.2949526116382,32.2018831678499,35.5331681664013,36.3857611009678,36.6175007190676,37.614991707992,37.29678065791,39.5856637275598,41.5392579358922,48.5634216889387,46.0460832170594,23.2491854431902,23.1149201951533,23.2141207864472,23.4002992781616,23.5804822537324,24.7903619478902,24.1283263957382,23.6210031622867,23.8989250917079,24.0487006698593,23.2993930370698
Cyprus,CYP,Crop production index (2014-2016 = 100),AG.PRD.CROP.XD,221.92,203.57,159.47,183.71,192.84,176.58,169.82,177.97,169.52,185.48,151.89,142.99,132.13,110.62,108.92,110.17,117.92,104.56,99.1,101.4,109.17,89.43,94.43,86.67,88.74
Cyprus,CYP,"Foreign direct investment, net inflows (% of GDP)",BX.KLT.DINV.WD.GD.ZS,2.4477353979412,2.33471192487906,5.72402170347715,3.37019249936109,7.74491695257071,8.56086119538577,9.08590329543211,9.66223911887501,6.24271140036787,6.45961962556633,6.30362711595489,9.32555099496552,9.57344136774277,44.1638687211392,249.108048567269,120.595961081602,146.729404967253,280.145510398677,108.648200653739,223.436708076654,145.952088807572,40.6062213717706,62.9914353292414,-4.34995322006781,203.625433364883
Cyprus,CYP,Fuel exports (% of merchandise exports),TX.VAL.FUEL.ZS.UN,1.62194500454233,2.58764777829738,1.92610860821147,2.60505864529173,3.01711657886608,5.91527040462518,5.08966076885184,3.88475971601288,3.58841955792731,0.969512303635874,0.0386433074214067,0.052638153306894,0.00758022597991503,0,0,0.00235021753249288,0.0136695432866564,0,2.30321642764847E-05,0,11.7142450504551,19.4642761267531,30.9936030304856,40.9673800485684,26.3058906698995
Czechia,CZE,Trade (% of GDP),NE.TRD.GNFS.ZS,83.4870632572953,81.0974959751374,84.6399130604194,84.4158277010735,85.9992285782893,98.0463388969232,99.0124561576286,91.334650324677,94.9735288575828,113.488959982229,121.297960403591,127.028381868435,129.77901730598,123.742499121909,112.797244532562,128.028911534811,137.862818884663,146.528856576028,146.42241704968,157.574982178056,155.175663480909,150.586267345414,150.532652492994,147.94852332232,141.771023662617
Czechia,CZE,Exports of goods and services (% of GDP),NE.EXP.GNFS.ZS,40.2107114801298,38.1331744344009,40.2495352669475,42.0515119928184,42.7603315249161,48.0909898172434,48.8565118571175,45.0041286043534,46.728047793977,57.0578398918942,61.813226864735,64.875423442478,66.1007691863238,62.9516480907081,58.3454298084121,65.5430054071382,70.8218671927368,75.6461865650325,76.0583816157677,81.9542745743788,80.5587781149995,79.1070766309635,79.0271394981121,76.9435759590934,73.8797803262645
Czechia,CZE,GDP growth (annual %),NY.GDP.MKTP.KD.ZG,6.50081352909872,4.26541664546846,-0.518331043362068,-0.356566596194511,1.38414894342924,4.00102863502944,3.04297656257042,1.56985532822202,3.58368845880418,4.81426100126959,6.60161752988951,6.76693268125427,5.57033885921025,2.68641195092762,-4.65733109171755,2.43490215904518,1.76035962445222,-0.785004299003617,-0.0459036735515213,2.26210289708078,5.38838083815307,2.5372845203138,5.16872430413071,3.22008806955105,3.02987866345279
Czechia,CZE,Tax revenue (% of GDP),GC.TAX.TOTL.GD.ZS,16.2381773920539,15.2960631513922,15.0846463564117,14.3672703262136,14.8700633781968,14.4749860557544,14.7414666828996,14.5648317231405,14.9858046108097,15.4064666649563,14.4846863633168,14.2222295228868,14.6116900671662,13.6730928105351,13.5702219344919,13.6507574751995,14.5202634059379,14.9287634461197,15.0811610763803,14.4296540586861,14.7695604553833,14.9127775532102,15.0055285503497,14.8334032865248,14.7687696689181
Czechia,CZE,Crop production index (2014-2016 = 100),AG.PRD.CROP.XD,93.16,94.89,90.67,91.96,98.08,92.26,96.34,80.86,67.93,99.55,89.72,78.17,85.52,95.04,91.46,80.83,94.38,79.85,91.06,104.2,94.61,101.19,90.19,87.42,87.1
Czechia,CZE,"Foreign direct investment, net inflows (% of GDP)",BX.KLT.DINV.WD.GD.ZS,4.26880344926224,2.12988014189172,2.06897648067951,5.53855971351502,9.68588830944053,8.06603108565235,8.31864159453878,10.3370102281862,2.01944879947117,5.36117804621235,10.0115335790166,4.56406980590854,7.26437054022737,3.72245749433628,2.54134141893611,4.86336501936901,1.82465874546556,4.51656746777655,3.47571024002001,3.86353982265705,0.904050969999615,5.52835275386419,5.13872541173649,3.34323305768324,4.25745331930823
Czechia,CZE,Fuel exports (% of merchandise exports),TX.VAL.FUEL.ZS.UN,4.26623500576797,4.52900423382999,3.75639607682378,2.97129270150384,2.84989501856792,3.05448448687027,3.00433152308771,4.03844529892403,2.87675595801679,2.76580424713664,2.95424919653861,2.76577181735436,2.63056083754343,3.01206721644122,3.5789370057009,3.68041612517435,3.78387115646777,3.77861262452304,2.95781400958343,2.65099353687188,2.94062234866954,1.87099322261971,1.79182139156991,1.93349422036721,1.72411289625088
Denmark,DNK,Trade (% of GDP),NE.TRD.GNFS.ZS,68.514602773058,68.4712660120606,71.1684624019632,71.2991187214461,72.6971979470271,82.9839510533025,83.9685758745007,84.5569748062335,80.881707399814,82.2077652710513,89.3997408561776,97.3667362031348,100.067851177026,104.828229903848,89.7550392904332,94.0999768880069,101.245795489044,103.240970340292,103.050141083868,102.263916342342,104.048228406694,100.168828784783,102.979389908635,106.974996433357,110.224828604234
Denmark,DNK,Exports of goods and services (% of GDP),NE.EXP.GNFS.ZS,36.6119570369652,37.0673836258126,37.7628610500949,37.1865605187066,39.3484366798101,44.8472655641397,45.5544939498925,45.7044791859005,43.8384088674947,43.9284349569116,47.452125515225,50.7300470194145,51.4825350512378,54.1757974140397,47.1260734604538,50.5229276395878,53.8201489280677,54.6304940173438,54.8288189867113,54.6131394364014,55.418174402012,53.4259805224841,55.0773767829077,56.5598044910739,58.6471822154845
Denmark,DNK,GDP growth (annual %),NY.GDP.MKTP.KD.ZG,3.0275872672533,2.90009976874006,3.26089015774798,2.21815874223761,2.94802216063901,3.74686259540198,0.823152998014436,0.46634557149423,0.390058556485101,2.66821926741747,2.33664130821947,3.9130079783106,0.909238928302372,-0.512016744849106,-4.90654772965155,1.87099114718497,1.33677776690328,0.226499791802965,0.933340972371226,1.61939381103033,2.34259110757047,3.24595698524396,2.82173634129026,1.98953731496432,1.49348695853648
Denmark,DNK,Tax revenue (% of GDP),GC.TAX.TOTL.GD.ZS,31.6608320178835,31.8798206458533,31.7470263981277,32.0466262429374,31.9265707768313,31.594119030262,30.1671958268026,30.1171896655578,30.1407778844165,31.2922144945636,33.071767670922,31.8602911588695,35.0930011659876,33.4215407090296,33.1838392200882,32.7372366745839,32.7534892718105,33.4463982120414,33.8197526581539,36.5002916609685,33.9216190603815,33.2950594843919,33.3998795843063,32.2352444013286,34.8340429595631
Denmark,DNK,Crop production index (2014-2016 = 100),AG.PRD.CROP.XD,91.11,91.06,95.08,94.36,89.37,91.72,89.27,84.99,88.22,90.77,90.11,84.65,85.85,93.03,100.47,89.12,90.77,93.69,93.84,101.12,103.9,94.98,107.11,75.83,103.74
Denmark,DNK,"Foreign direct investment, net inflows (% of GDP)",BX.KLT.DINV.WD.GD.ZS,2.23744289173865,0.412212569270951,1.60868342201278,3.77116701349912,9.46697462674685,21.9380936434814,5.63524699016127,2.48030851638993,0.543258463167203,-3.50243080506856,4.857700582033,0.84318706518409,3.69711411627472,0.620106753447922,1.17390242059711,-3.65466908301772,3.94150318758658,-4.99767032555428,0.198012180552081,1.86330528301876,0.611475183333102,2.49237426030716,1.08613294747868,2.45600096718496,-1.09718546490012
Denmark,DNK,Fuel exports (% of merchandise exports),TX.VAL.FUEL.ZS.UN,2.58347842883058,4.29019604635323,3.74552775107754,2.74678447626865,3.76646604633445,7.01146142066434,5.72402380469714,6.18038916103507,6.55280343105257,7.84721688725071,9.64491757214053,10.0941238028224,8.46334678925946,9.6218117688159,7.63371922050744,8.07066918425641,8.90717292190029,9.36040400147185,8.57392151061066,6.55193063562233,4.82598352011379,3.52193023259605,3.95928479598214,4.31161076936038,3.99130782895772
Djibouti,DJI,Trade (% of GDP),NE.TRD.GNFS.ZS,..,..,..,..,..,..,..,..,..,..,..,..,..,..,..,..,..,..,347.996515061999,299.367862925061,268.363456254629,213.071998607921,305.967966403468,300.398686676008,320.939002998625
Djibouti,DJI,Exports of goods and services (% of GDP),NE.EXP.GNFS.ZS,..,..,..,..,..,..,..,..,..,..,..,..,..,..,..,..,..,..,156.538300905396,158.374311256779,145.421307480105,103.764025112093,150.098361470494,156.619875027706,166.717746372109
Djibouti,DJI,GDP growth (annual %),NY.GDP.MKTP.KD.ZG,..,..,..,..,..,..,..,..,..,..,..,..,..,..,..,..,..,..,..,7.06154324233921,7.52610891881017,7.1234323372872,5.458091517212,4.7744168883374,5.5451305999467
Djibouti,DJI,Tax revenue (% of GDP),GC.TAX.TOTL.GD.ZS,..,..,..,..,..,..,..,..,..,..,..,..,..,..,..,..,..,..,..,..,..,..,..,..,..
Djibouti,DJI,Crop production index (2014-2016 = 100),AG.PRD.CROP.XD,65.29,66.1,68.22,69.22,71.66,73.62,75.87,78.69,74.13,77.61,78.32,74.6,79.87,83.02,86.33,87.23,91.4,102.96,97.84,98.53,101.23,100.24,123.49,138.76,158.49
Djibouti,DJI,"Foreign direct investment, net inflows (% of GDP)",BX.KLT.DINV.WD.GD.ZS,0.646649181513972,0.660629876416653,0.616772633652726,0.617093489663684,0.599332232633272,0.596129445834392,0.592742006829803,0.580649337298248,2.28673980374562,5.78669482576557,3.13326292887826,14.0839401368509,23.0388936446949,22.785843817934,9.2325515288363,3.23415329697175,6.37538483893526,8.12615091720048,14.0004926959276,6.90837061258158,5.93271216592948,6.1420623506391,5.97013597143086,5.83497309667245,5.66550040200762
Djibouti,DJI,Fuel exports (% of merchandise exports),TX.VAL.FUEL.ZS.UN,..,..,..,..,..,..,..,..,..,..,..,..,..,..,6.47331941297147,..,..,..,..,..,..,..,..,..,..
Dominica,DMA,Trade (% of GDP),NE.TRD.GNFS.ZS,..,..,..,..,..,..,..,..,..,..,..,87.965036823324,91.1734976399961,96.9153915173267,84.3263915183642,89.1332228330571,90.430745803056,84.0007925681494,87.7248401962242,117.489111560249,107.787724573456,101.782339859367,102.628196479168,106.96050417924,..
Dominica,DMA,Exports of goods and services (% of GDP),NE.EXP.GNFS.ZS,..,..,..,..,..,..,..,..,..,..,..,37.0093386986561,35.0862697875557,34.2071440696462,30.2514199166982,35.5680889202223,37.5777109190771,32.5852201281827,38.8256280660027,52.4146716388169,47.3242967417585,44.6311269941253,40.8758761246707,29.1932598071942,..
Dominica,DMA,GDP growth (annual %),NY.GDP.MKTP.KD.ZG,3.03086260171609,3.10420226303275,2.18562770161429,3.77422683919843,0.354079012075843,2.3402193206939,-0.0638447296175713,-2.82799889265104,6.35313712169359,3.0506902946631,0.655862268923528,4.65945548635737,6.3529724394503,7.12105798575789,-1.16959064327486,0.672634400445048,-0.22355068823471,-1.05900024335187,-0.99994063117542,4.75378658076897,-2.73150306271826,2.76364798170461,-6.61899463280534,3.54758441831531,5.5024834367041
Dominica,DMA,Tax revenue (% of GDP),GC.TAX.TOTL.GD.ZS,..,..,..,..,..,..,..,..,..,..,..,..,..,..,..,..,..,..,..,..,..,..,..,..,..
Dominica,DMA,Crop production index (2014-2016 = 100),AG.PRD.CROP.XD,101.44,120.3,118.19,109.26,106.7,107.09,97.85,95.98,87.38,90.31,89.57,93.08,95.62,95.15,98.93,97.22,96.36,98.57,98.71,98.23,98.88,102.89,99.71,99.23,100.2
Dominica,DMA,"Foreign direct investment, net inflows (% of GDP)",BX.KLT.DINV.WD.GD.ZS,19.7042673466359,6.08994259791933,6.9688412971995,2.01950580694076,5.4122243929668,5.2767195708431,5.03108159599368,6.03567244311549,9.16723628282304,7.12798152182682,5.28078678990128,6.63866828638675,9.60827381318613,12.3416923313206,8.67367292692163,4.92920762301906,2.83278206938356,4.76390423642917,3.59540248253307,2.37301877142529,1.32418828718005,7.33473669765782,4.34802553442194,14.1109143908535,10.3084171305166
Dominica,DMA,Fuel exports (% of merchandise exports),TX.VAL.FUEL.ZS.UN,0.000107610830970608,..,3.92247456525302E-06,..,0,0,0,0,0,0,0,0,0,0,0,0.0528019163483777,..,0,0.00531517299232305,..,..,7.33421155815325E-05,0.223367956944298,0.000126027499782118,0.000386000094456494
Dominican Republic,DOM,Trade (% of GDP),NE.TRD.GNFS.ZS,73.8979593803276,72.6424908698332,74.2332371692166,75.9113027135939,76.3027532814337,79.3003930961432,70.5105678080061,68.7232829028777,84.4495031861592,81.3514229381911,61.6535587358027,63.7664826351505,61.9472306770769,61.3920530912843,50.6122826050753,55.999936071454,58.9896658983352,58.3886738848346,56.6817561171068,55.4964232490441,52.1710777171955,51.5859712555968,50.2250854248266,52.0559663874181,51.0111449209557
Dominican Republic,DOM,Exports of goods and services (% of GDP),NE.EXP.GNFS.ZS,35.2267216224166,34.8867097256752,35.2222875438087,34.3098842791,34.9811021074665,35.4978251417642,31.8906200886267,30.724010155589,42.1529981602708,41.1474766418853,28.3311381514539,28.2249162691947,26.7620220119612,23.9067364940618,21.0309281003904,22.6757522059548,24.186975308385,24.583177865511,25.167158727,25.1513905580691,23.7615822994204,23.909379521893,23.6821453426385,23.5514313052003,23.0692820412923
Dominican Republic,DOM,GDP growth (annual %),NY.GDP.MKTP.KD.ZG,5.68543073698642,5.97782511434266,8.88526906590393,6.71447771177176,5.94004913628554,4.6617622800146,2.45951636772918,4.49510340292099,-1.34570618506442,2.57013427930197,9.4282369467968,9.1743554058408,7.41595171481455,3.20950426157958,0.946155167790621,8.33965105962218,3.13342300326755,2.71736789670562,4.87520509332271,7.05046368965911,6.9270187716221,6.65920026269582,4.66670467732366,6.98252758458058,5.05216802016253
Dominican Republic,DOM,Tax revenue (% of GDP),GC.TAX.TOTL.GD.ZS,10.5746248391509,10.3443425255087,11.4087879252525,11.4316696590021,11.5292954816426,12.1644136566349,13.3805069856065,13.2167276126136,11.7451429764128,12.5218843188301,13.6981611220213,13.9947598935454,14.8862683653105,14.1610535171598,12.6359093523094,12.207401125726,12.2976255127202,13.0264829667776,13.5035356326334,13.3864470357334,12.8118479609538,12.9108685475088,13.030751059434,13.0249349887579,13.3027785951135
Dominican Republic,DOM,Crop production index (2014-2016 = 100),AG.PRD.CROP.XD,48.62,50.23,51.69,50.17,49,51.43,56.69,58.8,63.09,57.78,56.21,62.9,62.22,56.18,65.02,71.33,79.3,82.39,89.02,97.88,99.07,103.06,109.01,117.56,120.14
Dominican Republic,DOM,"Foreign direct investment, net inflows (% of GDP)",BX.KLT.DINV.WD.GD.ZS,2.5088098596536,0.735680171267024,2.0417185963078,3.08644032520187,6.07546439711917,4.0689908919589,4.24930666375932,3.41225986375611,2.88055489904245,4.18629057899448,3.12598170087694,4.0356569620282,5.12424998266344,5.66968516504713,3.51276854591374,3.37949066400807,3.7868491701657,5.62922471105454,2.55240090146222,3.55061264323925,3.12977646262852,3.32357400838347,4.49748483387599,3.20786334506486,3.1809718229246
Dominican Republic,DOM,Fuel exports (% of merchandise exports),TX.VAL.FUEL.ZS.UN,..,0.0201465131348334,0.0241570020379593,..,..,..,15.8079645538506,1.97124170560477,2.5885470393514,3.72611529328814,5.2442182706843,0.00912935198268182,5.52179161382597,7.74372386578028,5.84510534150755,0.099717507251035,2.93053082718266,6.3417919456367,1.96443334758797,5.69909161592124,4.40638828054659,3.83103177400536,4.70047640907006,5.08445416179815,4.36862169290227
Ecuador,ECU,Trade (% of GDP),NE.TRD.GNFS.ZS,45.9112707318244,44.2157026832153,45.0171863180765,43.395107949805,49.2012507989376,59.464699296633,50.7450571604332,49.3765496413265,47.2416306944026,50.6652403671973,56.0998297037723,59.7097831881018,62.5871384279303,68.0569473760308,52.1048490230741,60.3032387134123,64.4902388929988,61.7511124083851,59.6061560569664,57.7081689892069,45.243877148583,38.5213403358829,42.4217213910174,46.3621309486896,46.0768211909258
Ecuador,ECU,Exports of goods and services (% of GDP),NE.EXP.GNFS.ZS,21.2869033721764,22.2732846879762,21.5349262106698,17.8919508668257,26.3775416402476,32.1275352850362,23.2227470913006,21.4923738863205,22.5984000546606,24.5543485987149,27.618174102084,30.3330747691276,31.9317679733426,34.1636395532671,25.2491079369784,27.8949559708311,31.121199802252,30.164809271004,28.6382882966079,28.0518541458062,21.2582213779601,19.5047912651498,20.8328178926217,22.6046839884209,23.0483673045907
Ecuador,ECU,GDP growth (annual %),NY.GDP.MKTP.KD.ZG,2.25254877423716,1.73174751447954,4.32786476432231,3.26652940374666,-4.73938579085588,1.0918015643576,4.01562989958492,4.09677665885357,2.72287733695474,8.21102091734038,5.29130826699402,4.40352643383186,2.1900639722454,6.35713059990832,0.566491592100093,3.52529866894027,7.86814091910996,5.641962066712,4.94651126690626,3.78886854920833,0.0988726083462694,-1.22638398463879,2.36838652633651,1.28929193290502,0.0121051028476558
Ecuador,ECU,Tax revenue (% of GDP),GC.TAX.TOTL.GD.ZS,..,..,..,..,..,..,..,..,..,..,..,..,..,..,..,..,..,..,14.3371208369002,14.1573264926724,16.0455890031652,14.2120104242627,13.7118307400763,14.2815135047397,13.3374007286542
Ecuador,ECU,Crop production index (2014-2016 = 100),AG.PRD.CROP.XD,73.99,79.05,82.55,70.73,86.11,70.58,83.79,76.43,82.02,86.2,84.08,83.17,86.69,89.93,97.55,103.25,98.68,94.6,86.67,98.83,107.03,94.14,93.66,93.4,94.94
Ecuador,ECU,"Foreign direct investment, net inflows (% of GDP)",BX.KLT.DINV.WD.GD.ZS,1.85193034031665,1.98078257206972,2.57065775466879,3.10908156656419,3.30059048812225,-0.127889942196138,2.2010848604506,2.74357251922969,2.68713110026757,2.28724133046501,1.18874605515093,0.579950851142313,0.380084250544775,1.71204486362154,0.493652335536362,0.23850542024117,0.814974200589349,0.645345741976643,0.764305489903436,0.759282221720076,1.33215455916871,0.764667286428376,0.603650423119565,1.29153293897249,0.905594789228823
Ecuador,ECU,Fuel exports (% of merchandise exports),TX.VAL.FUEL.ZS.UN,35.0771093762565,36.3213789589622,29.7250489696057,21.9572375032799,33.242154001429,50.6508422802778,40.8783929169536,40.9750775445068,43.1626885974467,55.6625239238104,59.4704452779803,59.273668541052,59.9917457565675,62.2801482982578,50.2337945782196,55.3030204823096,57.7787990802791,57.846148412909,56.5210833601088,51.6086837081626,36.3427967688568,32.7169914569429,36.2561114099386,40.7852721644812,39.1701538590398
"Egypt, Arab Rep.",EGY,Trade (% of GDP),NE.TRD.GNFS.ZS,50.2450980392157,46.9485614646905,43.7382474614517,41.9276270006959,38.3615084525358,39.0179359012055,39.8104265402844,40.9870678279229,46.1796407185629,57.8199052132701,62.9526462395543,61.5185365063947,65.077873254565,71.6806253489671,56.5534446363462,47.9363500745898,45.2556341623514,40.7117692721084,40.373038056332,36.9201877934272,34.8459429600229,30.2465490514505,42.8321343581608,45.9110196733959,41.1240171551108
"Egypt, Arab Rep.",EGY,Exports of goods and services (% of GDP),NE.EXP.GNFS.ZS,22.5490196078431,20.7497820401046,18.8416698006769,16.214335421016,15.0520156046814,16.2011173184358,17.4797881237803,18.3161784111903,21.7964071856287,28.2299608489594,30.3435468895079,29.9498138254816,30.249731471536,33.0429927414852,24.9568221070812,21.3492458146859,20.5674276128656,16.3969666208873,17.0178456245969,14.2441314553991,13.1838454928598,10.3454639403558,15.0140868185672,17.984655608418,16.6440314510365
"Egypt, Arab Rep.",EGY,GDP growth (annual %),NY.GDP.MKTP.KD.ZG,4.6424587739578,4.98873056587423,5.49235474181435,5.57549746119194,6.05343878285713,6.37000383212826,3.5352519726413,2.39020402595989,3.19345473739745,4.0920716112534,4.47174447174434,6.84383819379117,7.08782742681038,7.15628356605819,4.67359979952391,5.1472348575531,1.7645719489982,2.22619979863525,2.18546605362143,2.91591187985748,4.37201907790141,4.34664345555447,4.18122099994778,5.3311086189448,5.55209307156956
"Egypt, Arab Rep.",EGY,Tax revenue (% of GDP),GC.TAX.TOTL.GD.ZS,17.6230392156863,17.4629468177855,15.9646483640466,..,..,..,..,13.4077593032462,13.3499401197605,13.8359777457243,14.068635097493,15.8295127084345,15.3498523093448,15.3205248464545,15.6613605833813,14.1300762473065,14.0086354022318,12.3849047590613,13.4980649322726,12.2201408450704,12.5192110970171,..,..,..,..
"Egypt, Arab Rep.",EGY,Crop production index (2014-2016 = 100),AG.PRD.CROP.XD,57.94,63.41,64.34,64.02,69.76,73.26,71.8,75.45,76.83,81.03,83.8,89.18,91.36,95.13,95.74,88.44,93.2,97.69,94.03,99.07,101.99,98.94,100.63,96.22,101.21
"Egypt, Arab Rep.",EGY,"Foreign direct investment, net inflows (% of GDP)",BX.KLT.DINV.WD.GD.ZS,0.994028431372549,0.940414995640802,1.13537589319293,1.26843702157272,1.1743928153446,1.23699720670391,0.527384722609423,0.759753233043019,0.295683832335329,1.59083618380383,5.99950900649954,9.34856726566294,8.87633606337272,5.8314126186488,3.54835118019574,2.91601657550141,-0.204542848807527,1.00234071774049,1.45343420769727,1.50925042253521,2.10258128401326,2.43856278142762,2.98301550917695,3.10040077579187,2.82732944960686
"Egypt, Arab Rep.",EGY,Fuel exports (% of merchandise exports),TX.VAL.FUEL.ZS.UN,37.2504079560839,47.5909842920212,45.3508405837127,29.5257393353993,36.9130338926473,41.9128863608293,40.4973736835231,33.5758472614446,43.0771531636003,43.1044662663056,51.2725247920002,55.4576130325556,52.2178046042278,43.9609378227177,28.5311081758902,28.675015261694,29.2504485443273,30.1290625343441,26.0844601901547,23.3551757931695,17.8713832773737,13.7657934284608,19.3528393471568,24.5656689391505,26.5041346706762
El Salvador,SLV,Trade (% of GDP),NE.TRD.GNFS.ZS,59.3607543357884,55.2818567293307,63.5570927549383,60.8722907509534,60.9904896201298,68.7100889044911,65.8907385362251,65.9190907767708,68.23698247861,69.7822641767691,69.7158116750578,73.4555675070266,77.6210560347995,80.6659739399085,66.0711911744487,73.5372876725398,79.2766437025052,77.6485716222883,80.4511944908271,78.1044257477935,76.5602707370519,72.8190933731491,74.3046511916519,75.6336168879956,76.0420130991468
El Salvador,SLV,Exports of goods and services (% of GDP),NE.EXP.GNFS.ZS,21.5545012590357,21.1409878973678,26.0218365312193,24.3865859021675,24.3964014453133,26.8272702258496,25.0092920568115,25.5130894550755,25.9234207599485,25.9062104819237,25.2665668798476,25.9396783352886,25.5670345496495,26.7405871721015,23.9512044914048,26.9466693264064,28.9817775582263,28.5710611774443,29.7248960481943,29.5528752334192,29.4861730232304,28.4585905008509,29.0297643758665,28.9343737810256,29.9559096080003
El Salvador,SLV,GDP growth (annual %),NY.GDP.MKTP.KD.ZG,4.73408140229732,0.811461899328009,3.13797006665828,2.65227730016461,2.16203373722973,1.12790697674419,0.879613659882722,1.57291844759789,1.56539303147618,0.889404485692197,2.68083009363194,4.3369986028604,1.84760220587859,2.15440283228119,-2.10876803551609,2.15419501133786,3.77358490566037,2.88770053475935,2.18295218295219,1.7293997965412,2.40000008852115,2.53906241135864,2.28571437002014,2.4208565263835,2.36363628316258
El Salvador,SLV,Tax revenue (% of GDP),GC.TAX.TOTL.GD.ZS,..,..,..,9.87978982523739,10.4317569074698,10.6054956959982,13.3067008259599,12.0994707415286,12.6782970945656,12.6544548602852,14.5108177983399,15.6701077319907,16.744896909489,17.0602032925092,14.9770305233268,15.8120807115382,15.3440335085472,16.1824358287957,17.0547352184716,16.7087952019765,16.7526849094045,17.3547756189279,17.7537510645061,18.128923536318,18.0814504146774
El Salvador,SLV,Crop production index (2014-2016 = 100),AG.PRD.CROP.XD,104.55,108.16,103.2,101.96,113.95,102.25,101.15,92.33,89.31,96.43,97.12,103.52,105,117.87,109.77,105.48,100.5,116.72,102.52,101.06,93.95,104.99,107.19,103.37,107.01
El Salvador,SLV,"Foreign direct investment, net inflows (% of GDP)",BX.KLT.DINV.WD.GD.ZS,0.426333155458645,..,0.577629026954658,10.0824491417474,1.91240900881117,1.47137092746017,2.2707041485317,3.71125187529755,1.06615183714648,2.64681242347754,3.47761600217717,1.50707286112592,9.11434743633077,5.0206011155903,2.09486399547314,-0.613406192808094,0.603930846788838,2.01123945886672,1.11490857279595,2.2408951362935,2.10997804482034,1.98198031581358,2.01688451540263,1.58620478716365,2.59024369040438
El Salvador,SLV,Fuel exports (% of merchandise exports),TX.VAL.FUEL.ZS.UN,0.0565357655124746,3.23067591345229,3.28093904664212,3.77818300040852,4.6829748256665,2.64228351172831,2.86889555601653,2.15866523854517,2.00487312073414,1.85819761530743,1.86278033146763,2.2630253508994,2.84937473805287,3.44085217496394,2.75552281120897,2.92291722483646,3.17562525140071,3.18128162520571,2.310418912892,2.57051935028685,1.9602368517525,2.85703125629467,3.1700621689001,3.53674673172561,3.37096131973082
Equatorial Guinea,GNQ,Trade (% of GDP),NE.TRD.GNFS.ZS,..,..,..,..,..,..,..,..,..,..,131.02447181321,118.532782368937,134.083789857569,128.688006601458,122.212077110801,144.668225001248,114.37734663649,116.675422472364,106.893284926066,104.379198671388,98.8780591680756,92.6007307237942,102.428258251803,103.645681622953,94.8787924253545
Equatorial Guinea,GNQ,Exports of goods and services (% of GDP),NE.EXP.GNFS.ZS,..,..,..,..,..,..,..,..,..,..,87.4173831312055,82.3256504465367,88.621293972478,89.2243501802952,74.342209937853,85.7584331985967,75.0953126579793,71.9049918240751,67.6533166625479,65.9632885983728,56.6584738218082,51.4128299447575,58.8631052137026,59.6145347244398,51.1307495482003
Equatorial Guinea,GNQ,GDP growth (annual %),NY.GDP.MKTP.KD.ZG,17.4862637323938,66.5799972215897,149.972963487965,23.7744823299607,25.6640154410418,18.2137799569674,63.3798754250602,19.4628340359251,13.9552503163825,37.9987268556423,16.7487006053541,7.70491760658767,15.2821139194857,17.7991091333811,1.34335628806095,-8.92417588851806,6.52392362989873,8.31287184445641,-4.13319850131583,0.415066301596866,-9.11004114881537,-8.81641723219757,-5.66750850486686,-6.23654406734575,-5.48182537893445
Equatorial Guinea,GNQ,Tax revenue (% of GDP),GC.TAX.TOTL.GD.ZS,..,..,..,..,..,..,..,..,..,..,..,9.66888288644266,7.54668815352279,7.78635988913296,12.7630966475237,7.5861592239033,7.01579011251936,8.7422190526891,8.51634994290945,8.29890080820683,11.4567349338539,6.38440698934831,5.9818468716613,6.1689089093843,9.30194361410621
Equatorial Guinea,GNQ,Crop production index (2014-2016 = 100),AG.PRD.CROP.XD,70.51,72.59,73.49,71.87,72.63,77.1,77.61,76.18,79.15,79.76,82.35,84.43,87.85,88.96,88.86,92.07,93.85,95.83,96.2,97.57,102.64,99.78,101.97,102.56,102.84
Equatorial Guinea,GNQ,"Foreign direct investment, net inflows (% of GDP)",BX.KLT.DINV.WD.GD.ZS,89.4756175644807,161.823760047878,12.0838688344937,74.1238960273883,24.8416890742138,14.7705365160486,64.3841004514478,17.8991452347517,27.760575286966,7.7291472030674,9.36000533137973,4.65478291557773,9.50702130455371,-4.01962841654542,10.8879553284905,16.7581567258275,9.24740468952516,4.40075605939741,2.65594379343074,0.771291927370291,1.76955843936182,0.480381915928471,2.49839686024057,3.02418426626513,3.97995245506153
Equatorial Guinea,GNQ,Fuel exports (% of merchandise exports),TX.VAL.FUEL.ZS.UN,..,..,..,..,..,..,..,..,..,..,..,..,..,..,..,..,..,..,..,..,..,..,..,..,..
Eritrea,ERI,Trade (% of GDP),NE.TRD.GNFS.ZS,105.322628605412,116.617520301229,115.414776658722,94.9275656742685,96.2592361791151,67.8813619265146,72.0627109589752,76.5901636574451,74.0078242901552,65.570906849032,61.1060310218073,45.2608460537354,34.5595595326375,30.5609500494496,27.9721416148149,37.4714654565691,47.3937901188684,..,..,..,..,..,..,..,..
Eritrea,ERI,Exports of goods and services (% of GDP),NE.EXP.GNFS.ZS,22.3880193550131,29.2337703579368,29.6148227877297,14.8344835891991,9.53440754918544,9.67062059350866,10.8070403599802,11.7811808402808,6.44232783354792,5.77539898239118,6.16571332006919,6.8995093921478,5.77185258376616,4.42875664923759,4.52862385911089,6.37837659786896,18.1548372567671,..,..,..,..,..,..,..,..
Eritrea,ERI,GDP growth (annual %),NY.GDP.MKTP.KD.ZG,2.8583790589487,9.25883856340832,7.90868457794079,1.77258309100318,0.0134800959108077,-3.14198590251638,8.75543552816325,3.0054291917378,-2.65551592487554,1.45173556595506,2.57444955124846,-0.969217110711355,1.42682221120323,-9.78303001782456,3.8765015275421,2.19419034888082,8.67980010138049,..,..,..,..,..,..,..,..
Eritrea,ERI,Tax revenue (% of GDP),GC.TAX.TOTL.GD.ZS,..,..,..,..,..,..,..,..,..,..,..,..,..,..,..,..,..,..,..,..,..,..,..,..,..
Eritrea,ERI,Crop production index (2014-2016 = 100),AG.PRD.CROP.XD,88.85,71.71,76.28,138.6,112.81,76.04,94.39,60.02,71.37,72.86,123.87,114.78,133.04,61.25,84.34,86.66,99.46,100.79,100.04,100.72,99.32,99.96,100.67,99.98,99.93
Eritrea,ERI,"Foreign direct investment, net inflows (% of GDP)",BX.KLT.DINV.WD.GD.ZS,..,5.2873318249158,5.94284422038848,0.00610219577789719,12.0801079980764,3.94553485012566,1.61245122198836,3.1215534505383,2.87271881841127,2.17335356815591,0.130327894817657,1.26949253919125,0.546786303445142,2.82570036794966,4.9011804838025,5.72501513985957,1.8886183675912,..,..,..,..,..,..,..,..
Eritrea,ERI,Fuel exports (% of merchandise exports),TX.VAL.FUEL.ZS.UN,..,..,..,..,..,..,0,0,..,..,..,..,..,..,..,..,..,..,..,..,..,..,..,..,..
Estonia,EST,Trade (% of GDP),NE.TRD.GNFS.ZS,139.087473677663,132.977442750892,151.051344390403,156.838235827521,144.116453592933,126.495610165523,126.456987901508,123.318214706657,122.776875234578,129.978208039533,135.938816584636,136.643220946677,133.987601252435,136.689051143382,116.764747673625,143.678224078619,167.391979831694,170.759926419412,166.452834530816,160.241474731979,150.937189701775,150.408696743733,147.563722396444,145.920296083136,143.754530253766
Estonia,EST,Exports of goods and services (% of GDP),NE.EXP.GNFS.ZS,65.9013474101197,61.2792495590997,70.3823658944387,73.6343458033252,69.866107922999,61.6273943170743,61.2519641640865,57.9558790066704,57.1622882965674,61.0793356433405,65.435020060353,63.2667645864486,62.5985727746292,66.3922524308488,60.8643762008331,75.0493161875336,86.6037914150865,86.2077922686801,84.5681702038371,81.8654328816924,77.4354984416443,77.00753773581,75.8098540993405,74.3238978479862,73.884686414146
Estonia,EST,GDP growth (annual %),NY.GDP.MKTP.KD.ZG,..,4.94301449126702,13.0500147441833,4.33982551026151,-0.425025156762118,10.0876344406951,6.00367425106573,6.7713679304362,7.60026518508707,6.80400777050136,9.52642697162088,9.76558336997708,7.57914052046765,-5.13200095768519,-14.6290550324223,2.44426511799784,7.26308458128695,3.22820049358981,1.45842863615992,3.01136658651455,1.85302004629342,3.15556481438308,5.79204467466494,3.78420084952826,3.73970668161645
Estonia,EST,Tax revenue (% of GDP),GC.TAX.TOTL.GD.ZS,22.8390173739655,21.8490911610692,21.9671891680782,22.1073473986806,20.9245903191704,19.6861614691059,19.2210782518392,19.6343150213868,19.8292031975569,20.2326596306873,19.100312343795,19.9592746075041,20.222989178807,19.3020679183809,21.5210231409094,19.8239575423901,19.2438732127156,19.9520759479908,20.1672231040236,20.7473718622286,21.6400642865944,21.7746900736669,20.941809328623,20.9592129869857,21.2929535588773
Estonia,EST,Crop production index (2014-2016 = 100),AG.PRD.CROP.XD,66.62,67.77,67.43,54.9,52.25,73.83,61.54,53.87,53.1,53.16,66.4,54.38,76.51,68.53,73.17,65.24,72.48,82.13,83.62,95.87,122.83,81.3,103.72,71.14,120.29
Estonia,EST,"Foreign direct investment, net inflows (% of GDP)",BX.KLT.DINV.WD.GD.ZS,4.592689682119,3.46531703682218,5.3167878717308,10.4966423724993,5.6608955345096,7.31923766598522,9.47918147111243,4.59059944726891,10.5149208720017,8.94863599334533,21.6743735548716,10.3282677580747,13.5111961567385,8.12295909046486,9.50590313222057,13.2776301644786,4.82100708113248,7.76458523010248,4.37152766625212,6.689355477049,-3.12556273605922,3.8456728374778,6.44685216619255,4.02406402395405,9.82202103786608
Estonia,EST,Fuel exports (% of merchandise exports),TX.VAL.FUEL.ZS.UN,7.07357374536226,6.39286243147543,6.33594123744046,3.71615331373643,4.52333105711365,4.49531276691932,3.91045831328318,5.31993030472275,4.23761126864072,4.57624631517245,7.24164619557619,15.5473654441927,4.33060211149002,5.68918091433344,7.55377119463788,15.7557378331267,16.759429812844,16.1288814928579,10.2328124082169,11.0752147148655,10.9620111254271,8.25731127628323,9.90908638679396,6.25245637056531,5.15338494755635
Eswatini,SWZ,Trade (% of GDP),NE.TRD.GNFS.ZS,133.763074820193,139.987221994018,137.502563031875,151.95049210792,146.26654470857,156.40202388772,155.971914390272,175.79799329482,172.092031193313,150.17440958364,124.5380371006,106.924594734626,114.851328068943,112.988948867252,107.354251117346,106.667443431392,80.7612996259771,79.6668677230246,86.8012959287576,88.3410218820077,84.0897115628866,86.6516368151241,87.7983678755611,84.7474883944398,89.188621687827
Eswatini,SWZ,Exports of goods and services (% of GDP),NE.EXP.GNFS.ZS,60.0157160078692,59.3548318748919,61.3507662144286,67.1737748921722,64.9999048303866,71.2690588001201,73.9727333164279,81.0378025324364,83.7725443136163,71.540742092598,56.7839363660953,55.8396300331544,61.0740671223159,52.951077344546,49.5877316886906,46.4729501521187,34.8277444928212,36.6930204522778,40.5349665946202,43.8544194416515,43.1068657851489,44.059035008166,43.5131078012947,40.4318355582643,45.9448355682488
Eswatini,SWZ,GDP growth (annual %),NY.GDP.MKTP.KD.ZG,4.8256515499647,3.84205363771881,3.10280535039624,2.60403940132949,2.95087521148541,1.76017376022224,1.05476490606893,4.38009908790089,3.88021358597126,3.62391422596625,5.99877654987925,5.9921668378351,4.43537557686975,0.821663913800052,1.56504885243515,3.79375496828149,2.247229761068,5.39663069666727,3.86121379766622,0.923230547144357,2.22748067532406,1.06261019342853,2.0265781557498,2.38009549534866,2.69216827271678
Eswatini,SWZ,Tax revenue (% of GDP),GC.TAX.TOTL.GD.ZS,..,..,..,..,..,..,..,..,..,..,..,..,..,..,..,..,..,..,..,..,..,..,..,..,..
Eswatini,SWZ,Crop production index (2014-2016 = 100),AG.PRD.CROP.XD,70.23,76.94,80.71,79.57,86.82,77.46,77.84,83.95,83.74,87.09,90.98,86.86,85.42,87.17,88.47,93.29,95.85,98.23,100.6,101.71,100.11,98.18,102.14,105.24,104.84
Eswatini,SWZ,"Foreign direct investment, net inflows (% of GDP)",BX.KLT.DINV.WD.GD.ZS,3.04629095204008,1.35491846029589,-0.892048929076706,9.68479827643613,6.34868014150225,5.21594427667844,1.90149211128434,6.48958960983803,-2.73892985474728,2.51191090932949,-1.44269105314687,3.67727125593996,1.0807070118901,3.20967420909108,1.83513978065828,3.05626477337983,2.0476871336774,0.541895494609965,1.77899327588025,0.582923698768785,0.775195420568083,0.703667258804116,-1.30928903735236,0.667098955080786,2.86531064179099
Eswatini,SWZ,Fuel exports (% of merchandise exports),TX.VAL.FUEL.ZS.UN,..,..,..,..,..,0.698798009114149,0.818204089718946,0.705024745662401,0.653258092351942,0.657054524354526,0.586971596349744,0.920284908992837,1.26022040911437,1.78576152250976,0.789199614561463,1.17852241862115,0.508342725090656,0.966255611612647,1.27806869478273,0.957817323760654,0.774679896667241,0.878224883829489,1.18577885671476,0.999438298059724,0.8345161150458
Ethiopia,ETH,Trade (% of GDP),NE.TRD.GNFS.ZS,..,..,..,..,..,..,..,..,..,..,..,..,..,..,..,..,48.232935411689,45.3979041835072,41.4717870807625,40.7410841498626,39.6561241449515,34.8990528009428,31.1036313022906,31.199374943469,28.8153010070423
Ethiopia,ETH,Exports of goods and services (% of GDP),NE.EXP.GNFS.ZS,..,..,..,..,..,..,..,..,..,..,..,..,..,..,..,..,16.6868531997337,13.7672981990263,12.484073558977,11.6416199095703,9.36331359735926,7.81208050267299,7.62936862241418,8.37267586646371,7.9399766087609
Ethiopia,ETH,GDP growth (annual %),NY.GDP.MKTP.KD.ZG,6.12751141376545,12.4261737774646,3.13390685087593,-3.45813913371742,5.16214582105535,6.07321747957957,8.30130632052328,1.51472570631101,-2.16135972205798,13.5726031368695,11.8187659466494,10.834727065877,11.4561670000236,10.7885216853725,8.80255319782566,12.5505383459308,11.1782962271641,8.64781163337416,10.5822700482672,10.2574929610051,10.3924630202334,9.43348265784402,9.56418964295607,6.81614779681703,8.3640856990789
Ethiopia,ETH,Tax revenue (% of GDP),GC.TAX.TOTL.GD.ZS,8.42952152649884,8.95248838813134,10.5227644109401,11.2621453760978,10.8848189783442,..,8.08387167264084,9.70983167885198,9.11689550681182,9.68076220287628,8.72441638457737,8.26284585481565,7.81252966616113,7.81414425408042,6.58118138102551,8.1634410798229,9.20935861701915,9.37759471505438,8.76472537700643,8.81195539315636,8.35133826701354,8.08706553329928,7.6039292287321,7.519920423209,6.66174132174475
Ethiopia,ETH,Crop production index (2014-2016 = 100),AG.PRD.CROP.XD,30.49,36.45,36.53,32.46,35.2,36.45,38.81,37.74,39.19,42.64,50.66,51.31,56.26,57.76,65.63,72.55,76.5,80.55,88.89,95.98,100.99,103.03,106.37,105.94,108.11
Ethiopia,ETH,"Foreign direct investment, net inflows (% of GDP)",BX.KLT.DINV.WD.GD.ZS,0.184499327663341,0.256553048934515,3.35873961166133,3.33414102381644,0.908732803579197,1.63351478816419,4.24475958309364,3.2480726995032,5.39212251252315,5.38041579859625,2.13780093729558,3.56823527416241,1.12647092519686,0.400997134132692,0.68272936693443,0.963030625359937,1.96735663905254,0.643172898229037,2.82040845857162,3.33569111068815,4.06648896536453,5.57620321707488,4.91270147677603,3.98771971634175,2.65736016138456
Ethiopia,ETH,Fuel exports (% of merchandise exports),TX.VAL.FUEL.ZS.UN,2.85781220860446,..,0.691310648660058,..,..,..,0.00266192229379073,0.00102779352734005,..,0.0041466902140579,0.00427410506095752,..,0.010373056924349,0.0088215836947692,0.0014097243178188,0.00597790062470827,1.44284633677238E-05,0.00477153174932123,0.00120079987025877,0.0463693412234373,8.43578426363285E-07,0.00792917271878003,0.00174724528051893,8.76209733929005E-06,0.000100158271942029
Faroe Islands,FRO,Trade (% of GDP),NE.TRD.GNFS.ZS,75.7029702970297,98.7626350644824,97.6325604021404,91.609818039364,100.491928308123,110.545353366722,104.904366916234,98.6231560125168,108.258290126639,93.415398908373,100.962759404909,97.3947177610908,99.5060041310306,103.496222535589,96.8608080332117,97.1824434582361,105.846453473678,117.157793662648,114.062282820929,106.142539193387,105.610671594387,104.552703002397,107.238908370178,106.874664759521,108.623245950251
Faroe Islands,FRO,Exports of goods and services (% of GDP),NE.EXP.GNFS.ZS,40.7326732673267,49.8431509236668,48.7433111723691,46.6505464222513,48.7619168679293,51.3355592654424,51.563163399505,49.0637262206328,46.7723840999363,43.7018542174738,42.0458637354307,41.7995282822306,42.1294441957449,45.9747748883304,43.6586534946258,46.7226365313935,52.4344736333497,52.5587680927487,55.4429625707383,53.4142881600509,53.2164924640527,54.5363339704935,56.3652995883519,52.8180066352782,55.7697162765718
Faroe Islands,FRO,GDP growth (annual %),NY.GDP.MKTP.KD.ZG,..,..,..,..,..,..,..,..,..,..,..,..,..,..,-4.30300216202099,-0.576939114349187,3.70819417120374,7.01665379949266,5.85305191414515,5.43270135720174,0.976378534447207,1.46991580449085,3.51430597113568,2.73155215546514,4.39010333975558
Faroe Islands,FRO,Tax revenue (% of GDP),GC.TAX.TOTL.GD.ZS,..,..,..,..,..,..,..,..,..,..,..,..,..,..,..,..,..,..,..,..,..,..,..,..,..
Faroe Islands,FRO,Crop production index (2014-2016 = 100),AG.PRD.CROP.XD,97.76,97.65,97.37,96.96,96.45,95.87,95.23,94.39,93.74,93.15,92.64,92.21,90.39,91.94,92.17,91.33,94.05,96.85,103.31,109.33,89.84,100.83,98.28,98.61,99.43
Faroe Islands,FRO,"Foreign direct investment, net inflows (% of GDP)",BX.KLT.DINV.WD.GD.ZS,..,..,..,..,..,..,..,..,..,..,..,..,..,..,..,..,..,..,..,..,..,..,..,..,..
Faroe Islands,FRO,Fuel exports (% of merchandise exports),TX.VAL.FUEL.ZS.UN,..,..,0.00101848048613286,0.000148692130045245,0.000619611091566705,5.55871303274651E-05,..,..,..,..,..,1.95138438103865,1.7296457127819,2.12412708103002,2.79966443731964,..,..,..,..,..,..,..,..,..,..
Fiji,FJI,Trade (% of GDP),NE.TRD.GNFS.ZS,114.143419105706,121.726031065881,119.697773064687,119.369767087837,122.802233816628,135.895641463483,129.997341839447,126.052579068143,128.975969916537,125.121987598815,117.740079365079,118.048331674709,110.389514898623,130.997847976458,108.869117411674,121.227903395671,124.476125887667,125.285791685112,126.348386724849,110.812305558184,101.189048565576,97.1744907814101,97.0216625877761,103.235419995391,107.411463822998
Fiji,FJI,Exports of goods and services (% of GDP),NE.EXP.GNFS.ZS,55.2961131762243,62.8648901981789,61.1512460233298,60.9377378596438,61.2018562701555,65.3864457072474,60.9542796384902,61.8003591739,60.2701091442722,54.2008480535254,54.0674603174603,50.0816794036465,48.6020477564751,57.124778718287,49.4364117251897,57.4344020565171,59.2805929796761,61.1111436965945,56.8734283161838,52.3342753554161,48.8367553913768,46.6472414817762,46.0155650680851,47.7487957958311,48.4609020081916
Fiji,FJI,GDP growth (annual %),NY.GDP.MKTP.KD.ZG,2.49999853846872,4.80000043020962,-2.1999993686925,1.30000045153811,8.79999871927239,-1.69999841605511,2.00000014675206,3.19999911373267,0.999999344757299,5.29999970460935,0.700000402432437,1.85248387199486,-0.850654310045826,1.03279422025967,-1.38603770763581,2.95467242212241,2.70514302901049,1.41131438177968,4.73421948956532,5.6035148874531,4.50119939222793,2.44565200769968,5.35336493706966,3.81235097047221,-0.580504258785638
Fiji,FJI,Tax revenue (% of GDP),GC.TAX.TOTL.GD.ZS,22.2061424086037,21.2078200321371,..,..,..,..,..,..,..,22.3492148047133,21.5360119047619,23.3862792496761,19.2096698424659,22.7136293118166,21.7493556604798,21.8225644213838,22.9170933172774,22.8925761350793,23.4756627460653,22.6437559895618,23.6157055353519,23.5346235899026,24.6699420835466,23.993353427438,22.8928488605667
Fiji,FJI,Crop production index (2014-2016 = 100),AG.PRD.CROP.XD,172.29,168.02,157.34,119.53,161.3,161.64,143.25,151.39,135.98,152.35,155.78,164.99,142.21,139.26,133.01,93.81,112.94,81.32,104.9,107.17,107.81,85.02,97.46,103.23,109.58
Fiji,FJI,"Foreign direct investment, net inflows (% of GDP)",BX.KLT.DINV.WD.GD.ZS,-1.15125022335583,-3.3911355115158,-2.87977200424178,1.23001999628594,-7.59550090453841,0.0352382457624236,2.49941576652652,1.67309841241215,1.75225501277583,9.25370794256615,5.80296958864135,18.9830079707872,13.7414773077002,19.2785877551773,10.7423905992561,5.67141021084988,5.74582849158735,6.9816643965711,5.81824859099491,7.77972451751271,4.38599231548017,7.94325934827292,7.24021289597938,8.40038118549297,5.91952095846727
Fiji,FJI,Fuel exports (% of merchandise exports),TX.VAL.FUEL.ZS.UN,..,..,..,..,..,..,0.00531870411286507,0,..,..,0.0511364147089981,0.0832784183467419,0.0751415823719438,0.0480732391458322,0.178329937343879,0.0856275797751915,0.121808650065764,0.0387534750988617,0.0271306692408987,0.00884780764239431,0.00420082497701858,0.0182944447660437,0.0491211110085218,0.0363052019446146,0.0196300015245936
Finland,FIN,Trade (% of GDP),NE.TRD.GNFS.ZS,64.0737095252108,65.7220105208507,68.2213217576507,66.9671464382356,66.2398751930411,74.8948271060231,70.2768481898388,69.2994625755964,68.0558026741527,70.960203580292,76.579207830612,81.9834930623435,82.8574024974341,86.184335829923,70.1233032732315,75.4644073922495,78.5795816119355,79.170500952561,77.0938865804298,74.1127227557674,71.3825484305887,70.8985003539937,75.053137193384,78.1921683186129,79.605433214652
Finland,FIN,Exports of goods and services (% of GDP),NE.EXP.GNFS.ZS,35.7649494160265,36.3194655329487,37.7773967348633,37.4387834719525,37.6043997604715,42.0310461588074,39.7640844096579,39.1350026265102,37.3208390170611,38.6153768628983,40.2733670538658,43.0742002463895,43.8259066028053,44.9000077214115,36.0809256824047,38.4143975593033,38.900392933262,38.8082790730065,38.0176291228019,36.4814376235518,35.4069588665232,34.8104524683015,37.5495468424797,38.4687872116233,39.8806794019795
Finland,FIN,GDP growth (annual %),NY.GDP.MKTP.KD.ZG,4.21686746987953,3.66717982978477,6.33379565418399,5.45718050065875,4.37957572274557,5.7733624584817,2.61001912392074,1.70714896198065,2.00378420285061,3.99209129032087,2.77985055556123,4.02740965802573,5.29933650739021,0.783995060876521,-8.0744474323113,3.18595865407703,2.54766483842627,-1.39754572817782,-0.901696316194844,-0.364908156882066,0.543659211765487,2.81145776663433,3.19240962968416,1.1397180134305,1.22474892206223
Finland,FIN,Tax revenue (% of GDP),GC.TAX.TOTL.GD.ZS,20.7023917036195,21.9106021570683,22.6158997175269,22.7094642827498,22.3872482586908,24.2403365532607,21.88995215311,22.4674380076236,22.0581354737099,21.8124440973053,21.7928555380813,21.4202675581416,21.0651513855628,20.4910817697475,18.8828426328908,18.6012766884763,20.0178789684744,20.1355969299184,20.6434972420848,20.6315219650357,20.4707051115264,20.8134499213858,20.7338898193115,20.824373988058,20.6684788499862
Finland,FIN,Crop production index (2014-2016 = 100),AG.PRD.CROP.XD,97.35,101.19,105.29,78.17,87.41,108.7,100.73,106.43,99.31,97.3,110.35,101.75,108.48,107.37,113.68,90.26,102.41,93.61,104.57,106.62,97.31,96.07,93.69,80.26,106.37
Finland,FIN,"Foreign direct investment, net inflows (% of GDP)",BX.KLT.DINV.WD.GD.ZS,1.0810883434825,0.569873751348834,1.93368085598845,9.33679172029042,5.76486742656509,10.714265643958,2.48948733398858,5.76518399300031,3.47526038641381,3.43179887742407,5.30433190858078,2.13678262162868,8.57302514110282,6.79228430535503,-3.48162112393045,4.89968635862389,-2.179936953365,1.90912917463228,-1.81391357891476,6.37721739347512,7.4552555059125,2.1281913787807,6.70809995996687,-3.83438230194276,5.81407868801805
Finland,FIN,Fuel exports (% of merchandise exports),TX.VAL.FUEL.ZS.UN,1.89048150235136,3.06513350837629,2.31870996142584,1.86172552011242,2.41364998483592,3.43832095697989,3.14944005672872,3.30941211057328,3.94683112007066,4.27022224955802,4.36052436203863,5.19187760108048,5.35882266984155,6.8450443496946,6.39187425472818,8.00778829788298,9.48992983167928,10.9192398514449,12.2157940645822,10.7696389893942,6.76312112992402,7.66983539583826,7.87281740072405,8.47941929187425,8.93949294379424
France,FRA,Trade (% of GDP),NE.TRD.GNFS.ZS,43.6461285770923,44.3293198090502,48.0334968830664,49.5067667927119,49.7609206002288,55.8612457180345,54.9593680925757,53.0720247583335,50.7978335232353,51.9250078784333,53.9807067764121,56.1034244496256,56.420756583014,57.3970828857949,50.462450850073,54.8677910818934,58.7905764224005,59.7020591687875,59.764055074913,60.4787965196196,61.7516939345861,61.1001423821095,62.9618472934066,64.437952596913,64.1414731902028
France,FRA,Exports of goods and services (% of GDP),NE.EXP.GNFS.ZS,22.6229260600867,23.0556447272385,25.52319541576,26.1264919786729,26.0765353865349,28.5949742490286,28.2658952021844,27.5310502579308,26.1119689746398,26.4688363216607,27.0330510418171,27.9350550901956,27.853257510199,28.1193848563025,24.8355472102672,26.7882998402738,28.4213374764194,29.2030271868495,29.3647378670492,29.666684498073,30.5926223781313,30.2475371833945,30.9486331871,31.7136672102555,31.5920554143668
France,FRA,GDP growth (annual %),NY.GDP.MKTP.KD.ZG,2.10662915810063,1.41299367250002,2.33629652937944,3.58865942535427,3.42137379882455,3.92366922704063,1.98372141863292,1.13553148214601,0.823160756684118,2.82975292869891,1.66321998030079,2.44932360111885,2.42473624337305,0.254945960124033,-2.87331382849632,1.94943762312663,2.19270063266654,0.313134751077172,0.576326674771792,0.956183052371557,1.1129123405747,1.09546440372048,2.29141999417021,1.86506607081999,1.84297181445896
France,FRA,Tax revenue (% of GDP),GC.TAX.TOTL.GD.ZS,19.46320734351,20.385844541016,21.1008549811762,23.0269192304734,23.6319940271192,23.3918239397803,23.374463658822,22.5672285869574,22.1169141933419,22.1629571031778,22.2955368493775,22.5778088478701,22.1220175547039,22.0052399642638,20.7014276846679,21.9526594894273,21.8164964590897,22.5307400790117,23.2109178727076,23.1614153174882,23.197715462657,23.0648275010082,23.6293346543377,24.1708437248498,24.5146627776513
France,FRA,Crop production index (2014-2016 = 100),AG.PRD.CROP.XD,91.9,99.88,100.42,101.57,105.09,102.72,93.92,103.38,89.99,106.31,99.92,96.12,92.89,100.01,102.73,96.95,99.1,96.76,95.54,104.97,103.66,91.37,103.39,96.93,100.05
France,FRA,"Foreign direct investment, net inflows (% of GDP)",BX.KLT.DINV.WD.GD.ZS,1.48250444153683,1.36838946976613,1.5863558407043,1.96382525516541,3.078804070037,3.03074697177105,3.63966078420369,3.43347287145825,2.29600283284986,1.67993859132812,3.87524735138074,3.40253485643684,3.14883387347586,2.32049138897663,0.682106491646852,1.47019572697397,1.54287540837324,1.22759662106149,1.12342342416042,0.203254562718035,1.75572374141658,1.32649169812718,1.38212038996387,2.77657814362355,1.96049400180615
France,FRA,Fuel exports (% of merchandise exports),TX.VAL.FUEL.ZS.UN,2.35406225947074,2.55269678693745,2.47582545615126,2.09088137588917,2.14940327736275,2.77063410483004,2.53812299131057,2.41044026064874,2.62366263490054,2.8665533683138,4.1253866202006,4.32619285530699,3.84287489236502,5.06960349418849,3.53134251252507,3.65811274413341,4.54318211381377,4.44640256167696,3.91482105973503,3.879573777375,2.95528102932916,2.30761310498294,2.80075972124448,3.29246555293983,2.77533644087224
French Polynesia,PYF,Trade (% of GDP),NE.TRD.GNFS.ZS,26.7832819250945,28.3722706445301,28.994505833521,31.7457142873678,28.3786554614037,27.9447311178519,..,..,..,..,58.8757396449704,56.6132574828647,57.455468093766,58.0396477672874,51.6750777052154,54.0438821122259,56.2319854247632,57.8806819793666,56.0619675585513,56.2324578944225,55.6304686354336,53.6164949427793,54.5776905038178,65.0146628512067,63.3061124024003
French Polynesia,PYF,Exports of goods and services (% of GDP),NE.EXP.GNFS.ZS,2.78930561143279,3.98906841572789,4.12726148355374,3.95418178610471,4.8674567543193,4.69809149754936,..,..,..,..,20.4602519635541,20.2542589811382,20.3798093159795,18.9325946508845,16.712434787085,16.3781286675659,18.2322072872423,19.2775482028539,18.5160924863597,19.704885459438,19.613765074754,19.6126341083126,19.556958430367,20.9791687502218,20.5923590296429
French Polynesia,PYF,GDP growth (annual %),NY.GDP.MKTP.KD.ZG,-0.388969416903137,-0.668536562658289,-0.122814651501315,1.73337439996173,1.89053278745592,3.24541101308193,-0.341595578089056,0.846181482808589,2.1269288487261,0.971259129987544,0.309973476180005,0.889584117597607,1.70497563803002,0.00676755066312751,-4.23139183069446,-2.4660641898174,-2.96195745427229,-0.927537712532072,0.398801414346934,0.593554452942286,1.66510563013841,2.3696444471055,4.37450238290198,1.83202822787646,2.69993449863051
French Polynesia,PYF,Tax revenue (% of GDP),GC.TAX.TOTL.GD.ZS,..,..,..,..,..,..,..,..,..,..,..,..,..,..,..,..,..,..,..,..,..,..,..,..,..
French Polynesia,PYF,Crop production index (2014-2016 = 100),AG.PRD.CROP.XD,94.59,91.9,92.28,73.65,81.07,90.43,87.8,97.89,97.79,97.86,107.61,106.01,107.11,103.96,95.65,99.28,101.32,101.51,100.47,101.11,97.92,100.97,101.15,101.9,101.9
French Polynesia,PYF,"Foreign direct investment, net inflows (% of GDP)",BX.KLT.DINV.WD.GD.ZS,0.0496776416746394,0.0852121421108235,0.38189045998911,0.274903588255971,0.113252828260877,0.274309523948164,0.662843410287237,0.275657450690165,1.18132772419036,0.11538274817529,0.137052859567267,0.521428395296917,0.878420113685228,0.194543891308964,0.331741593749197,1.05647287708659,2.15733093027309,2.58568836654249,1.64472839380472,1.00664512234416,0.488319553216919,1.11959443206211,1.54351460494135,0.0967844964139466,0.211401010736817
French Polynesia,PYF,Fuel exports (% of merchandise exports),TX.VAL.FUEL.ZS.UN,..,0.0113073545942444,0.0130218635202586,0.00547838129978147,0.00132747032866767,0.00142678268924962,0.00705329487951924,0.00645300448843245,0.0214943925019233,0.00338294129752867,0.00800621780108058,0.0236426764920299,0.0517430310634784,0.0680265917697752,0.0577591067695771,0.0382118030297716,0.0334599624273103,0.0106824065439393,0.0181855927369479,0.00704890982201503,0.00499563085842658,0.0144275858087006,0.0332785339045213,0.0141893928796097,0.030038461120385
Gabon,GAB,Trade (% of GDP),NE.TRD.GNFS.ZS,95.1346961861668,95.6709008514144,98.5362645138464,95.9747826086956,97.7314524555904,101.701928939637,83.6386132424108,84.7590815376223,80.3026082056312,81.7675371418698,83.9495998399241,88.6494092562519,85.1324791636578,88.9988725945748,83.5045774235636,89.1576627248353,90.4983773331323,92.3428089420545,90.6350361478645,73.5203290162438,73.9497814588281,70.1333810645308,75.0687404456638,77.0365976973024,73.4280894486644
Gabon,GAB,Exports of goods and services (% of GDP),NE.EXP.GNFS.ZS,59.3869990303814,62.6632449876408,61.3040108069859,47.4063516068053,59.6125043538837,69.0321767086082,54.2752324798833,52.6088996947807,51.9294344950898,55.0391552768837,60.0086727573886,60.5718165208079,58.528604586134,62.1997120113374,52.1717321839785,57.6634923763037,61.7443721274506,60.9503414381301,57.3574058813271,44.5208923945675,46.0320085043705,44.0353472921111,50.2267539725926,54.2990764910062,51.4310732271996
Gabon,GAB,GDP growth (annual %),NY.GDP.MKTP.KD.ZG,4.97384776335103,3.62504902027987,5.73836739483843,3.47783358718901,-8.93262280230105,-1.88296639760897,2.13523342197423,-0.249033168543434,2.2473300115045,0.689543058464849,2.67620333310926,-2.80657835569052,6.00810802487668,-3.30843064878751,0.130331119816617,7.08988731455126,7.09175334258654,5.25107691750407,5.63869900338696,4.31496444107469,3.8788993950789,2.09144220829562,0.472642030911146,0.83791658082157,3.92080879452831
Gabon,GAB,Tax revenue (% of GDP),GC.TAX.TOTL.GD.ZS,..,..,..,..,..,..,..,..,..,..,..,..,..,..,..,..,..,14.0605243331958,16.0588356064828,15.1052288790252,12.8300685455322,11.4680637070479,11.0849703006568,10.2153363843183,11.4795282431197
Gabon,GAB,Crop production index (2014-2016 = 100),AG.PRD.CROP.XD,62.76,66.39,68.02,71.1,69.49,72.96,71.08,72.7,73.13,72.37,73.45,74.93,77.07,82.5,82.75,86.53,92.31,91.8,96.08,99.16,100.06,100.78,102.19,102.95,103.89
Gabon,GAB,"Foreign direct investment, net inflows (% of GDP)",BX.KLT.DINV.WD.GD.ZS,-3.94238849463857,-5.00720955514632,-2.15348493002674,2.9576937639839,1.91835587390645,5.4731252435535,-2.00298894717111,0.0217546424549428,1.53052262034086,4.04069424179394,3.40362339596918,2.59310046782659,5.25722235465119,4.45376516954727,5.24757097949021,3.64540417621404,6.16978545780463,3.94472371225415,1.84153865698512,6.93864724297156,0.289976985604188,8.86815381575935,8.8015702550148,8.17598938322815,9.20409835236532
Gabon,GAB,Fuel exports (% of merchandise exports),TX.VAL.FUEL.ZS.UN,..,82.7384813734857,77.6019022617933,83.0952184048873,78.4741238249897,83.3255028286385,82.9503630155978,83.8178488029703,88.3710263827654,76.1833932062393,84.0432355614467,85.6108217616136,83.4131671985386,89.172106484587,83.1348290725266,90.0238109825846,85.8523172012879,71.2999874587435,65.7772359485275,57.3466183308981,41.9546334620749,30.8820467592108,62.2945642697917,53.4577795641384,54.8656896318362
"Gambia, The",GMB,Trade (% of GDP),NE.TRD.GNFS.ZS,59.2767980339628,50.9543943800384,48.3174980980993,53.8709622701508,52.4132975230667,56.3598198850954,46.9292631865623,59.642950918834,68.8587930342232,49.9342995615683,50.0187233950976,50.374468581975,44.2938444656791,39.0890994561344,41.7773944257977,41.0125150279466,42.6397020468894,47.7006731141985,45.4619193623296,58.2579307752264,52.937505147568,46.0214036884486,53.3190552786319,63.1091120519767,53.2696525651825
"Gambia, The",GMB,Exports of goods and services (% of GDP),NE.EXP.GNFS.ZS,23.7756490416755,21.7986715984453,22.9322025464249,25.3055746540899,24.3973610833853,25.7986743189831,21.8207981338634,27.1573845831505,31.0937864451292,20.5947828682591,19.9032907784291,21.0347123388331,18.0329574603162,14.4752001750388,15.7461075261153,14.6678148782972,16.8594044684804,19.8416822348377,18.9791643659006,21.8368954439609,19.59633316034,15.9115118159461,16.7894553936941,21.7264294987761,18.8413979684695
"Gambia, The",GMB,GDP growth (annual %),NY.GDP.MKTP.KD.ZG,0.881848240754678,2.22354563838627,4.89999910999681,3.49999870205306,6.39999905009302,5.50000021632955,5.80000024323377,-3.25000014970206,6.86999962173842,7.05000000064635,-2.35172936176019,-0.555580977246521,3.04324950829739,6.25590553394287,6.6657243078367,5.90833580968288,-8.13044422315659,5.24156924630741,2.872768790327,-1.40738249510954,4.0580738039996,1.94335965478776,4.8226112492757,7.23489033258579,6.22205315994859
"Gambia, The",GMB,Tax revenue (% of GDP),GC.TAX.TOTL.GD.ZS,..,..,..,..,..,..,..,..,..,..,..,..,..,..,..,..,..,..,..,..,..,..,..,..,..
"Gambia, The",GMB,Crop production index (2014-2016 = 100),AG.PRD.CROP.XD,72.62,58,75.15,73.94,111.59,125.31,136.5,80.85,105.33,134.1,113.51,120.91,83.15,125.1,150.7,171.71,102.54,131.26,116.75,97.31,110.5,92.18,76.08,46.85,55.91
"Gambia, The",GMB,"Foreign direct investment, net inflows (% of GDP)",BX.KLT.DINV.WD.GD.ZS,0.983365191013704,1.25614459780093,1.4517162767366,2.82047072554487,6.07322209147843,5.55872128046551,5.16139808930361,7.4065002965369,3.75180060709964,5.77256282742028,5.22041688120704,7.79879790286453,6.10257365099724,4.53283904240458,2.72023911271176,2.40659689644853,2.55921826982754,2.91048196914862,4.96800325180048,1.87188357650441,5.22255647330922,4.70370236790454,4.27524164277035,4.89653501762191,3.9194379121789
"Gambia, The",GMB,Fuel exports (% of merchandise exports),TX.VAL.FUEL.ZS.UN,0.169161581477016,0.235338521770452,0.366525644574004,0.017383370126219,0.13276386635332,0,0,0.00692766205053044,0,..,..,..,..,0,0,0.000103524226526354,0,0,0,0,0,0,0,0,0
Georgia,GEO,Trade (% of GDP),NE.TRD.GNFS.ZS,67.8286788091539,45.6965490500194,57.7530659289995,53.5666693215985,57.1518743274472,62.6613956413099,63.3299250824094,71.6291255364807,77.6333765369391,79.0407459055607,84.5295975354749,89.125374368197,88.3934140686603,86.2982243681487,78.1930390303569,82.8990541481835,87.5468528614097,91.9422785219247,95.6020858179071,96.7748361393137,98.7688227493738,96.8258176135729,104.040076935155,111.755539312188,118.599368307339
Georgia,GEO,Exports of goods and services (% of GDP),NE.EXP.GNFS.ZS,25.5018957089734,13.3262039550213,15.6102241542076,16.4587343939786,19.0555929931025,22.9944664162433,24.4613664968535,29.229275751073,31.4557279807569,31.1289353948882,33.2590418986481,32.4708663587118,30.818298438254,28.2633198601303,29.5452018236406,32.9545037944055,34.6877980430713,36.5162906347673,41.7219538979684,39.9344557254852,40.8622366288493,40.7997544368791,46.5276142251531,50.5585276931977,54.8184931411381
Georgia,GEO,GDP growth (annual %),NY.GDP.MKTP.KD.ZG,2.59999672433722,11.2000020075437,10.5190412217837,3.10490271777833,2.86925704427721,1.83834106614221,4.80545327255501,5.47383680119593,11.0587231936646,5.79449634569851,9.58957406160836,9.41977064759736,12.5789534308973,2.41857165904172,-3.65051363069394,6.23231018305886,7.36066161833176,6.41677667945346,3.61555371862646,4.44154840433009,3.02657661687478,2.90643878002064,4.84260322496586,4.84291988506627,4.98235047511106
Georgia,GEO,Tax revenue (% of GDP),GC.TAX.TOTL.GD.ZS,5.41484296030328,7.87643789582526,10.6237239017322,10.0157304713168,11.1912784236245,11.4014330393341,11.8046748576566,11.6215128755365,10.9223385995026,15.102348258909,16.5426085759279,18.5701129087231,20.9552895761984,24.2245044534965,23.5093961970421,21.4273930417568,23.2131152688324,23.6564036830681,22.483046609147,22.4768667266418,22.7514365699131,23.5034602076125,23.3401044119956,22.430795033117,23.1173329727924
Georgia,GEO,Crop production index (2014-2016 = 100),AG.PRD.CROP.XD,175.08,160.3,166.98,150.92,181.6,133.93,138.63,122.26,159.55,122.53,169.25,93.37,118.65,97.49,91.45,80.76,99.91,94.77,126.83,100.79,101.6,97.61,81.83,103.82,107.25
Georgia,GEO,"Foreign direct investment, net inflows (% of GDP)",BX.KLT.DINV.WD.GD.ZS,..,..,6.90780807482052,7.34191772565261,2.93925854428705,4.29984428089904,3.41273251705983,4.72348885200524,8.39036166616402,9.61361623129554,7.06775086735302,15.1240361672901,18.5993001881899,12.5221905619449,6.13732507746039,7.52184501362326,7.74508433237961,5.87183347928777,6.08817941147603,10.420629446461,11.6044084921913,10.9619864764211,11.8846492438197,7.41576486627716,7.91323474836721
Georgia,GEO,Fuel exports (% of merchandise exports),TX.VAL.FUEL.ZS.UN,..,18.8418675432238,16.7800120640784,11.1696648388203,9.7064859650609,8.12839637330198,9.12813885756339,5.45310800002804,5.05169366048303,3.52462707764719,3.23319790144088,3.14940175095062,3.72470307672767,2.95013231247938,4.37767893286602,5.03344278022283,4.13445051636053,2.9506292384286,3.26925426936962,3.7699143071261,8.13945677108545,3.43276010987525,4.10234077225929,1.97412219775379,0.719734166289668
Germany,DEU,Trade (% of GDP),NE.TRD.GNFS.ZS,43.5816342149572,45.005620959935,49.6426586441629,51.5849723493611,53.3658496319459,61.5260610026125,62.0628388890423,60.9348898149328,61.8493197140493,66.2261991054223,70.9187129366213,77.4497291495463,79.8744173951311,81.5248047312183,71.2287128996251,79.8686242395882,85.2061212670221,86.5140548790483,85.0788766962491,84.6200933924979,86.2462246132087,84.7696459674487,87.2372029530234,88.5198710425055,88.3183894580195
Germany,DEU,Exports of goods and services (% of GDP),NE.EXP.GNFS.ZS,21.9942362808177,22.8600276884323,25.3602733090279,26.4069062062529,26.9592324276031,30.8477115722895,31.8447071170151,32.5925791130602,32.8117129460067,35.713363859767,38.0595723481521,41.4329079108458,43.3227580964574,43.7991902579629,38.1199069398503,42.565473405085,45.0571362806101,46.3071201430804,45.4186778593914,45.6192633128717,46.920738356608,46.0732628543356,47.1630406836519,47.3088591421652,47.1275808768289
Germany,DEU,GDP growth (annual %),NY.GDP.MKTP.KD.ZG,1.54414649556445,0.80582289149001,1.79216082094591,2.01393278519326,1.88726115399444,2.91250296366708,1.68146848097079,-0.197973834771361,-0.700116686114356,1.17508813160987,0.731707163554191,3.816441912988,2.97645513131597,0.95987913356484,-5.69383633640285,4.17988249873657,3.92519270463411,0.418497594217598,0.437591303144671,2.20954343134872,1.49193152760772,2.22999986782015,2.68023111405891,0.981232606004738,1.07547163576423
Germany,DEU,Tax revenue (% of GDP),GC.TAX.TOTL.GD.ZS,11.4761349301439,10.901851794023,10.7293679728731,10.8349797956732,11.5085361353351,11.7050007349141,10.961685400499,10.8353047149382,10.9985214123903,10.4262945741916,10.6568166026456,10.8516276183608,11.3340401272229,11.4723010889499,11.6149370535587,11.1902979254406,11.4813852299559,11.6229861108582,11.611503370267,11.4825632039024,11.4787289586211,11.2961202523973,11.419122418247,11.4569819786358,11.4057701109061
Germany,DEU,Crop production index (2014-2016 = 100),AG.PRD.CROP.XD,83.52,87.51,88.71,92.38,96.44,101.29,100.61,91.73,81.79,103.86,96,90.6,91.69,100.26,103.7,91.64,90.66,94.85,96.18,107.61,97.52,94.87,95.45,81.75,88.66
Germany,DEU,"Foreign direct investment, net inflows (% of GDP)",BX.KLT.DINV.WD.GD.ZS,0.465679526092558,0.624360056288723,0.842609915413792,1.31874189081361,3.91971799476481,12.731503590187,2.9267553994045,2.46661519292525,2.61434522365247,-0.725154707065695,2.10179308132486,2.91996035974954,1.48433864746801,0.826503411355668,1.66219803352095,2.53076202316038,2.60141930420253,1.85541340766522,1.79976460383521,0.502227192634127,1.86072918161758,1.86590691690458,2.96641685553106,4.19972179954621,1.90205922776563
Germany,DEU,Fuel exports (% of merchandise exports),TX.VAL.FUEL.ZS.UN,0.955770515368349,1.26915581573352,1.17031174424987,1.03291080248421,1.04056973044895,1.41134713629722,1.44738768953611,1.42402064167184,1.51275631349144,1.86646970395014,2.15737726367222,2.52514172512018,2.28098048790857,2.61473020571424,2.02575854491354,1.96777437205077,2.29646861136678,2.44298702719408,2.41594718104658,2.25199429341006,2.13441977383123,1.64382508639625,1.79687015135703,2.06424587714665,2.21695006112287
Ghana,GHA,Trade (% of GDP),NE.TRD.GNFS.ZS,57.4230942889947,72.2049441293975,85.4018379695892,80.5995432469935,81.7051040340528,116.048430162968,110.045854160811,97.4892431746551,97.2871457139532,99.6703343472122,98.1715141146279,64.5190542439152,65.3543222852532,69.5142256111434,71.5947385281523,75.3778157916824,86.2954538549695,93.1680351286831,60.7593219028775,63.8365615580462,76.5212712995805,67.8770001864299,70.548364565594,67.9585183453884,76.8248018271755
Ghana,GHA,Exports of goods and services (% of GDP),NE.EXP.GNFS.ZS,24.4964459408904,32.1121821725595,32.4102909291879,33.8713517576318,32.0783389537313,48.8022576190038,45.2330164667316,42.6162518930867,40.67904265112,39.3033251214107,36.449216950714,24.6561904908957,24.5250906044049,25.0294572995074,29.2918659785048,29.4767179831573,36.9366085502594,40.3592181740371,25.4407833967285,28.2319017691896,33.8317049892785,31.1932394892801,33.8768744319153,33.4548958825786,37.4495994213844
Ghana,GHA,GDP growth (annual %),NY.GDP.MKTP.KD.ZG,4.11241897162861,4.60246115564627,4.19635744019571,4.70039078427911,4.39999682545296,3.70000008164408,4.00000012807919,4.49999955900331,5.200000133101,5.59999999077445,5.90000381855104,6.39991260618034,4.34681910440079,9.14979893831817,4.84448705175076,7.89971194051621,14.0471235803149,9.2927894063005,7.31252501678145,2.85624016330883,2.12075933817334,3.37346574966936,8.12889488100956,6.20007768127284,6.5077747939152
Ghana,GHA,Tax revenue (% of GDP),GC.TAX.TOTL.GD.ZS,..,..,..,..,..,..,17.1929278946802,17.4931112111661,18.4776861347961,21.7521055188451,21.321508315786,12.534618528847,13.8779845463992,13.8959679074555,12.6124615220586,13.3883874032931,14.8657903615734,15.3681810106551,10.671836497112,11.2521858233486,11.6905632672954,11.058329312953,11.5770311564905,12.2442416661964,11.9969957643922
Ghana,GHA,Crop production index (2014-2016 = 100),AG.PRD.CROP.XD,41.75,45.76,44.48,48.63,51.43,51.53,53.67,59.72,62.29,64.91,66.73,68.47,66.27,74.55,82.22,83.88,87.35,92.32,94.97,99.33,99.62,101.05,108.02,113.06,115.98
Ghana,GHA,"Foreign direct investment, net inflows (% of GDP)",BX.KLT.DINV.WD.GD.ZS,1.64748906691435,1.73085450713045,1.18697923958791,2.23734900555042,3.15750877559549,3.32941946782064,1.68056701347756,0.955694277966518,1.7916409392104,1.56810546990152,1.34923986570129,3.04529018468516,5.57118876952139,9.46643908231485,9.10808669100415,7.84948455261709,8.2558797134245,7.98251565917851,5.13652057795327,6.13944063453389,6.4614012403315,6.20553332926408,5.38852813787736,4.44143127036742,5.67741655020323
Ghana,GHA,Fuel exports (% of merchandise exports),TX.VAL.FUEL.ZS.UN,..,3.35776840095481,3.06636500725372,3.26768196765273,4.41563742023779,4.89527474500612,7.98184140719209,..,0.0481803318787904,2.25891488923827,2.42026667222042,0.449413904187484,0.758742699996961,1.32905143765614,1.75329081764514,0.114294159518324,40.4219396496718,28.9638835969169,24.7444175029272,29.7421554112913,21.7019621780148,12.9823297234949,25.3456087168229,30.6056138754779,31.7022617995334
Gibraltar,GIB,Trade (% of GDP),NE.TRD.GNFS.ZS,..,..,..,..,..,..,..,..,..,..,..,..,..,..,..,..,..,..,..,..,..,..,..,..,..
Gibraltar,GIB,Exports of goods and services (% of GDP),NE.EXP.GNFS.ZS,..,..,..,..,..,..,..,..,..,..,..,..,..,..,..,..,..,..,..,..,..,..,..,..,..
Gibraltar,GIB,GDP growth (annual %),NY.GDP.MKTP.KD.ZG,..,..,..,..,..,..,..,..,..,..,..,..,..,..,..,..,..,..,..,..,..,..,..,..,..
Gibraltar,GIB,Tax revenue (% of GDP),GC.TAX.TOTL.GD.ZS,..,..,..,..,..,..,..,..,..,..,..,..,..,..,..,..,..,..,..,..,..,..,..,..,..
Gibraltar,GIB,Crop production index (2014-2016 = 100),AG.PRD.CROP.XD,..,..,..,..,..,..,..,..,..,..,..,..,..,..,..,..,..,..,..,..,..,..,..,..,..
Gibraltar,GIB,"Foreign direct investment, net inflows (% of GDP)",BX.KLT.DINV.WD.GD.ZS,..,..,..,..,..,..,..,..,..,..,..,..,..,..,..,..,..,..,..,..,..,..,..,..,..
Gibraltar,GIB,Fuel exports (% of merchandise exports),TX.VAL.FUEL.ZS.UN,..,..,..,..,..,..,..,..,..,..,..,..,..,..,..,..,..,..,..,..,..,..,..,..,..
Greece,GRC,Trade (% of GDP),NE.TRD.GNFS.ZS,37.1078806632466,37.4962332575218,39.2742288014129,42.2682807505266,47.3775982084231,58.4156773402129,56.1399686891397,50.3489962887975,48.1900537963457,49.8984414406951,50.9008643706162,52.8502388268866,57.5243740192966,59.3297155312655,47.7438466003341,51.1972857171986,56.8339647736227,62.0612847915005,62.8765015617254,66.5263275893829,65.2776924688798,64.0191979817137,71.5789505399414,80.1500265574834,81.885923258543
Greece,GRC,Exports of goods and services (% of GDP),NE.EXP.GNFS.ZS,14.4252831996045,14.2869571167997,16.2222653155809,16.2965837340344,19.2560788828189,23.7183809477501,22.7887439174771,20.1128547276336,18.5445828726114,20.7081146865937,21.3122306069205,21.1740089927196,22.5202697339856,23.3615690275965,18.9821868205149,21.7981021490645,25.4897748402871,28.7425794655455,30.2072069848421,32.48559818352,32.1271612438756,31.2874562644429,35.0340942348023,38.9929061011015,40.1107639268746
Greece,GRC,GDP growth (annual %),NY.GDP.MKTP.KD.ZG,2.09971941600904,2.86212869190278,4.48419924932439,3.8949047445029,3.07259703519252,3.91977052993795,4.13161198627073,3.92287174153145,5.79453166075554,5.06099249240204,0.599142036530793,5.65243353574094,3.27374687573136,-0.335172543061219,-4.30073348668201,-5.47780804926842,-10.1493148298685,-7.08669678638024,-2.51599722189651,0.475695947137041,-0.196087629724133,-0.487173294301954,1.09214912017283,1.66842863602514,1.87948998590817
Greece,GRC,Tax revenue (% of GDP),GC.TAX.TOTL.GD.ZS,18.5808412893887,18.6360885224104,19.5219017055599,20.5280821593339,21.4330462877261,22.4705218385946,20.9377727894608,21.2668772305506,19.707676765013,19.1347300569519,20.3265057474338,19.9792007372315,20.2428425141791,20.2136126149472,19.7756801998951,20.3860335725714,22.4776944333849,24.2684179068171,24.1232729601092,24.8696686726853,24.8813760283753,26.669658017698,26.4585125001209,26.9451025864247,26.1803523188966
Greece,GRC,Crop production index (2014-2016 = 100),AG.PRD.CROP.XD,109.83,109.46,104.82,109.02,114.26,114.94,112.37,112.59,102.42,106.44,110.81,101.59,97.64,98.97,100.14,99.52,98.66,101.23,89.28,96.69,104.59,98.73,100.6,99.7,102.71
Greece,GRC,"Foreign direct investment, net inflows (% of GDP)",BX.KLT.DINV.WD.GD.ZS,0.769296150489599,0.725345060009379,0.687354355598753,0.0492978611948149,0.0579996800226799,-0.0062820866311515,0.00146818055136564,0.0221141414013334,0.695797659170262,0.891391174178269,0.277754143805881,1.97823728049588,0.613705575128197,1.61093214151846,0.834961020727542,0.179361228004649,0.385938886644913,0.686731020108175,1.23280746804565,1.14557064148088,0.648464653767942,1.39713720263227,1.7209047520311,1.89835335150905,2.43584347799923
Greece,GRC,Fuel exports (% of merchandise exports),TX.VAL.FUEL.ZS.UN,6.50924492359274,8.41490523452556,8.28880112749229,6.76625665467794,9.09725343365046,14.6891493739015,11.1353394304396,8.44684246026498,6.87847827377467,6.88338928268689,9.41657727800125,13.0348086377202,12.1528824805951,21.6364957928643,20.3161042422237,26.0765746817089,30.8480811435532,38.9473786760151,39.8794687368643,38.4497921134743,29.8025044841914,27.486746822351,31.5206091430482,34.3275993994739,31.5508351157215
Greenland,GRL,Trade (% of GDP),NE.TRD.GNFS.ZS,..,..,..,..,..,..,..,..,87.2971972810315,88.1524357295282,99.7079265489358,89.6938562419079,94.9670539629143,107.37322125158,85.7573657356888,110.472368234124,130.547942353994,100.978401084907,95.9116681587586,87.0885837878503,83.1013810084573,85.8376729204278,84.2072558673104,89.7766906266033,92.1907515607492
Greenland,GRL,Exports of goods and services (% of GDP),NE.EXP.GNFS.ZS,..,..,..,..,..,..,..,..,37.7958046861305,39.2867282735124,41.0606593287719,37.8031157331997,36.202264989018,36.9791298751246,30.7311174683694,34.0559738599233,37.9979322930038,37.5119902093739,37.7008521502702,38.4728230205003,37.5798451272169,40.765047712594,40.692233747059,44.4545789045455,41.0427004962382
Greenland,GRL,GDP growth (annual %),NY.GDP.MKTP.KD.ZG,3.72867748911121,1.52963736132679,1.46892638096972,7.75798174482551,1.37788444524006,7.10159688181619,1.26903507902787,-0.971177310665553,4.43004572118211,6.90658283676629,4.98749177090193,5.55569490080012,2.3524379811805,6.1661327018619,0.865952328886948,1.73582505889665,-0.496519391959083,1.39419335955625,-1.29828069335511,4.7421356730152,-2.52931802394475,4.68195410972302,0.0527281828800312,0.62306542854094,2.83217756798683
Greenland,GRL,Tax revenue (% of GDP),GC.TAX.TOTL.GD.ZS,..,..,..,..,..,..,..,..,..,..,..,..,..,..,..,..,..,..,..,..,..,..,..,..,..
Greenland,GRL,Crop production index (2014-2016 = 100),AG.PRD.CROP.XD,..,..,..,..,..,..,..,..,..,..,..,..,..,..,..,..,..,..,..,..,..,..,..,..,..
Greenland,GRL,"Foreign direct investment, net inflows (% of GDP)",BX.KLT.DINV.WD.GD.ZS,..,..,..,..,..,..,..,..,..,..,..,..,..,..,..,..,..,..,..,..,..,..,..,..,..
Greenland,GRL,Fuel exports (% of merchandise exports),TX.VAL.FUEL.ZS.UN,0.793410015653171,1.14929534547133,1.0631080893982,1.75078524218507,1.40724447461464,0.0270892300056736,0.038249697802587,0.0249555907424717,0.0281728408231424,0.0226810623140826,0.0221659742013441,0.00772824321901131,1.67003405452262E-05,0.000333159559238594,6.18824327431985E-05,0.000455948998286097,0.000257661457602088,0.000123280752578384,6.20130868764201E-05,3.18053570797951E-05,0.000214372729150418,5.35341984663745E-05,0.000236138331680841,5.96039293306854E-05,..
Grenada,GRD,Trade (% of GDP),NE.TRD.GNFS.ZS,..,..,..,..,..,..,..,..,..,..,..,..,..,..,..,..,..,..,..,..,..,..,..,..,..
Grenada,GRD,Exports of goods and services (% of GDP),NE.EXP.GNFS.ZS,..,..,..,..,..,..,..,..,..,..,..,..,..,..,..,..,..,..,..,..,..,..,..,..,..
Grenada,GRD,GDP growth (annual %),NY.GDP.MKTP.KD.ZG,2.12947514959858,4.43823471603358,5.01549460936745,11.7535029919192,6.89836243368677,4.88795213650562,-2.02390004072058,3.43732352954147,9.46397343076491,-0.647450316084857,13.2761883306272,-3.99532824427482,6.12345094741467,0.947542624907697,-6.61328134799545,-0.511146187173722,0.764773550338731,-1.15483816409801,2.35109801677905,7.34212396037948,6.44522314693144,3.7396039558691,4.43867566948151,4.36144039364797,0.676511738873756
Grenada,GRD,Tax revenue (% of GDP),GC.TAX.TOTL.GD.ZS,..,..,..,..,..,..,..,..,..,..,..,..,..,..,..,..,..,..,..,..,..,..,..,..,..
Grenada,GRD,Crop production index (2014-2016 = 100),AG.PRD.CROP.XD,116.6,115.07,113.29,110.97,117.48,116.47,105.38,123.6,108.36,112.44,52.61,61.02,64.54,64.87,66,73,77.44,78.19,81.87,94.36,104.54,101.1,92.93,91.83,83.52
Grenada,GRD,"Foreign direct investment, net inflows (% of GDP)",BX.KLT.DINV.WD.GD.ZS,5.83851031177906,4.62317630583786,8.54176531327455,10.9183209092615,8.62054856317917,7.19311842194662,11.2880784953423,10.084243048079,15.0869525465053,10.8516634498011,10.08648828541,12.8505885898894,20.6350576439493,16.3240308783059,13.2969808551875,7.83653698348497,5.47715654237836,3.93681610238554,8.86384665087228,11.7166869605938,15.6911696489123,10.3478174358754,13.828213019264,15.7739693180255,16.3973140363487
Grenada,GRD,Fuel exports (% of merchandise exports),TX.VAL.FUEL.ZS.UN,0,0.0279110092024674,0,0,0,0,0,0,0.00343941143140668,0,0,0,0.282854061652811,0.0490860787754612,..,0,0,0.123575653560857,1.10989463844751,0.194185696350986,0.184799628962762,0.0114947152175975,0.927466088837773,0.0167886799713183,0.0206872351411753
Guam,GUM,Trade (% of GDP),NE.TRD.GNFS.ZS,..,..,..,..,..,..,..,68.8862698880377,64.023536004483,68.0020677177565,66.4372181343461,72.7701746106654,79.4632704116443,78.2739373121511,72.0173985086993,72.0347544958577,77.7889245585875,76.7521367521368,79.5332468975736,78.3600713012478,71.3398861872737,70.4117946110829,69.2665890570431,73.0184940554822,77.8353754319824
Guam,GUM,Exports of goods and services (% of GDP),NE.EXP.GNFS.ZS,..,..,..,..,..,..,..,21.2728344136712,17.6800224152424,21.8661152752649,22.6916686446713,23.7140160453044,22.8564930634524,20.8887934735938,17.3570836785418,17.0943624974742,18.6195826645265,19.0693257359924,19.5036117799593,18.8413547237077,18.0720813933437,18.9628876461617,18.9755529685681,19.2371202113606,22.0389569588439
Guam,GUM,GDP growth (annual %),NY.GDP.MKTP.KD.ZG,..,..,..,..,..,..,..,..,0.879314134974734,6.49378949662236,3.64231634949867,-3.65251727541954,0.717213114754102,2.03458799593082,0.438683948155543,2.26325193567601,0.0776548243059523,2.13385063045585,1.69040835707501,1.79305192379529,0.825688073394488,0.18198362147406,0.890099909173486,-0.792221822110193,2.59528130671507
Guam,GUM,Tax revenue (% of GDP),GC.TAX.TOTL.GD.ZS,..,..,..,..,..,..,..,..,..,..,..,..,..,..,..,..,..,..,..,..,..,..,..,..,..
Guam,GUM,Crop production index (2014-2016 = 100),AG.PRD.CROP.XD,..,..,..,..,..,..,..,..,..,..,..,..,..,..,..,..,..,..,..,..,..,..,..,..,..
Guam,GUM,"Foreign direct investment, net inflows (% of GDP)",BX.KLT.DINV.WD.GD.ZS,..,..,..,..,..,..,..,..,..,..,..,..,..,..,..,..,..,..,..,..,..,..,..,..,..
Guam,GUM,Fuel exports (% of merchandise exports),TX.VAL.FUEL.ZS.UN,..,..,..,..,..,..,..,..,..,..,..,..,..,..,..,..,..,..,..,..,..,..,..,..,..
Guatemala,GTM,Trade (% of GDP),NE.TRD.GNFS.ZS,44.6894303422515,40.392952957301,41.5519511569592,44.4237399632554,46.3605068544295,49.1455879049537,70.6690331769476,67.1048115244645,67.0023391862425,70.2148723581872,67.1036996082037,67.9119237396616,69.0013643101763,65.1787305213103,58.0406869738673,63.1251925746222,65.0470510420457,61.9594193352042,56.6852207524472,55.0832792812572,49.8934533224826,46.3727375188895,46.0694204013621,47.011682071395,45.5167427491815
Guatemala,GTM,Exports of goods and services (% of GDP),NE.EXP.GNFS.ZS,19.2590440307493,17.8101172991418,17.9561080230154,18.1716066211,19.0049241253611,20.1950343956927,28.6635482851857,26.7262767971618,26.1810997164793,27.4194097089723,25.454901513817,25.3398334344627,25.9805176037841,25.1243459208619,24.3678264820599,26.2254643341594,27.0677057848772,25.267092636425,21.9981553963722,21.7443629245636,19.8299076925978,18.7530892947864,18.4950463014753,18.1693265265636,17.6119761529528
Guatemala,GTM,GDP growth (annual %),NY.GDP.MKTP.KD.ZG,4.94854750210382,2.95777988740716,4.36408994678341,4.99352780305848,3.8470621889051,3.6088687174876,2.33257486608854,3.83928708556792,2.56037766801896,3.13791683609193,3.27602692588886,5.35139778711536,6.33771869016203,3.29352400028485,0.476898106596394,2.88417542800377,4.16390688293349,2.97470856847661,3.69481919881751,4.44397758285268,4.09217081621244,2.67780255532826,3.07985149125689,3.40687339997949,4.0178979343828
Guatemala,GTM,Tax revenue (% of GDP),GC.TAX.TOTL.GD.ZS,7.71473124255776,8.52966373904846,8.69766927303715,9.37193397451466,10.2471509266561,10.0649764496874,11.0386722099797,12.0735961626442,11.8583959396845,11.7428498298475,11.3843835155732,12.0510563506017,12.2552412852976,11.4590303096883,10.5046855711114,10.6050218415249,11.0178435431948,11.0095522578867,11.1022938902238,10.777815919786,10.3582515698864,10.4215148794664,10.6355739727646,10.5609499289313,10.4353913291649
Guatemala,GTM,Crop production index (2014-2016 = 100),AG.PRD.CROP.XD,42.08,44.93,46.16,48.5,49.15,50.31,53.05,56.47,57.93,61.7,63.58,65.98,73.26,74.54,79.61,78.86,81.59,86.57,90.8,96.52,101.05,102.43,94.43,97.61,95.49
Guatemala,GTM,"Foreign direct investment, net inflows (% of GDP)",BX.KLT.DINV.WD.GD.ZS,0.513121288070686,0.490595256545279,3.54917970403487,6.94130368276462,5.04738067531559,-4.08835554722306,-5.088199966054,-4.97449876130187,0.0903239703402523,1.36317570702825,2.01617500337249,2.13587522888421,2.55959192771149,1.89952208705823,1.34627822535543,2.71030706792051,1.87038244023626,2.82256297187213,2.87216145071537,2.4330214271829,1.93508800636056,1.28045871307284,1.39328983248607,1.25790048523713,1.51707101923107
Guatemala,GTM,Fuel exports (% of merchandise exports),TX.VAL.FUEL.ZS.UN,2.01328659272228,3.20964272479908,4.19868584337978,2.36022050399979,3.47613307176171,5.98784939396314,5.3650298997809,7.15402228818343,8.19705664111192,8.27519812587276,5.65421306924021,8.78466264407755,5.06236157782731,6.98086379688782,4.05012640218242,4.51771285671813,5.07864763153542,3.95916423752873,4.60521260126621,6.54261244833977,4.11851881622466,3.19119223769435,3.46205566813166,4.18284694557494,4.5514849831038
Guinea,GIN,Trade (% of GDP),NE.TRD.GNFS.ZS,45.6441816712025,43.5401737810633,42.4150697005943,48.2106758594876,47.67304857438,53.4817190113594,58.5969097489697,55.4482350732153,51.1421390172418,50.4422180841653,69.8967259154582,69.386303621874,71.1210387522842,64.1842507208638,69.8153539674752,73.5465665620352,85.9546731159607,86.6743242374599,80.4264444383879,76.771963529602,72.4427253803191,111.839462499286,101.251633768859,88.9841115402008,78.4153132291929
Guinea,GIN,Exports of goods and services (% of GDP),NE.EXP.GNFS.ZS,21.1188077615019,19.1951011381517,19.5610874799331,21.2867043609338,21.6395182620822,24.5238730443766,28.5786627531762,26.4778105826218,25.9567433485115,24.6259751804795,34.785653086923,23.8243111629288,23.5509581399532,21.6404645814119,22.5157910776441,30.3412039775072,32.6022412275792,33.137391598105,26.4706206458291,26.6885101438986,21.4968703897159,29.3715113134469,44.6602984532638,40.2070955310504,35.042049336042
Guinea,GIN,GDP growth (annual %),NY.GDP.MKTP.KD.ZG,4.60767320245354,4.46157508517599,5.18160345773762,3.64412124205991,3.81200403347202,2.50306056299607,3.65834646929586,5.16460946696631,1.24860125923698,2.34011731288737,2.99727256275818,1.18960211693242,6.81747111070281,4.13301615965833,-1.12264204848687,4.81336016860719,5.61211177615068,5.915286260084,3.9456870867141,3.69655311729832,3.82591056947008,10.8206271965239,10.3000053426788,6.35849192650272,5.61691446969918
Guinea,GIN,Tax revenue (% of GDP),GC.TAX.TOTL.GD.ZS,..,..,..,..,..,..,..,..,..,..,..,..,..,..,..,..,..,..,..,..,..,..,..,..,..
Guinea,GIN,Crop production index (2014-2016 = 100),AG.PRD.CROP.XD,50.46,51.27,52.74,54.71,56.54,59.95,59.14,61.9,64.75,67.28,69.98,71.81,74.78,78.51,77.57,83.16,87.44,89.33,92.51,95.56,100.14,104.3,110.06,115.25,118.48
Guinea,GIN,"Foreign direct investment, net inflows (% of GDP)",BX.KLT.DINV.WD.GD.ZS,0.020819173379939,0.614479048217324,0.457250783337237,0.496324852160786,1.83320568947094,0.331913236166716,0.0592697645094274,1.01688065146015,2.29123266633289,2.69292051362762,3.57498928423927,2.96207180134019,6.14302863399786,5.48348900421641,1.35523736819374,0,14.0905035466031,7.92820652508269,0.00226821962552647,-0.840221280606482,0.605767937020464,18.828008606698,5.59427174640143,2.97511256253948,0.330286821833642
Guinea,GIN,Fuel exports (% of merchandise exports),TX.VAL.FUEL.ZS.UN,0,0.0166063234639848,0.0060625301669842,0.0117933686403362,0.0187122399861323,0.0326893650491384,0.763842770128623,0.0557014661652494,..,0.267168896482423,3.40567100019241E-05,0.307662074415899,0.864102683278354,1.02831082278776,..,..,..,..,0.289553832489308,0.289042432328907,0.213868655725313,0.466113470861431,..,..,..
Guinea-Bissau,GNB,Trade (% of GDP),NE.TRD.GNFS.ZS,46.8104328971993,42.3601714958377,60.8998978595808,50.2865421182266,67.6776475391336,54.8733509134716,48.0175827233051,41.1843995611341,43.2716188054624,44.8451120369809,41.3183809560734,40.4491981374428,54.1418242321587,52.642045005514,54.071875728414,50.1304010558482,56.62100801099,41.1729928433818,44.0803911767354,51.5930141877095,59.7815367521229,57.8122244103829,60.8470169188269,56.0181155026704,55.3725855838767
Guinea-Bissau,GNB,Exports of goods and services (% of GDP),NE.EXP.GNFS.ZS,11.6671696094704,10.524404058905,21.0167632141376,14.4436976190476,24.8611766470287,21.7558574111665,21.1945992940481,17.8331205708016,18.6798108907565,18.4598915805643,16.1497305470476,12.8486662552065,20.191035630237,19.850608604922,18.8493377356219,14.906079450198,25.6740075016207,15.4752133462098,18.2571916032992,20.2074001359927,27.5430439150609,26.5081142999537,27.7739726207238,25.2760949743129,20.2879496621221
Guinea-Bissau,GNB,GDP growth (annual %),NY.GDP.MKTP.KD.ZG,4.40000000803329,11.5999999962809,6.5,-28.0999797293575,1.02553740859297,5.42698736686771,2.18890681470731,-0.985177524991386,0.568510176088452,2.76140199048032,4.26609893145407,2.30935799764794,3.26295545608291,3.20356730693297,3.36897495773184,4.61097090010318,8.08477973398716,-1.71268301181074,3.25590426517695,0.96456075098132,6.13408294113292,6.26280563780463,5.91917662586047,1.28373670309465,4.49999999151316
Guinea-Bissau,GNB,Tax revenue (% of GDP),GC.TAX.TOTL.GD.ZS,..,..,..,..,..,..,..,..,..,..,..,..,..,..,..,..,..,..,..,..,..,..,10.3228332008281,..,9.46207435827386
Guinea-Bissau,GNB,Crop production index (2014-2016 = 100),AG.PRD.CROP.XD,53.68,54.23,57.42,59.26,62.47,66.42,68.34,68.15,67.24,70.96,76.11,78.93,78.6,91.33,89.31,95.48,91.23,97.92,99.74,93.87,101.55,104.57,105.66,109.11,115.27
Guinea-Bissau,GNB,"Foreign direct investment, net inflows (% of GDP)",BX.KLT.DINV.WD.GD.ZS,0.0157500825860242,0.380889298192746,4.27446121307433,2.1346461427465,0.325634875129837,0.189242613120359,0.1007621099769,0.848539313448782,0.838921715612859,0.360038892130598,1.48075591969157,3.01960845731035,2.69333147406477,0.763697366215096,2.27558108559034,3.08752372674108,2.27528863136419,0.669676575361214,1.87744393149226,2.7350745593399,1.77208303056809,1.20624603545712,1.16215857697248,1.36670244669245,4.97754712507096
Guinea-Bissau,GNB,Fuel exports (% of merchandise exports),TX.VAL.FUEL.ZS.UN,..,..,..,..,..,..,..,..,..,0.809891939704249,..,..,..,..,..,..,..,..,..,..,0.00207808733428507,..,..,..,..
Guyana,GUY,Trade (% of GDP),NE.TRD.GNFS.ZS,213.32717044128,211.337532492477,209.136671614275,203.842431497026,201.05931477536,206.767370475214,199.577000730114,196.72507835983,189.162485631386,200.725286901642,194.350757310172,..,..,..,..,..,..,..,..,..,..,..,..,..,..
Guyana,GUY,Exports of goods and services (% of GDP),NE.EXP.GNFS.ZS,101.210568427252,102.621309314357,99.6600655297052,95.9327548902846,96.5084717132055,96.0799732120736,92.8742833412542,92.3031854232478,89.6766919563527,95.5626731827216,84.6228685715672,..,..,..,..,..,..,..,..,..,..,..,..,..,..
Guyana,GUY,GDP growth (annual %),NY.GDP.MKTP.KD.ZG,5.03144655812085,7.95551754125103,6.18066561019938,-1.67910449189729,2.96015180311224,-1.36380390261873,2.2795216592191,1.13262696199476,-0.632225388266377,1.56335211034042,-1.95095759501714,5.12960934773,7.19123624057457,1.75522349592019,3.61150847218585,4.13844160137342,5.19625156051602,5.27633062046809,3.65338433338232,1.68649445019584,0.687404590619494,3.80745626378814,3.73449154571284,4.44091288475967,5.35284003535665
Guyana,GUY,Tax revenue (% of GDP),GC.TAX.TOTL.GD.ZS,..,..,..,..,..,..,..,..,..,..,..,..,..,..,..,..,..,..,..,..,..,..,..,..,..
Guyana,GUY,Crop production index (2014-2016 = 100),AG.PRD.CROP.XD,76.22,77.53,80.76,73.05,79.82,73.05,76.87,75.53,79.85,78.46,66.97,71.01,70.21,70.32,75.36,77.46,81.89,80.42,93.65,90.85,112.46,96.69,106.45,108.1,107.37
Guyana,GUY,"Foreign direct investment, net inflows (% of GDP)",BX.KLT.DINV.WD.GD.ZS,11.9718135843196,8.36397760734315,6.94131112506582,6.13214194627018,6.62103918322616,9.41532518977148,7.86331922179128,6.0044226038902,3.51248368176644,3.80800361007364,9.31043894391441,4.30285006670754,5.58043153055629,5.88393294374128,5.18058909263255,5.76769722571896,6.68583866568761,6.8398706440639,4.81209139061693,5.75992304167742,3.21740985101614,3.6284858008664,6.89409503910073,24.6552859939849,32.7649489760172
Guyana,GUY,Fuel exports (% of merchandise exports),TX.VAL.FUEL.ZS.UN,..,..,0.00428925225278988,0.0422657639337464,0.000103239099996704,1.29251571035002E-05,0.00637604522429496,1.10729463309816E-05,0.00118430580053243,0.0178910056472955,0.000182487313548842,0.000463444283185543,0.000918260812129859,0.000751225693066862,0.000176657587114305,0,0,4.32445899138433E-05,2.64255922135971E-06,0.000383814291986893,4.94357193637663E-05,0.0002846192827259,0.00152946241564808,0.00197253431649032,5.52225782843934E-05
Haiti,HTI,Trade (% of GDP),NE.TRD.GNFS.ZS,37.8478190633142,40.223379852938,36.8940488093915,36.5207867041288,41.9484795102088,27.1535220709472,27.5699329932685,24.9396784364091,37.1973434589485,33.7809703171462,34.9651044702565,37.057070408218,34.2825489800027,36.1450381490459,33.0964998246108,44.7215241260457,44.1635703906818,40.2582414988129,40.3325097511203,42.3515259076058,41.9457381135139,41.4109022125478,42.074547784023,45.138576305518,44.5687187734548
Haiti,HTI,Exports of goods and services (% of GDP),NE.EXP.GNFS.ZS,9.13356386088413,11.3276309301777,10.4525423101137,9.90047145102148,12.2491119646519,7.357980430976,7.02577509040032,6.28442945185661,9.27243553435789,8.37501272551074,8.60730924635674,9.02116806576324,8.44368932347509,8.79139007224236,8.91611581819929,8.57028815816493,10.0831141595644,9.65509365703807,10.5162857563727,10.9748356210277,11.767746984081,11.6019709419381,11.0034703389377,10.7808225945312,10.5576734342764
Haiti,HTI,GDP growth (annual %),NY.GDP.MKTP.KD.ZG,9.89770748815705,4.14077332856783,2.70471393077787,2.18184032957123,2.71024801048499,0.870059259424892,-0.342747883252144,1.05182013450109,3.48077973188326,-1.3178567596495,3.07217337664731,1.76875060288195,4.70652994008303,2.6580323082747,5.89037894844316,-5.65151153448299,5.09821354410036,0.502424403581585,4.32478411472874,2.88877251536053,1.4000000019679,1.81246807847532,2.51027134544685,1.66781095484656,-1.72309699535413
Haiti,HTI,Tax revenue (% of GDP),GC.TAX.TOTL.GD.ZS,..,..,..,..,..,..,..,..,..,..,..,..,..,..,..,..,..,..,..,..,..,..,..,..,..
Haiti,HTI,Crop production index (2014-2016 = 100),AG.PRD.CROP.XD,57.34,57.43,60.52,57.7,59.74,60.46,57.84,58.12,59.27,61,64.86,64.75,72.78,68.98,81.62,87.88,93.43,94.39,104.07,104.16,98.02,97.83,92.1,86.71,76.09
Haiti,HTI,"Foreign direct investment, net inflows (% of GDP)",BX.KLT.DINV.WD.GD.ZS,0.2630350503705,0.141013766512959,0.11979817057364,0.288944097337968,0.722243119545441,0.194464984012868,0.0694886380250272,0.0918488624390732,0.272084819275397,0.0969221351782638,0.369835647508542,2.10244121969077,0.807269738894949,0.28563314934196,0.47831323606828,1.50093016008476,0.91476918408797,1.13794477258218,1.08652045842997,0.653599791911593,0.711667591811209,0.74559620959593,2.48360915627494,0.640093069891155,0.499464210439719
Haiti,HTI,Fuel exports (% of merchandise exports),TX.VAL.FUEL.ZS.UN,..,1.15759498066816E-05,..,..,..,..,..,..,..,..,..,..,..,..,..,..,..,..,..,..,..,..,..,..,..
Honduras,HND,Trade (% of GDP),NE.TRD.GNFS.ZS,102.44888237349,115.450847627509,118.848359042336,122.050468203298,120.126089120866,120.392164584236,115.943071737954,117.997454450299,122.248277175534,135.461758741854,136.489768018486,133.13183510432,135.070634917917,135.748955193053,96.9050060188904,109.441838241682,122.216902597337,121.188215808285,116.306049247436,112.97509728471,107.26440535424,99.8157169505924,101.813111079622,103.551162215452,98.0275897083463
Honduras,HND,Exports of goods and services (% of GDP),NE.EXP.GNFS.ZS,48.4351276518916,54.7594046632038,57.0026475295202,57.7965578038389,52.9289434584401,53.972182998888,51.3817002306282,52.730582054494,54.0940274951722,58.4229834527808,59.0058417153113,56.0546420538277,53.5090115392915,51.3252766875914,39.5302508197518,45.7589061967483,51.2576866755535,50.9027988216362,47.9414903194725,47.5626547300206,45.1667574562581,42.7141047814182,43.0938548370178,41.4548165613247,39.9185126725089
Honduras,HND,GDP growth (annual %),NY.GDP.MKTP.KD.ZG,6.18930455759235,1.87077629388163,4.59808306248539,3.59023303357911,-0.735651085447699,7.29128815869618,2.72319327321379,3.75433786119939,4.54703805165397,6.23230296069102,6.05059922215973,6.56724355177587,6.18832716678008,4.23160011009342,-2.43162787988011,3.73114034433009,3.83569066207505,4.12868774866939,2.79155975746801,3.0580805621437,3.84007997093951,3.89297219726413,4.84291391050387,3.84499476966735,2.65306625480355
Honduras,HND,Tax revenue (% of GDP),GC.TAX.TOTL.GD.ZS,..,..,..,..,..,..,..,..,13.7464657766749,14.4958593254183,14.5349539639745,15.2383560846971,16.3850005480222,16.1305159842983,14.1619701907107,14.4250984008607,14.7879787886259,14.7474723155071,15.0632419088149,16.5426382434487,17.3444720611594,..,..,..,..
Honduras,HND,Crop production index (2014-2016 = 100),AG.PRD.CROP.XD,62.23,69.57,69.48,68.38,54.93,60.67,64.79,67.93,76.41,80.49,84.9,84.8,90.84,91.29,92.47,91.11,98.58,107.29,99.72,91.88,100.39,107.73,119.59,122.06,119.5
Honduras,HND,"Foreign direct investment, net inflows (% of GDP)",BX.KLT.DINV.WD.GD.ZS,0.935025978785195,1.74303920909253,2.11779483377065,1.55505354513647,3.69941913669702,4.8698431531529,4.04940697578742,3.65621737783932,4.74055553954206,6.67606399673032,6.16028277171203,6.57287305327356,7.82223281251053,8.65020371949481,3.38987200238322,3.83460574737836,5.88681418228479,5.83610988955547,5.77862113948421,8.62899693066623,6.27594328427603,5.28156973350556,4.10592046689605,5.9938612069111,3.80668670933849
Honduras,HND,Fuel exports (% of merchandise exports),TX.VAL.FUEL.ZS.UN,0.0193108153077716,0.109277198888382,0.281186235664396,0.256088397843228,0.527798327516472,0.1020976911118,0.0268104516056491,0.0558140378246492,0.194978895207617,0.10107453163439,0.608115568618842,0.337626779048706,5.38467318598085,..,6.17707347229059,8.0723038762939,4.10902012802959,3.90978374073776,..,0.0260914911819797,0.0186038308259842,0.0219779608215723,0.817041694657436,0.308822578147583,0.0140768372959928
"Hong Kong SAR, China",HKG,Trade (% of GDP),NE.TRD.GNFS.ZS,256.89826506739,244.85376438617,233.440294577968,221.133284508369,220.272313145342,247.654020445592,240.848977626932,255.996457369342,292.454655919737,326.841054589054,342.689209524653,359.208661184248,362.14946363969,376.656806171877,348.397554309339,404.770560908659,421.854706554386,430.568530415663,442.620019127299,425.975871734797,389.405949263639,371.727231773253,376.795666734722,376.892773545026,353.743521139731
"Hong Kong SAR, China",HKG,Exports of goods and services (% of GDP),NE.EXP.GNFS.ZS,126.208617290703,121.684512519621,115.041479648353,110.834708128133,112.718574496907,126.031457172742,122.769694703522,132.076763164041,150.775979991549,167.775897168379,177.45291670355,185.185163012497,186.412407406061,193.415176806617,178.135055401704,205.322597352297,212.852416474103,215.849565476503,221.610060304774,213.090413516784,195.89760161449,187.005128888725,188.902399636639,188.339507002291,177.651315174364
"Hong Kong SAR, China",HKG,GDP growth (annual %),NY.GDP.MKTP.KD.ZG,2.37375333496206,4.25851473059889,5.0997658538634,-5.88258017249991,2.5066413044555,7.66346714088868,0.56080027854064,1.65669516668655,3.05629169188697,8.70006348101138,7.38815221444673,7.03262886600626,6.46483649993034,2.12785136154758,-2.45905568784876,6.76769054741861,4.81473243766588,1.70031994385079,3.1015529558385,2.76238422541562,2.38784706747271,2.1754189894252,3.79610314564431,2.84692053389013,-1.67243165327264
"Hong Kong SAR, China",HKG,Tax revenue (% of GDP),GC.TAX.TOTL.GD.ZS,..,..,..,..,..,..,..,..,..,..,..,..,..,..,..,..,..,..,..,..,..,..,..,..,..
"Hong Kong SAR, China",HKG,Crop production index (2014-2016 = 100),AG.PRD.CROP.XD,193.03,170.99,165.03,146.88,131.95,111.7,96.2,94.42,94.81,96.01,96.38,98.52,98.71,98.39,97.8,97.52,98.35,104.37,102.77,100.7,98.82,100.48,101.06,100.18,99.63
"Hong Kong SAR, China",HKG,"Foreign direct investment, net inflows (% of GDP)",BX.KLT.DINV.WD.GD.ZS,4.29537774556507,6.54914391884337,6.40989254127148,8.25373758316017,15.2957120663805,41.0649470707168,18.4716176291754,4.05644798053661,11.5049681043857,13.1249372796878,22.5606006200286,23.2008118497037,29.358179802523,30.570763400766,25.3568166432836,36.174608362048,38.684029536737,28.5144344855168,27.8775202185389,44.550695708813,58.5183725103253,41.5318364506118,36.8375516616862,26.8255240590301,16.0571325877868
"Hong Kong SAR, China",HKG,Fuel exports (% of merchandise exports),TX.VAL.FUEL.ZS.UN,0.315467447937326,0.154325913154053,0.413002737273904,0.321966232668042,0.34198868361486,0.461977335829639,0.583712895671654,0.727912959261127,0.896646250430637,0.992647981806573,1.33685218489817,1.2664099639829,1.51790817690035,1.89987009504121,1.9405981440719,1.97471247684696,2.04710597899413,1.08377769821115,1.08391438680499,1.44114492800792,1.80642355129519,0.882539406722337,0.106953953113915,0.119866004746752,0.116930486380584
Hungary,HUN,Trade (% of GDP),NE.TRD.GNFS.ZS,78.3847053096873,83.2922066662408,94.8487191212692,107.42990062644,114.025774849784,137.40660123512,131.045068739569,118.320109162292,116.629337013972,123.446305858264,127.813088986281,149.008636494873,155.498250362114,158.325297842814,144.999897438898,157.464913798909,166.433183141671,165.648667943528,164.346110357561,168.394596543722,167.320445037758,164.403927718725,165.228515608639,163.260512262857,160.751343279331
Hungary,HUN,Exports of goods and services (% of GDP),NE.EXP.GNFS.ZS,39.1884804598934,41.8827893497962,47.9054191719791,52.9301860857864,55.6436554579462,66.8578897770738,64.8773208127959,58.1369735753857,56.344348155367,59.5622589212091,62.5151947562125,73.7805883647303,77.8195648199678,79.1809186837228,74.2242534682997,81.107304239429,86.0776968359815,85.8794009552351,85.4108225108653,87.1234667634739,87.5264509328171,86.4047382876954,85.919564059938,83.7553158559384,81.5297406120423
Hungary,HUN,GDP growth (annual %),NY.GDP.MKTP.KD.ZG,1.48952547622301,0.082413297607502,3.1431221936127,3.90000450119636,3.07102686649078,4.47919473197571,4.07408803273854,4.7412865464827,4.07424974585209,5.00462069164915,4.29427761009178,3.9460668802932,0.277372772325805,1.00394302900897,-6.59786721850169,1.0762540427767,1.86683747544298,-1.25022602347063,1.80252210082266,4.23220980614269,3.7073159793626,2.20100189293856,4.27197601620695,5.36234836176223,4.86422573511891
Hungary,HUN,Tax revenue (% of GDP),GC.TAX.TOTL.GD.ZS,23.1672053186825,22.9160784324738,20.93471548102,20.7652378888534,21.802165164374,22.3784626478492,21.3996571139122,20.8930507009378,20.6616138380684,20.3626716533573,19.8994457437997,19.8097021085166,21.3821296316223,23.2592147712304,23.2942655976582,22.5876259541854,21.0415078006666,22.8677979866006,22.8679862346687,23.0184223257961,23.2351280113752,23.0674566943004,22.8812975214589,22.5345388023199,22.3640562554323
Hungary,HUN,Crop production index (2014-2016 = 100),AG.PRD.CROP.XD,79.86,86.35,91.35,90.3,84.68,75.55,96.61,78.66,70.5,108.69,94.89,92.61,75.12,104.06,89.61,74.53,85.22,73.5,88.28,102.15,92.61,105.24,98.17,99.05,97.18
Hungary,HUN,"Foreign direct investment, net inflows (% of GDP)",BX.KLT.DINV.WD.GD.ZS,10.3480478194497,7.04891598121972,8.80421055001972,6.69650972724819,6.89776404900304,5.81915570397215,7.55129373840367,5.38897593043896,4.87484007510829,4.35849386883798,24.2817851336626,16.1419177882521,50.3837301500016,47.4388008170059,-2.13023268950647,-15.7141859416703,7.56713765607226,8.39652900734838,-2.64334200019703,9.26026289604708,-4.20728768700017,54.1803174690302,-8.47800231451021,-40.0863459924574,60.0414042352445
Hungary,HUN,Fuel exports (% of merchandise exports),TX.VAL.FUEL.ZS.UN,3.08222205240564,3.380550495906,2.26606428975684,1.84511891430555,1.58938127199278,1.61330662038295,1.58611534193754,1.48652240672871,1.55166807212857,1.8029750084607,2.61978452250302,2.33860712342864,2.79402124116207,3.09137506197835,2.46413041965744,2.65553407851758,3.48647939393779,4.03999139914224,3.59652575011648,3.33738014007523,2.29528126899766,1.82120979027414,2.49990722914292,2.80671616706979,2.62395420067476
Iceland,ISL,Trade (% of GDP),NE.TRD.GNFS.ZS,66.5482235225281,71.1051549902842,70.6057858293811,71.8831142807968,69.4300415579436,71.139007768483,74.7346556223368,69.4320112878179,68.1992117488105,70.4319020602726,72.4506153719683,77.5361532018636,74.6709135585578,82.6880266963066,89.3947432104364,93.6463981817789,101.408701748757,104.085475471704,98.7895236023721,96.6655918887019,95.8182079086458,88.3330236353413,86.9789469759093,88.6369069643521,82.8627457813882
Iceland,ISL,Exports of goods and services (% of GDP),NE.EXP.GNFS.ZS,34.9990277318749,35.7989319056668,35.5342918823058,33.7681436186603,32.4569602044965,32.129906349249,36.9408109763074,35.5152001018962,32.6221430306214,32.4099789513317,30.3583868009756,30.4055619713608,32.8401013599868,40.300402396443,48.7198050779344,51.7462338383325,54.5455362550712,54.9260547223621,53.2477515083307,51.5190979483341,51.6517214467662,47.4840362948306,45.7322400076772,46.0467623881339,43.7132484395931
Iceland,ISL,GDP growth (annual %),NY.GDP.MKTP.KD.ZG,..,4.56712358678963,5.7716124249294,7.36280095338691,4.03492352675367,4.98504277020335,4.01349755473568,0.559519082007625,2.14268837866911,7.80239950753543,6.12443896533613,6.31699308637074,8.45486009612951,2.20949641882098,-7.66380956025947,-2.83277491540855,1.84577915624217,1.06363660743763,4.55246032015107,1.68721501750642,4.43666371937172,6.30368710650176,4.19494882908376,4.88917299486545,1.86117794293874
Iceland,ISL,Tax revenue (% of GDP),GC.TAX.TOTL.GD.ZS,22.5133473452549,23.4478366335022,21.9969035759941,23.9553786797974,25.860394313446,25.105572588889,22.7640673734124,22.5927118214864,23.6770823338554,24.7663209668127,27.2429931228023,26.8971375817565,25.9584917840003,22.797774575151,19.9335386481209,20.2264379933079,20.5821774257347,21.503307076745,21.6567855014887,24.4919599819558,22.6894441179314,37.612849787134,23.9232132016805,22.9783610687234,21.9320134156456
Iceland,ISL,Crop production index (2014-2016 = 100),AG.PRD.CROP.XD,57.04,76.68,64.56,81.29,69.12,74.9,84.39,71.02,64.87,89.6,99.32,104.67,102.12,101.16,87.28,102.39,79.12,92.05,70.14,81.79,100.47,117.73,111.79,82.85,109.87
Iceland,ISL,"Foreign direct investment, net inflows (% of GDP)",BX.KLT.DINV.WD.GD.ZS,-0.130677741078363,1.12281928859909,1.95533983433771,1.81194911645345,0.741916720260383,1.71910672335357,1.98480647133146,0.986280282344157,2.93416250883022,5.46329455319797,18.3568910420242,22.1957301923828,31.7384495595613,6.65954120061332,0.483397737786495,1.86880354711353,7.27227438749282,6.94277709651988,2.93088850938654,4.29141502345504,6.54080992846603,-5.12806396736361,-28.3072317012805,-2.37128033729888,-2.25459249123475
Iceland,ISL,Fuel exports (% of merchandise exports),TX.VAL.FUEL.ZS.UN,0.0476905070943385,0.0607516384916808,0.05923283605147,0.161376703299821,0.14465487817422,0.359889067918245,0.233396686298538,0.40654344367881,0.234564340543303,0.518432513761317,1.39645565158794,2.33075048398321,1.45343457291812,1.48265540558041,0.991646978305986,1.02822593882239,1.93291585931758,2.01347115859458,1.59881587921523,1.990960030038,1.61071182711898,1.30876952578186,1.18088468244248,2.01382640511231,1.59354192827939
India,IND,Trade (% of GDP),NE.TRD.GNFS.ZS,22.8674487062499,21.9294878713867,22.6193868670479,23.6994700790647,24.8155980442929,26.9009229104474,25.9932547534365,29.5086629350614,30.592436132908,37.5038140588585,42.001669615216,45.7244804989428,45.6862686790682,53.3682204388355,46.2728696432471,49.2552064972871,55.6238800133388,55.793721717249,53.8441319448815,48.9221857452396,41.9229138654037,40.0824857129295,40.7424969548497,43.6169693314126,39.9054035298391
India,IND,Exports of goods and services (% of GDP),NE.EXP.GNFS.ZS,10.8439680350622,10.3851692716063,10.690717318379,11.0184691793102,11.4520646128009,12.9972363113479,12.5583796339108,14.2643839243147,14.9479138581734,17.8591249627676,19.6052466949954,21.2679414220466,20.7996997487758,24.0973572599643,20.4005193745166,22.4009332487358,24.540411319487,24.5344306563601,25.4308612996653,22.9679630072592,19.8131891561946,19.1582349104292,18.7917648394481,19.9278285984011,18.6642648968953
India,IND,GDP growth (annual %),NY.GDP.MKTP.KD.ZG,7.57449183788519,7.54952224920051,4.04982084998183,6.18441582172117,8.84575555939531,3.84099115659129,4.82396626555771,3.80397532112175,7.8603814759073,7.92293661259009,7.92343062107486,8.06073257216011,7.66081506586751,3.08669805952395,7.86188883244891,8.49758470212609,5.24131500151445,5.45638875261152,6.38610640116532,7.41022760058425,7.99625379040316,8.25630549903522,6.79538342343425,6.45385134074191,3.87143693928024
India,IND,Tax revenue (% of GDP),GC.TAX.TOTL.GD.ZS,9.22682469090603,9.23146869089268,9.00857773269381,8.11314351097825,8.63830002757078,8.81014349636308,8.07945444456957,8.67627393090217,9.10808432214403,9.57081708035957,10.080931526437,11.1293370538995,12.1083469903408,10.9771721521427,9.80972540646508,10.388039790504,10.1773871997259,10.8367717187352,11.0016256939392,9.98465419035275,10.5697090518643,11.1477384182822,11.3874439798997,12.0174277480559,..
India,IND,Crop production index (2014-2016 = 100),AG.PRD.CROP.XD,60.03,62.35,63.59,64.52,67.45,65.93,67.67,60.9,68.98,67.24,71.18,75.35,82.29,82.79,79.84,87.96,94.29,95.71,100,101.28,97.71,101,107.38,110.94,112.34
India,IND,"Foreign direct investment, net inflows (% of GDP)",BX.KLT.DINV.WD.GD.ZS,0.594986329567619,0.617479351603705,0.860208959660143,0.625286204187866,0.472644845877164,0.76521264900652,1.05637830509657,1.01157180543153,0.605889254714578,0.765601404561568,0.886100720127634,2.13016842532993,2.07339404667484,3.62052323537544,2.65159033237562,1.63503409434482,2.00206346299243,1.31293453008257,1.51627646654891,1.69565958984687,2.09211521441126,1.93736412242753,1.50731583257041,1.55821483798075,1.78482633953521
India,IND,Fuel exports (% of merchandise exports),TX.VAL.FUEL.ZS.UN,1.65773868244334,1.54523205670197,1.1362364569023,0.425308277813696,0.247356545431809,3.40561977719471,4.89451361807116,4.64597767742237,6.10097544845508,8.06795716494028,10.4601583493885,14.8542991106596,16.1895676050457,18.0648893231602,13.5864051496825,17.2296552495647,18.7585466086377,18.7788936146643,20.6668895706043,19.6340746160473,11.8719127202525,10.6421920620902,12.1859467424678,15.0674509533117,13.7763501701928
Indonesia,IDN,Trade (% of GDP),NE.TRD.GNFS.ZS,53.9585900635426,52.264743657148,55.9938588086777,96.1861923602686,62.9439128601924,71.4368759173731,69.7932075256238,59.0794617663723,53.6164937473016,59.761294836691,63.9879358688635,56.6571268148867,54.8292499782075,58.5613996314603,45.5121213683604,46.7012738753565,50.1800131848331,49.5828982992627,48.6373726756821,48.0801755854063,41.9376402414825,37.4213418024754,39.3554970708712,43.0743089548747,37.6277775362938
Indonesia,IDN,Exports of goods and services (% of GDP),NE.EXP.GNFS.ZS,26.3121650131426,25.8245519820943,27.8592432831317,52.968134566078,35.5141290838601,40.9773084738704,39.0321390955111,32.6876208878375,30.4776547809661,32.2166946182599,34.0672676279992,31.0347163143166,29.4357184851264,29.8082841674702,24.1591196684448,24.2990309366233,26.3273530892169,24.5943787881769,23.9235763797156,23.665984596562,21.1601792601373,19.0889938535584,20.1773044351849,21.0027464970783,18.5915277973681
Indonesia,IDN,GDP growth (annual %),NY.GDP.MKTP.KD.ZG,8.22000739947582,7.81818707715229,4.6998788540334,-13.126725493152,0.791126082561647,4.92006774777576,3.64346644786215,4.49947538889633,4.78036912376109,5.03087394494024,5.69257130261316,5.50095178537065,6.34502222761846,6.01370359922831,4.62887118346032,6.2238541798264,6.16978420771008,6.03005065305615,5.5572636889101,5.006668425755,4.87632230022123,5.03306918280177,5.06978590134916,5.17429153955024,5.01928768046282
Indonesia,IDN,Tax revenue (% of GDP),GC.TAX.TOTL.GD.ZS,14.9647722699912,14.234801940785,16.0118484144708,15.0275881804252,16.3158356093432,..,11.5781845835748,11.8269595891699,12.3855320643093,12.3307678952353,..,..,..,13.3106178269922,11.057786518801,10.5374850612964,11.1581278507445,11.3805899447921,11.2853014633987,10.8355237532905,10.7534877772096,10.3363487033276,9.8772930803788,10.230143021132,9.75196180827865
Indonesia,IDN,Crop production index (2014-2016 = 100),AG.PRD.CROP.XD,58.73,59.86,57.03,58.5,59.7,61.34,62.33,65.49,70.06,73.48,76.85,79.15,79.61,84.3,86.83,92.62,94.46,99.52,100.34,99.7,101.32,98.98,108.58,112.73,107.59
Indonesia,IDN,"Foreign direct investment, net inflows (% of GDP)",BX.KLT.DINV.WD.GD.ZS,2.15007984011937,2.72419788646708,2.16779685196237,-0.252290447660406,-1.33257354110796,-2.75743993350903,-1.85568619300523,0.0741516383181159,-0.254256320381005,0.738243979887563,2.91611483313067,1.34794264068931,1.6030105718879,1.82632902404593,0.903919419647209,2.02517914569356,2.30298429381592,2.30978031853074,2.55135633401058,2.81997260412102,2.29761639380441,0.487372471368879,2.01948919812582,1.81428979349441,2.23336204282241
Indonesia,IDN,Fuel exports (% of merchandise exports),TX.VAL.FUEL.ZS.UN,25.3386025177731,25.817044545495,24.6125212862387,19.3030132326385,22.9950502252818,25.2438359749654,25.344427407571,24.334811208024,25.7292623898005,25.9296959534362,27.6871048909906,27.4003143914625,25.6005070622317,29.0318557788815,28.2773498619135,29.6394103981532,33.8640790574272,33.3477843794198,31.4408284894275,29.0428546208956,23.0427750818147,19.2890340293455,21.8451876585303,23.3100285618431,20.3380217373565
"Iran, Islamic Rep.",IRN,Trade (% of GDP),NE.TRD.GNFS.ZS,35.1442449152739,35.2212991555121,32.6495581114856,29.2282196462168,34.8854141344906,41.2572474648948,40.53556648018,48.1726865518116,50.6791057749094,51.3138573270476,54.4404952626169,53.1673587139261,49.8873069219141,48.2294027737655,43.6995802244165,43.7706437373524,41.2194147918575,44.0893466807453,47.0867179194755,45.3514201413161,39.4225886611796,40.3878469208426,44.7448707659087,58.5650897152156,50.7543343501077
"Iran, Islamic Rep.",IRN,Exports of goods and services (% of GDP),NE.EXP.GNFS.ZS,21.6762407038307,20.1951302404086,17.2779308649525,12.6833809122559,19.2920231959411,21.4670575687982,19.303320356832,24.4139021535169,24.62747283048,25.2669282561482,30.3308191860484,29.869035250349,28.8436124049704,26.577127451621,22.7114891379066,24.3996532830257,24.9333131264673,22.4753001992587,25.1829067419072,22.8306723891643,18.7208345068656,21.1617079991403,22.7356882630098,31.1163801000709,23.4838672675323
"Iran, Islamic Rep.",IRN,GDP growth (annual %),NY.GDP.MKTP.KD.ZG,2.4010445522492,6.35052601959309,1.35039927371557,2.08001178030293,2.00269623308067,5.84552747587396,2.39217271180297,8.07882927923774,8.6392983956527,4.33666598322418,3.18980408131023,4.99979526935969,8.15577351843464,0.250856552511053,1.00738546285622,5.79793829590261,2.64571792008958,-3.7471713986414,-1.52197920494163,4.98477506709494,-1.42488493937491,8.8150866425182,2.75850524578875,-1.83800757093036,-3.0705879849703
"Iran, Islamic Rep.",IRN,Tax revenue (% of GDP),GC.TAX.TOTL.GD.ZS,6.22079867839147,7.94631513984084,10.1579620986255,8.64437605391793,8.32782333658207,5.86128209638759,5.74690355849208,4.99437771164826,5.20132534960526,5.19532335188804,6.65759371533812,6.21768140946726,5.93768768949975,6.19780928808194,7.35847804148683,..,..,..,..,..,..,..,..,..,..
"Iran, Islamic Rep.",IRN,Crop production index (2014-2016 = 100),AG.PRD.CROP.XD,64.26,68.51,65.96,77.31,70.2,68.84,69.57,84.21,86.61,82.72,92.83,94.7,103.55,73.63,83.06,88.74,86.95,88.79,93.85,98.58,99.46,101.96,95.01,84.46,92.01
"Iran, Islamic Rep.",IRN,"Foreign direct investment, net inflows (% of GDP)",BX.KLT.DINV.WD.GD.ZS,0.0176313384272149,0.0215939791942922,0.046524218057949,0.0217633947743165,0.0307426231738205,0.0355866340459482,0.321660450665872,2.73611498143821,1.87403442562154,1.59821351185303,1.27585091125392,0.870277120368664,0.576707017907204,0.480187803622756,0.716484923198092,0.749571757589046,0.683036658914429,0.723831886879924,0.618931864280805,0.457335512743532,0.50218890932499,0.736317506701252,1.03137876474913,0.719762831370911,0.531641985022407
"Iran, Islamic Rep.",IRN,Fuel exports (% of merchandise exports),TX.VAL.FUEL.ZS.UN,..,..,85.8003950430061,81.2977718272111,86.0700264270086,88.8675310777915,85.2051131777108,70.3079897892571,79.4780554871552,78.9586877543246,83.0809475304939,83.2838200199219,..,..,..,70.8018189413379,70.5041242804763,..,71.7172687320017,67.7953155547417,57.7930861182423,67.5862230701503,71.0578843095261,68.6777337315966,38.5316504652718
Iraq,IRQ,Trade (% of GDP),NE.TRD.GNFS.ZS,0.0209992321838355,0.0268884829090311,106.188167289731,132.243160520961,138.314602403552,125.336595640904,126.780256702911,119.762047990754,154.234523260266,120.233977121676,115.742540308642,89.6505204858719,74.092853105498,81.0555432665835,78.6873788189898,73.4974796202443,72.1713282233655,73.6086845912812,67.4100184095672,68.9824868569036,69.5917685983115,54.588320188677,59.7809123923157,65.8017917701083,68.9899384202806
Iraq,IRQ,Exports of goods and services (% of GDP),NE.EXP.GNFS.ZS,0.00537675930738319,0.00916177369600626,63.8470089465787,77.898988648591,77.634883408788,75.7037742203896,65.2733913946118,70.5700515170938,77.3927182052535,56.2709085305741,54.3478705800752,51.0319434096732,45.8998391733957,50.3283072215829,39.4001102563314,39.41682921428,44.4175230392819,44.5084353612381,39.6635365352026,38.9417264514779,34.5141464410956,28.1085236792986,33.9160634134979,40.8026420265318,38.0518681988838
Iraq,IRQ,GDP growth (annual %),NY.GDP.MKTP.KD.ZG,2.12002149822837,11.0207856446194,21.2379361268454,34.8570951350526,17.5822660101985,16.9216656903831,1.76148008080345,-8.19846982382958,-36.6581526754007,53.3817941859476,1.67188962404498,5.64629779544931,1.88557214264485,8.22810710383277,3.37929909442771,6.40256484471193,7.546471200426,13.9364301737537,7.62857118471159,0.197016710359037,4.72286401884131,13.7873730187089,-1.81975035118309,2.63385099105624,5.51379057418826
Iraq,IRQ,Tax revenue (% of GDP),GC.TAX.TOTL.GD.ZS,..,..,..,..,..,..,..,..,..,..,..,..,..,..,..,..,..,..,..,0.91477329322806,1.32119614893692,2.07780523585979,2.68703020692064,1.98400716286706,1.34459361810327
Iraq,IRQ,Crop production index (2014-2016 = 100),AG.PRD.CROP.XD,124.23,126.33,120.76,130.6,119.79,112.69,131.67,150.06,123.31,116.69,123.73,126.38,120.78,104.25,106.49,124.06,133.51,134.28,155.09,144.82,76.18,79,75.67,72.5,127.22
Iraq,IRQ,"Foreign direct investment, net inflows (% of GDP)",BX.KLT.DINV.WD.GD.ZS,..,-0.0191111519736746,0.00555265079296931,0.03583380102465,..,-6.61645727484025E-05,-0.0183987194875265,-0.00099002520234575,4.56171717525217,0.819047735654686,1.03153063965511,0.587963055780329,1.09391289238934,1.40995174135476,1.43142989146338,1.00796493975113,1.12086339764167,1.55961527267887,-0.995279210263068,-4.45521124532956,-4.54159235443502,-3.75498592308959,-2.68799428357231,-2.14854834807913,-1.31640616709339
Iraq,IRQ,Fuel exports (% of merchandise exports),TX.VAL.FUEL.ZS.UN,..,..,..,..,..,97.0120267860648,95.0066887098728,95.0954914415094,..,96.0061358572201,96.3555657715066,99.459181622694,99.6294248203056,99.7568096571184,99.6937150677908,99.7045850237878,99.7790725268102,99.749740585093,99.7968723357044,99.8860619088129,99.7872777592791,99.9864810010682,..,..,..
Ireland,IRL,Trade (% of GDP),NE.TRD.GNFS.ZS,136.103149926386,138.868160055948,142.269496909751,157.772416676027,159.871032955767,174.954555860946,174.84073239778,163.719354360002,146.531500811248,146.587525808196,148.17558480428,150.021804736753,153.396863813395,160.039444160284,173.591494341428,189.925491032114,187.711114807798,191.880382137775,189.423656922593,201.846445638508,214.995933767668,228.143600715455,219.440135910193,216.53908687884,252.495271979574
Ireland,IRL,Exports of goods and services (% of GDP),NE.EXP.GNFS.ZS,73.5200042952047,74.9070402979552,77.1247950435794,84.324076342184,86.4601038422812,94.3894577763648,95.2243824665404,90.449477107344,80.8405915956942,80.4755800800168,79.5276963895122,79.0346762561037,80.8367951764565,84.333282431752,93.5561688922869,103.242934938459,103.183885585949,104.653277439686,104.108277458293,109.904947706623,121.850238402927,121.912360759951,120.706731367309,122.480946405531,128.004242909111
Ireland,IRL,GDP growth (annual %),NY.GDP.MKTP.KD.ZG,9.63442161916896,7.37962523389375,11.0217645430167,8.76612168705877,10.5298862914028,9.40352467698926,5.30582152808266,5.89936526893928,3.01383869171366,6.78813997127008,5.73978167213708,4.98785381227775,5.31011822051231,-4.48407064569804,-5.0957831845721,1.68297202204354,1.28075209135081,-0.129692110994981,1.17461437395743,8.828998727303,24.4752533362377,1.76555687937534,9.31125930624903,8.47029545192876,5.2977280259237
Ireland,IRL,Tax revenue (% of GDP),GC.TAX.TOTL.GD.ZS,26.5265891801017,27.2110370281305,26.8735851463462,26.4943284050314,26.6510599729647,26.3499404107767,24.2082381522214,23.5168457829207,24.1607391790456,25.0697230795881,25.4571402375003,26.818812774603,25.937168346525,23.810941221499,22.0623763090019,21.8399865885578,21.8425189786746,22.5198221100879,22.9312626382482,23.0750000578094,18.7323905894023,19.078526100896,18.2025370330959,18.0403889470703,17.7130081990219
Ireland,IRL,Crop production index (2014-2016 = 100),AG.PRD.CROP.XD,93.9,107.35,94.76,93.36,98.67,99.25,100.11,94.98,100.09,113.99,92.73,86.85,84.16,94.61,83.19,85.81,99.14,85.28,96.85,101.25,103.53,95.22,99.13,73.32,90.49
Ireland,IRL,"Foreign direct investment, net inflows (% of GDP)",BX.KLT.DINV.WD.GD.ZS,2.08696657373782,3.45356359013551,2.4485636889586,9.82513843427325,18.4143116868107,25.7260262388974,8.82598474895757,22.8030331273107,13.8344483619933,-5.45737370564051,22.1832694953893,9.50555829114522,22.1915415030247,8.45449268903965,22.827608853053,17.0104319599033,9.90897233886717,25.8043465179726,29.7385395755597,37.5005979229747,81.0838683875125,34.4707735129475,17.2875386297542,17.4199352066576,-11.689488034703
Ireland,IRL,Fuel exports (% of merchandise exports),TX.VAL.FUEL.ZS.UN,0.434674660725616,0.408782620377327,0.416004173228241,0.264724263315951,0.264334274650076,0.344013748161195,0.320556204111496,0.38490927404738,0.242554154325918,0.474636791778296,0.698321635168599,0.647972504993839,0.757906205761243,0.940161474923173,0.679163091124677,1.13011663157369,1.4526452516661,1.76087251684561,0.92254666819731,0.91411475748385,0.687610499497789,0.579429251892252,0.808444693249705,0.726723345000767,0.580882302920306
Isle of Man,IMN,Trade (% of GDP),NE.TRD.GNFS.ZS,..,..,..,..,..,..,..,..,..,..,..,..,..,..,..,..,..,..,..,..,..,..,..,..,..
Isle of Man,IMN,Exports of goods and services (% of GDP),NE.EXP.GNFS.ZS,..,..,..,..,..,..,..,..,..,..,..,..,..,..,..,..,..,..,..,..,..,..,..,..,..
Isle of Man,IMN,GDP growth (annual %),NY.GDP.MKTP.KD.ZG,4.29999820601022,7.70000620736124,8.5999943330298,13.5000059594272,13.6999970168254,5.30000152552805,5.39999903126116,6.19999819490684,5.99999968812641,5.20000310402496,5.89999933576675,7.69999871253432,7.50000022988817,4.90000100081545,2.10000027181374,3.39999842395957,1.99999938207415,7.30387926678051,4.14186831989466,5.15503233863437,-0.385798408302321,6.95230252984427,2.83776234375715,2.21339786951343,0.254884930058935
Isle of Man,IMN,Tax revenue (% of GDP),GC.TAX.TOTL.GD.ZS,..,..,..,..,..,..,..,..,..,..,..,..,..,..,..,..,..,..,..,..,..,..,..,..,..
Isle of Man,IMN,Crop production index (2014-2016 = 100),AG.PRD.CROP.XD,..,..,..,..,..,..,..,..,..,..,..,..,..,..,..,..,..,..,..,..,..,..,..,..,..
Isle of Man,IMN,"Foreign direct investment, net inflows (% of GDP)",BX.KLT.DINV.WD.GD.ZS,..,..,..,..,..,..,..,..,..,..,..,..,..,..,..,..,..,..,..,..,..,..,..,..,..
Isle of Man,IMN,Fuel exports (% of merchandise exports),TX.VAL.FUEL.ZS.UN,..,..,..,..,..,..,..,..,..,..,..,..,..,..,..,..,..,..,..,..,..,..,..,..,..
Israel,ISR,Trade (% of GDP),NE.TRD.GNFS.ZS,60.0223217477073,58.8546166771276,58.3597002936178,57.7280056432205,65.6929807305091,69.3013619482853,63.1227642159304,66.5255478891651,67.7108461512441,75.6537337464185,79.1329572348899,79.0889642460801,79.6146542284727,76.0977230673061,62.5977625524392,66.4403235276323,69.6564034178472,70.7357604681032,64.6442084762282,62.1637187626013,59.2123001145426,58.0439865498867,56.5603839299762,58.893960282762,56.2695344799558
Israel,ISR,Exports of goods and services (% of GDP),NE.EXP.GNFS.ZS,26.2878830733804,25.9869284004441,26.9167656979023,27.6057488134054,31.6152301615365,34.6043461700116,30.4002976473437,31.8518325779877,33.4897588522128,37.8637675568332,39.5114843542632,39.6333076683141,39.3715408031531,37.768993384928,32.5419682179758,34.1585761715727,34.7593258289757,35.3135368991532,33.2367754445811,31.8734891196806,31.1712490255778,29.9549598852839,29.2422558707299,29.8729164592503,29.0493529523896
Israel,ISR,GDP growth (annual %),NY.GDP.MKTP.KD.ZG,..,5.92829113242992,3.79045235024513,4.11555506859686,3.33049252877015,8.67165527699174,0.334070643441066,-0.114220927907823,1.39391296405174,4.7844674262581,4.13407661867554,5.58266795932438,6.0332135706837,3.25116336079073,0.883120393565378,5.66851511790733,5.56113907589013,2.58765384384346,4.41550158737924,3.91912689280952,2.48582628898106,4.52168030880658,4.27659595115593,4.0703218874397,4.15613798897733
Israel,ISR,Tax revenue (% of GDP),GC.TAX.TOTL.GD.ZS,25.8747307814186,25.2990439478706,25.6940635000935,24.8132819438768,24.7622438244635,26.3858321640316,25.9035461875328,24.9040349326534,24.138602349421,24.0425672444743,24.565619514979,25.3143468862322,25.3006327693035,23.2820330547857,21.390010727571,22.0848228297077,22.3029878742821,21.7122485102906,22.5582539269379,22.8548077243739,23.0671009043702,23.0422585923939,24.2417233356381,22.6956049214457,22.1150005188149
Israel,ISR,Crop production index (2014-2016 = 100),AG.PRD.CROP.XD,94.95,95.5,91.71,96.88,91.49,89.58,88.24,95.65,90.65,102.57,100.73,99.17,100.08,92.38,99.06,96.76,98.53,103.08,103.73,102.91,97.89,99.21,97.34,92.34,96.15
Israel,ISR,"Foreign direct investment, net inflows (% of GDP)",BX.KLT.DINV.WD.GD.ZS,1.28731238184557,1.22011221951046,1.37456549863964,1.4471496492815,3.43193780175664,5.91572341505637,1.31562311752592,1.26538630927373,2.53008539817431,2.10533236859378,3.27595124550409,9.07257738982916,4.78022199393779,4.65884477085896,2.17337317080563,2.93026518074171,3.24335239486903,3.4380125857203,3.97745927085759,1.92437845809274,3.73621179542429,3.72179327773063,4.71534280837539,5.71143720615578,4.31398063025056
Israel,ISR,Fuel exports (% of merchandise exports),TX.VAL.FUEL.ZS.UN,0.0236934951689151,0.512173463381318,0.525828240194722,0.503369637188807,0.522021436973429,0.0238160661016825,0.0256556981904406,0.0399913280963511,0.0370735767811615,0.0260227295207333,0.058722498086305,0.0988995683933675,0.151946534194579,0.911525798620534,0.0458749912954342,0.86528471011638,0.971529018503775,1.70032816426379,1.57983966956452,1.14301444001863,0.791842717525683,1.38774761271954,1.43726242593619,2.26461032824839,2.05400326279715
Italy,ITA,Trade (% of GDP),NE.TRD.GNFS.ZS,45.6845541664238,42.878698334893,44.5885059769363,45.0927382309319,44.6207908015108,50.4055898251238,50.0348046309252,48.0579242988141,46.1488447781921,47.4303303888471,49.3010107621318,53.1681791846237,55.061455631698,54.4928757988188,45.4187617874817,52.0061883742819,55.1455224600271,55.6547208446016,54.8675793967737,55.3221151506422,56.4181761616088,55.3676028142217,58.6041759472917,60.3035512426617,59.8789802234549
Italy,ITA,Exports of goods and services (% of GDP),NE.EXP.GNFS.ZS,24.6724895248457,23.7046822237544,24.149790549301,24.0629522904606,23.2007416928655,25.6277321000853,25.6490116681011,24.4074673383008,23.3021929123911,24.0098284192385,24.6010923817882,26.1734884330826,27.3610422532316,26.8627746947944,22.3991617339964,25.0740498513169,26.8724634660876,28.3792428359574,28.6332430796987,29.1088281864091,29.7159823723612,29.3278907466434,30.733733319636,31.3535542007886,31.6024197276206
Italy,ITA,GDP growth (annual %),NY.GDP.MKTP.KD.ZG,2.88683675924553,1.26678480191715,1.83021223388438,1.81061516197623,1.6257275993546,3.78695514323979,1.95137155605238,0.253942998968455,0.138626890776507,1.42359415817907,0.817848973650598,1.79063968081796,1.48707298036786,-0.962012840579291,-5.2809372082931,1.71329583916922,0.707333347034435,-2.98090576823772,-1.84106545088248,-0.00454754236383792,0.778304350716581,1.29346273155907,1.66785904106857,0.925810941012742,0.483198316597154
Italy,ITA,Tax revenue (% of GDP),GC.TAX.TOTL.GD.ZS,24.3630312862259,24.2906235146973,25.7756322038586,24.6443778103309,24.9930753491364,23.8097405190071,23.4057500716183,22.8913877183109,22.7635726624321,22.2158492727837,21.9593096119247,23.3278211677977,23.7633479184746,23.4899640312502,23.7429449463464,23.680622988167,23.6475892912704,24.9468297858102,25.1389039339171,24.8410721949095,24.739527170909,25.0703095459877,24.683679444024,24.2381807022638,24.5767049036025
Italy,ITA,Crop production index (2014-2016 = 100),AG.PRD.CROP.XD,108.85,112.79,109.57,111.93,121.3,116.25,113.24,107.89,104.11,124.07,118.74,112.64,108.89,111.51,112.99,108.31,108.45,100.57,100.67,95.4,103.06,101.54,96.94,95.41,93.88
Italy,ITA,"Foreign direct investment, net inflows (% of GDP)",BX.KLT.DINV.WD.GD.ZS,0.412363937826127,0.270410348992298,0.296910142702469,0.207870544521323,0.554256596129178,1.14879631454321,1.27378322788259,1.35023292663196,1.24065779813371,1.11266342687585,1.97835183741895,2.92351747020356,2.98113330312029,-0.394476495589979,0.75489699092781,0.464889359066002,1.50176764625296,0.00167234025572561,0.911862937337876,0.787819994555961,0.724336604335309,1.36684517505744,0.567766926666821,2.11525548165585,1.55049869758514
Italy,ITA,Fuel exports (% of merchandise exports),TX.VAL.FUEL.ZS.UN,1.24769934757347,1.22530273526608,1.42417578637476,1.10087498289542,1.19363479156694,2.02151286901693,1.91041364323619,1.74600962390738,2.13590429760863,2.34086220980734,3.43872028627477,3.60007386240689,3.92041828636441,4.69330962737191,3.447934596545,4.63889398875227,4.76073239440413,4.69948477906981,4.27731648308039,3.73903759474597,3.2944073725625,2.66359462149532,3.27256233231097,3.47059417643658,3.04947553200783
Jamaica,JAM,Trade (% of GDP),NE.TRD.GNFS.ZS,107.651807499957,97.7242419605186,88.9848318252583,84.4749853660967,84.2317468917696,89.5130060528716,84.8277345994425,81.846755427102,88.1506308424088,89.3181040726816,90.4878933449097,100.745598824993,101.244422062437,113.577403844226,86.8851243338837,80.920400318881,83.8218202275808,82.0400783486515,83.2595719840011,84.74099862313,76.1175216623476,76.455202373685,83.523172517513,89.9779060412351,90.1106076335994
Jamaica,JAM,Exports of goods and services (% of GDP),NE.EXP.GNFS.ZS,51.2758059771229,45.2499107331541,40.589242062011,38.4329891771387,39.0366070862465,38.7900457000845,35.5641570687808,32.7619513128115,36.6134689904685,37.5440247582553,35.2732351244367,40.1315252646825,39.7286909235439,41.9433070929295,34.4795962140846,31.3352666291342,30.368613897616,30.1837114553703,30.5758831810158,31.2546249666808,29.9216654806929,31.8134556140774,34.6570625717339,38.5638482851901,38.0360807474106
Jamaica,JAM,GDP growth (annual %),NY.GDP.MKTP.KD.ZG,2.34995704147829,-0.113731206115531,-1.14045987235463,-2.33455354337816,1.04767387073792,0.87870354796236,1.34492956396697,1.99729094407155,3.66631759279021,1.32372509977827,0.893797935945003,2.89912534958872,1.43195403665118,-0.811736703280815,-4.3453018579464,-1.45714720947502,1.73037626746921,-0.613636039869121,0.5176860128024,0.689822357374339,0.92148712538031,1.37522306445538,0.997123062335191,1.88992368121086,0.892291653822227
Jamaica,JAM,Tax revenue (% of GDP),GC.TAX.TOTL.GD.ZS,21.7440400125625,20.1091995719527,19.9140942077378,20.851857286619,21.892234514133,22.4946625353317,21.4148130153716,21.8590101924323,24.071100071624,24.1674973059177,23.2159728449925,24.0143899425756,24.786546428363,24.684756616975,24.9559702047372,24.2781717265526,23.364368298024,24.3328930313007,24.0092921973108,24.0532304305783,24.8153092563686,26.0266842466499,26.2210037607905,26.7810665699502,27.4539417450804
Jamaica,JAM,Crop production index (2014-2016 = 100),AG.PRD.CROP.XD,126.2,131.73,118.77,113.45,116.23,103.35,109.59,105.25,110.09,105.21,95.86,108.62,109.28,96.74,103.24,93.01,100.86,101.83,100.4,100.3,97.31,102.39,99.28,102.92,100.59
Jamaica,JAM,"Foreign direct investment, net inflows (% of GDP)",BX.KLT.DINV.WD.GD.ZS,1.54769563682143,1.83529866886737,1.85356222176268,3.66556082099311,5.34147521194183,4.65960017463684,6.26989738675835,4.56630894573429,7.2479637433656,5.49763452709418,5.67333342894728,7.06060472344707,6.34318590681939,10.0413036123443,4.00285728105842,1.4052035043033,1.19599317121359,2.79145695894721,3.81898294324015,4.18835615982907,6.51900749449877,6.5921030296763,6.00199958467465,4.92423116374654,4.20330596139907
Jamaica,JAM,Fuel exports (% of merchandise exports),TX.VAL.FUEL.ZS.UN,0.552588680339595,0.440233672443895,0.241875230075815,0.224612318231084,0.295989204507115,0.292569095461062,1.20473914566683,2.64190745289582,2.35339242140386,2.41870813664498,7.44355134298701,13.7321281176911,15.0885821931643,18.2762892220308,17.2367914033147,22.6130787526814,24.2170027316131,23.6002811643404,23.8316795122739,21.8088405769211,16.0277563138799,15.8992712670727,18.8089818871207,14.6465520335904,19.628162448872
Japan,JPN,Trade (% of GDP),NE.TRD.GNFS.ZS,16.3901049340172,18.2538682255522,19.7835176233669,19.0031862223377,18.1256307166911,19.5623715839054,19.5596044720071,20.4471220661583,21.3261252678119,23.6643534228975,26.2299545778565,30.0163760986692,32.816578051879,34.1294765412245,24.3901665338555,28.4984726938389,30.1949607286296,30.4709109171752,33.9787686509511,37.4314345686579,35.4274083544798,31.3102468455884,34.4232135721686,36.609931802107,35.2164181084145
Japan,JPN,Exports of goods and services (% of GDP),NE.EXP.GNFS.ZS,8.81647043260959,9.31574508353,10.3836956397754,10.3738060985943,9.80553900156021,10.4634942027505,10.0767999632844,10.8554456072287,11.4658015766594,12.7862646247862,13.8158957221159,15.6573740466117,17.2891273707229,17.2355433764071,12.41956574798,14.9185034496428,14.7744622613499,14.4147746129824,15.7841567318773,17.4186553484795,17.4367598376529,16.0579692360598,17.5914391047836,18.3149455985223,17.4635264275221
Japan,JPN,GDP growth (annual %),NY.GDP.MKTP.KD.ZG,2.63099961644897,3.13387099280445,0.981228732132223,-1.27033049463975,-0.333929957747415,2.76464755143648,0.386103426145752,0.0419624993125609,1.53512549928013,2.1861156944216,1.80390087227372,1.37235012762038,1.48396941163492,-1.22428900072828,-5.69323635882266,4.09791791930137,0.0238095237748297,1.37475099920874,2.0051001767726,0.296205514142628,1.56062669674904,0.753826745903538,1.67533175166503,0.643391023460339,-0.402169200910933
Japan,JPN,Tax revenue (% of GDP),GC.TAX.TOTL.GD.ZS,..,..,..,..,..,..,..,..,..,..,..,..,..,..,..,..,..,..,..,..,..,..,..,..,..
Japan,JPN,Crop production index (2014-2016 = 100),AG.PRD.CROP.XD,124.5,120.67,121.88,112.38,115.27,114.83,113.78,112.28,105.68,107.22,109.89,104.73,107.75,108.5,104.36,100.24,100.33,101.23,100.91,101.84,99.89,98.27,98.54,96.51,97.73
Japan,JPN,"Foreign direct investment, net inflows (% of GDP)",BX.KLT.DINV.WD.GD.ZS,0.000747680035122299,-0.000775960962533409,0.0553581188953659,0.0612933042415228,0.318821542368848,0.215124715468568,0.112602474486226,0.276304070175934,0.194079344432153,0.153847735604894,0.113001254131506,-0.0520879011005219,0.472322726975048,0.482208589465112,0.231146374633737,0.12920448958805,-0.0136482744839263,0.00872020150189613,0.204293384186424,0.403354543401037,0.118161987748241,0.818481615264516,0.381319638034274,0.501685482403774,0.780785313301259
Japan,JPN,Fuel exports (% of merchandise exports),TX.VAL.FUEL.ZS.UN,0.562941676915821,0.474366187977455,0.453849667485478,0.318688278151706,0.293460615995519,0.31713063235683,0.37414264059477,0.336838530943305,0.330277857113262,0.40443333428467,0.748696218083002,0.911800481133708,1.29910132558477,2.40280339631499,1.81331656588565,1.69502618164654,1.97930812274285,1.68214490249087,2.33284299920258,2.29264163422113,1.82112089122004,1.45314833400369,1.62989701847048,1.81010139690813,1.98546863293334
Jordan,JOR,Trade (% of GDP),NE.TRD.GNFS.ZS,124.582688188008,131.059123299943,120.737112880307,109.052402937716,104.470373639306,110.328904595996,109.285478573786,114.03885781572,115.706835253918,134.621611934395,146.908891279018,141.747381831126,145.994246288526,140.91292596092,112.151998187109,114.222677694125,118.699679501801,117.855587685189,111.451527997628,109.938805535022,95.3579122266791,88.7207178954687,90.0684092383148,87.9639084995962,85.8214387441846
Jordan,JOR,Exports of goods and services (% of GDP),NE.EXP.GNFS.ZS,51.7212123783061,52.8788989331379,49.2475989332918,44.7951049948305,43.3107851790319,41.8273959357861,42.1342929427849,47.4212540476891,47.3722799396849,52.1894968421313,52.704580084252,53.8743278940368,54.234912993661,56.0504965658577,45.0754717111092,46.9971426422454,46.5505776295546,45.225985406904,41.2956035736517,42.1339077050464,36.5444370225267,34.3952100655679,34.7065318671243,35.1277586384661,36.6712029623066
Jordan,JOR,GDP growth (annual %),NY.GDP.MKTP.KD.ZG,6.20087444373819,2.08702078168028,3.30847538304737,3.01217269046565,3.38953079405088,4.24571192079179,5.26995757513571,5.78380792679296,4.16166755544407,8.56721424236899,8.14659481079931,8.09297527811933,8.17616995204646,7.22038637280139,5.02371007272669,2.31483422063046,2.73717988632104,2.42935800100238,2.60994737548631,3.38407809933472,2.49652879315188,1.9941808493012,2.47359815449045,1.91907263610851,1.75123905880616
Jordan,JOR,Tax revenue (% of GDP),GC.TAX.TOTL.GD.ZS,20.7086346957389,21.6896734261748,19.0557296634419,18.1234625120325,18.1087863212364,18.9981162585227,18.6804846237252,17.4816014130115,18.2179368351156,20.9955023421375,24.4151653670341,24.5548644547277,24.6898518707805,17.152210648873,16.5303515829394,15.4990908124012,14.6082372225069,14.9212805170996,14.9305149962785,15.4316440340028,14.9510256180555,15.0206304355319,14.7021242425125,14.7288480451847,14.8140646263886
Jordan,JOR,Crop production index (2014-2016 = 100),AG.PRD.CROP.XD,48.67,42.97,42.87,51.19,39.15,53.42,45.63,67.58,58.44,68.42,72.51,71.83,66.59,65.37,73.4,84.57,87.52,83.21,86.82,88.57,103.93,107.5,88.05,90.87,85.86
Jordan,JOR,"Foreign direct investment, net inflows (% of GDP)",BX.KLT.DINV.WD.GD.ZS,0.197813411584189,0.223959605831094,4.9812158137543,3.91814324931371,1.93828634719554,10.7940053678297,3.04850514227072,2.48601734100151,5.36472671434698,8.20922270699181,15.7636461414359,23.5372913427131,15.3248262609959,12.4753075049094,9.83417874476551,6.22247566973912,5.03335872688493,4.89480688682321,5.64977168714591,5.91204890205889,4.1472022917494,3.89285142868971,4.87814133167977,2.20177686575576,1.63971263094598
Jordan,JOR,Fuel exports (% of merchandise exports),TX.VAL.FUEL.ZS.UN,0.00162134177741617,..,0.00418402413654111,0.0708536535849433,0.00361283657224328,0.0134095616213473,0.0109858651165525,0.00638352187104476,0.275406105524519,0.681552349591884,0.972445920300149,1.02627219723761,0.827504244451735,0.150133122256453,0.561906843612745,1.07702929489453,0.184803898952021,0.282058142253294,0.173899859349714,0.167919629735253,0.120929763386295,0.104709249071117,0.123590689364973,1.71392273426769,2.03314518398133
Kazakhstan,KAZ,Trade (% of GDP),NE.TRD.GNFS.ZS,82.522407044045,71.2735732877076,72.3595506961877,65.2041827454395,82.579151355772,105.699692634521,92.8490685069707,94.03168564978,91.4633324250457,96.4091997009336,97.7625030243024,91.4535267973373,92.1616330969975,94.2948046483658,75.7660674636533,74.1382658957842,73.1178570509129,73.7237324891671,65.4076093299538,64.9720346513507,53.0497288072652,60.3115965864153,56.825387935971,63.5279565118188,64.8586165517565
Kazakhstan,KAZ,Exports of goods and services (% of GDP),NE.EXP.GNFS.ZS,38.9738609136355,35.2688049307021,34.9168566674192,30.344203290498,42.4620955088389,56.6024267995373,45.8950186109102,46.9906407561754,48.4170220946326,52.5004104250221,53.194358254068,50.9752978421833,49.3128208903582,57.1463849391331,41.8384224460915,44.2441794984735,46.4646627947552,44.1096630384291,38.6170377152797,39.3417580907293,28.5167080072354,31.8438886422836,32.3977529369879,37.6252184252873,36.4389870990994
Kazakhstan,KAZ,GDP growth (annual %),NY.GDP.MKTP.KD.ZG,-8.2000000011824,0.500000002073506,1.69999999949513,-1.89999999942479,2.69999999784199,9.80000000214156,13.4999999984358,9.79999999960842,9.30000000033759,9.60000000136854,9.69999999922682,10.7,8.89999999999405,3.30000000021091,1.19999999942873,7.30000000329814,7.40000000144188,4.79999999528297,5.99999999671084,4.20000000566705,1.20000000053288,1.09999999910173,4.10000000257358,4.09999999309841,4.50000000091883
Kazakhstan,KAZ,Tax revenue (% of GDP),GC.TAX.TOTL.GD.ZS,..,..,6.78722058676219,7.29479389602331,7.74536993437448,10.2213950712596,9.64230065323767,12.1343597833771,13.0832376530724,13.9086779667034,..,..,..,..,..,15.7123804636498,18.2578342100647,13.3120981501594,16.0301777646187,14.1934327397187,9.8357115521941,9.92425019653,10.3030113756124,11.7177995865876,11.78694274063
Kazakhstan,KAZ,Crop production index (2014-2016 = 100),AG.PRD.CROP.XD,39.38,42.7,45.84,30.35,55.03,50.7,66.33,67.39,66.08,61.69,67.41,72.79,83.03,69.63,87.3,64.66,110.99,75.64,93.93,93.3,98.39,108.31,114.31,117.15,108.72
Kazakhstan,KAZ,"Foreign direct investment, net inflows (% of GDP)",BX.KLT.DINV.WD.GD.ZS,4.73243190920833,5.40518494342609,5.96140056843242,5.20165904469805,9.40677610871111,7.49246609878753,12.7154903277303,10.5066901062522,8.05370034022495,13.0128589220718,4.45711144385218,9.39605595950726,11.4190297456091,12.6039290016987,12.3805834457832,5.03630628288047,7.14351039762784,6.56164821145973,4.23069709209016,3.3006311188168,3.56737402233377,12.5466202801439,2.85205738000704,0.196995426846668,2.05367649290766
Kazakhstan,KAZ,Fuel exports (% of merchandise exports),TX.VAL.FUEL.ZS.UN,24.9891959336264,32.9430392621694,34.1560510401668,36.7043819848245,43.6437785324875,50.123791354162,56.0681629309164,58.2968412422144,61.2210355625118,64.2555866804038,70.1188445046683,68.714090971935,66.0104725340561,68.7221352878897,69.514157362947,71.6806270855298,72.0210784152868,69.8792646239037,76.2956655965256,76.3925592249518,67.7181648737463,60.7328771938903,63.3269144379605,70.0337201158019,66.2407564398188
Kenya,KEN,Trade (% of GDP),NE.TRD.GNFS.ZS,71.7457416403035,57.3121107038102,54.0571168602893,48.8972419400753,48.1922749889095,53.3090443862273,55.9468360286644,55.1726722640053,54.132265895729,59.4770033484289,64.4788661639796,55.2364851257303,53.8947888046059,57.5785986473131,45.9451918127805,50.3942873502834,58.4022059745625,51.6236920232481,47.4646425127304,46.170489362216,40.3273846919019,34.8650195731824,35.9950578754074,34.4147531767425,31.7594667253776
Kenya,KEN,Exports of goods and services (% of GDP),NE.EXP.GNFS.ZS,32.5917012190029,25.2006019494243,22.686387351635,20.1692608275285,20.8327351985075,21.5875711417625,22.9315763643367,24.8979726147002,24.086815305421,26.6102585752973,28.5090302142012,22.9849396441861,21.9189912933699,22.6740575532267,18.7749454916013,20.1243596478793,21.5494770708279,19.8649477228834,17.7921805531655,16.4728044658123,15.1287339034504,13.2497448006759,12.7366599413725,12.541975333359,11.4279966637126
Kenya,KEN,GDP growth (annual %),NY.GDP.MKTP.KD.ZG,4.40621652482287,4.14683926876013,0.474901921293579,3.29021372249065,2.30538859522412,0.599695390807426,3.77990649795343,0.546859530175595,2.93247554570904,5.10429977629738,5.90666607980057,6.47249430015484,6.85072976998784,0.232282744812977,3.30693981631089,8.05847360290906,5.1211061197056,4.56867961444982,3.7978483925754,5.02011100232484,4.96772112759767,4.21351706814744,3.83795817364721,5.64794640709219,5.11415885767801
Kenya,KEN,Tax revenue (% of GDP),GC.TAX.TOTL.GD.ZS,..,..,..,..,..,..,..,..,..,..,..,..,..,..,..,..,..,..,..,15.1870212650473,14.8394826504099,14.9664727307544,15.0524641340645,14.3612789172776,15.1001093470909
Kenya,KEN,Crop production index (2014-2016 = 100),AG.PRD.CROP.XD,58.7,55.97,53.37,62.79,62.19,57.93,66.82,66.42,67.59,69.09,78.4,79.15,83.85,81.7,80.76,93.83,86.47,92.56,100.35,101.59,98.27,100.14,97.25,108.82,108.6
Kenya,KEN,"Foreign direct investment, net inflows (% of GDP)",BX.KLT.DINV.WD.GD.ZS,0.467474589272783,0.90215960456634,0.473451703489222,0.188365603434476,0.402864561234926,0.872896453431281,0.0408333582871575,0.210062364887451,0.548412532071826,0.286194263505208,0.113202068934601,0.196219632064753,2.28124317373484,0.266291327300955,0.274534230856511,0.392164287395035,3.09471103381268,2.44725940988928,1.81417037253293,1.20220842439577,0.883799936312692,0.627591266355583,1.64083690398643,0.832686217791619,0.468168547481475
Kenya,KEN,Fuel exports (% of merchandise exports),TX.VAL.FUEL.ZS.UN,6.14049176641365,6.99579226673001,9.30589154536411,8.56909851126398,8.35068204587101,8.07794915983307,0.137453897922522,16.6165342326688,19.1551044918056,0.901139664414074,18.3199226649607,7.27291530118403,4.26371122113361,2.09821677072516,4.20130504014462,4.19535073962597,..,..,0.93827196300241,..,10.4002054705089,7.46355756592411,1.00602573407941,0.834754874486309,7.73708033046599
Kiribati,KIR,Trade (% of GDP),NE.TRD.GNFS.ZS,125,105.882352941176,110.989010989011,97.1153846153846,113.084112149533,105.172413793103,114.754098360656,130.187952271441,110.689039269452,102.730844469093,125.306968020845,95.6336411825783,99.649335250637,97.531385480907,101.891290827192,90.9585973003016,101.053064277171,105.381097361214,106.19504210398,117.068483542502,123.08403595642,128.679547947499,119.105691056911,96.5779467680608,119.84126984127
Kiribati,KIR,Exports of goods and services (% of GDP),NE.EXP.GNFS.ZS,21.0526315789474,14.1176470588235,19.7802197802198,17.3076923076923,18.6915887850467,12.0689655172414,16.3934426229508,19.5658194165172,17.2502398861484,12.212757734088,14.3013387415094,10.2464615552762,15.7672998814299,14.2728856801327,14.7241749750278,12.4034450864048,14.2730316775665,14.1964172610961,12.0319505832096,13.6833292452276,15.881811091151,19.1561786588509,15.4471544715447,9.88593155893536,18.6507936507937
Kiribati,KIR,GDP growth (annual %),NY.GDP.MKTP.KD.ZG,0,1.69491525423729,1.66666666666666,6.55737704918033,-1.53846153846153,6.25,-1.47058823529412,3.78746268656715,2.00632463588045,-1.62936020385506,4.95163162646716,-0.0492953226795265,2.03494726487787,-2.09143675813912,0.802819886903677,-1.12026026125162,1.76257601036156,5.13614432896563,4.16157447719831,-1.09628859925108,9.86517472141171,-0.478196754652373,0.186027236937676,5.11363636363636,-2.16216216216216
Kiribati,KIR,Tax revenue (% of GDP),GC.TAX.TOTL.GD.ZS,..,..,..,..,..,..,..,..,..,..,..,..,..,..,..,..,17.7304259757758,18.3754775729368,18.0946024094243,17.9255983415805,22.1947131744917,24.8957896884789,21.8211055731707,21.287440756654,27.6202137539683
Kiribati,KIR,Crop production index (2014-2016 = 100),AG.PRD.CROP.XD,47.39,55.88,56.02,58.93,59.17,54.72,54.98,55.45,55.79,70.37,70.77,83.68,86.74,87.01,87.08,87.51,87.6,88.86,90.2,89.61,90.19,120.2,120.15,107.87,92.74
Kiribati,KIR,"Foreign direct investment, net inflows (% of GDP)",BX.KLT.DINV.WD.GD.ZS,0.688159425157778,0.809413547332763,0.758241758244899,0.673076077404775,0.654205607543369,1.07327399537852,-0.43340208772428,0.345976928455929,0.743379381719716,1.9084257304858,2.32397286972777,0.515645321879148,0.869075546480524,-0.898775105375672,3.77247377255277,-4.25127669170914,-0.193021731964178,-1.2582104033803,0.45416916603189,1.4798285674618,-0.481421809374458,1.01225960366261,0.416248169390998,-0.582369380090914,-0.318686670832408
Kiribati,KIR,Fuel exports (% of merchandise exports),TX.VAL.FUEL.ZS.UN,..,..,..,..,..,..,..,..,..,..,0.0170988965474781,..,0.000246463252329078,0.0629045096507676,..,..,0.000116311163533845,0.000171954230598533,32.4586507967065,8.28238106938328,9.66602186156077,8.28238200390099,7.23596248463997,15.1631521771927,..
"Korea, Dem. People's Rep.",PRK,Trade (% of GDP),NE.TRD.GNFS.ZS,..,..,..,..,..,..,..,..,..,..,..,..,..,..,..,..,..,..,..,..,..,..,..,..,..
"Korea, Dem. People's Rep.",PRK,Exports of goods and services (% of GDP),NE.EXP.GNFS.ZS,..,..,..,..,..,..,..,..,..,..,..,..,..,..,..,..,..,..,..,..,..,..,..,..,..
"Korea, Dem. People's Rep.",PRK,GDP growth (annual %),NY.GDP.MKTP.KD.ZG,..,..,..,..,..,..,..,..,..,..,..,..,..,..,..,..,..,..,..,..,..,..,..,..,..
"Korea, Dem. People's Rep.",PRK,Tax revenue (% of GDP),GC.TAX.TOTL.GD.ZS,..,..,..,..,..,..,..,..,..,..,..,..,..,..,..,..,..,..,..,..,..,..,..,..,..
"Korea, Dem. People's Rep.",PRK,Crop production index (2014-2016 = 100),AG.PRD.CROP.XD,80.28,74.07,78.42,92.35,92.56,88.44,97.44,98.13,99.76,101.47,103.68,102.55,94.02,101.56,99.82,99.84,100.45,103.43,105.57,104.06,98.36,97.58,93.93,91.1,102.54
"Korea, Dem. People's Rep.",PRK,"Foreign direct investment, net inflows (% of GDP)",BX.KLT.DINV.WD.GD.ZS,..,..,..,..,..,..,..,..,..,..,..,..,..,..,..,..,..,..,..,..,..,..,..,..,..
"Korea, Dem. People's Rep.",PRK,Fuel exports (% of merchandise exports),TX.VAL.FUEL.ZS.UN,..,..,..,..,..,..,..,..,..,..,..,..,..,..,..,..,..,..,..,..,..,..,..,..,..
"Korea, Rep.",KOR,Trade (% of GDP),NE.TRD.GNFS.ZS,52.4640219612036,52.6539729274205,57.5230377463691,68.4974720563618,59.7627537606539,66.0951601081834,62.2237972179905,58.3530394029217,61.1746012790121,70.0157148656729,68.3248110236401,70.6518735304194,73.8745252877915,95.5163524347469,86.133619369747,91.3995964951756,105.566313581348,105.458327737701,97.9521049538882,90.6144418981567,79.132494389092,73.6038094655981,77.1209178066416,78.9888655134363,75.757138965219
"Korea, Rep.",KOR,Exports of goods and services (% of GDP),NE.EXP.GNFS.ZS,25.7242519716753,24.8019714336879,28.3455147196928,39.5366811034608,32.590822939439,33.9391689573172,31.7877410482541,29.7727544096379,31.3978372633201,36.7543364487134,35.2830827957409,35.6264186161218,37.3921796905127,47.6418852095772,45.1853519113199,47.1037369107414,53.3377319003336,54.0940513351953,51.2920711097027,47.8314208662979,42.989561527711,40.1326509111205,40.9342069409884,41.7132908430894,39.2758610673609
"Korea, Rep.",KOR,GDP growth (annual %),NY.GDP.MKTP.KD.ZG,9.61456539319965,7.89070332600667,6.17055242658977,-5.12944816520964,11.4669424267425,9.06083332508534,4.85239957151281,7.72514267547173,3.14729119373409,5.19739136324382,4.30854271411236,5.26432659466724,5.79954841503216,3.01298487281167,0.792698989518186,6.80482491783671,3.68566778212526,2.40253099246186,3.16470863647184,3.2024537945736,2.80910326824133,2.94688171508626,3.15963574012777,2.90740377377135,2.24397786011012
"Korea, Rep.",KOR,Tax revenue (% of GDP),GC.TAX.TOTL.GD.ZS,12.9920949919083,13.2343650587174,12.9018021711367,12.6202187465621,12.7918903108108,14.2617780767866,13.5487884169826,13.2486667899345,13.6934575722654,12.9668278295344,13.3130704357982,13.7275352115127,14.8173827033418,14.495199990643,13.6509644478519,13.4369302936494,13.8509676319419,14.0775914974355,13.6306234375615,13.2411616632556,13.1581443398916,13.981952981677,14.4938185341627,15.5363837327673,15.1995665314457
"Korea, Rep.",KOR,Crop production index (2014-2016 = 100),AG.PRD.CROP.XD,107.49,109.48,109.98,105.64,111.84,116.57,118.03,108.68,102.79,111.45,109.58,107.3,106.04,109.74,108.86,101.3,99.66,97.44,99.72,105.44,97.64,96.92,96.22,97.18,97.11
"Korea, Rep.",KOR,"Foreign direct investment, net inflows (% of GDP)",BX.KLT.DINV.WD.GD.ZS,0.438966358961603,0.456039044153734,0.579389363304697,1.56240611234267,2.15597935410083,1.99753761472691,1.19094772386348,0.872877921848895,0.997559671350009,1.67609803413151,1.45932018032106,0.869896781374133,0.752754047671926,1.06818326165412,0.95576859415752,0.830430228021659,0.779787886802945,0.743001113839527,0.93143827823753,0.624700011881538,0.279944815832785,0.80712561488255,1.10364025144874,0.706084799750036,0.58339386057331
"Korea, Rep.",KOR,Fuel exports (% of merchandise exports),TX.VAL.FUEL.ZS.UN,1.9766194905828,2.98076101150615,3.92875987409866,3.47342864967623,4.04415508340684,5.44240824095879,5.32448416449694,4.03256692073535,3.56106107839375,4.14877491088135,5.52335288427246,6.42800081719723,6.63053786115898,9.11241113109065,6.54303370361556,6.98564233302644,9.56161116916152,10.4940639270131,9.66955779780818,9.19087254809735,6.28827621295043,5.5492872250197,6.34576276711752,7.93460902634461,7.7796164250441
Kosovo,XKX,Trade (% of GDP),NE.TRD.GNFS.ZS,..,..,..,..,..,..,..,..,..,..,..,..,..,76.7307430830911,77.7553766977497,82.1774799739022,86.1517494661872,81.3639162574412,75.1034836607029,77.0760521643276,74.0204422546574,75.0188123077463,80.4101373469745,86.3150846710967,85.7534085053482
Kosovo,XKX,Exports of goods and services (% of GDP),NE.EXP.GNFS.ZS,..,..,..,..,..,..,..,..,..,..,..,..,..,17.190699115417,19.2277619271441,21.6691681199904,24.9520402537016,24.5219681010507,23.0038577636014,23.5268854358467,22.4513928552736,23.8274047992876,27.328844878341,29.0534647196644,29.3126074591152
Kosovo,XKX,GDP growth (annual %),NY.GDP.MKTP.KD.ZG,..,..,..,..,..,..,..,..,..,..,..,..,..,..,5.03485413839893,4.93995054897727,6.31981068675161,1.71219624298409,5.3407995117233,3.34880329317689,5.91623248035947,5.5717745349217,4.82565635604956,3.40663099060228,4.75680062210702
Kosovo,XKX,Tax revenue (% of GDP),GC.TAX.TOTL.GD.ZS,..,..,..,..,..,..,..,..,..,..,..,..,..,..,..,..,..,..,..,..,..,..,..,..,..
Kosovo,XKX,Crop production index (2014-2016 = 100),AG.PRD.CROP.XD,..,..,..,..,..,..,..,..,..,..,..,..,..,..,..,..,..,..,..,..,..,..,..,..,..
Kosovo,XKX,"Foreign direct investment, net inflows (% of GDP)",BX.KLT.DINV.WD.GD.ZS,..,..,..,..,..,..,..,..,..,..,..,..,..,10.4011336544547,8.03740783578856,9.17015887398441,8.44148689449377,4.7552615607391,5.51557702357754,2.82551916539146,5.4536035105824,3.64804605378299,3.99449395658815,4.04306011456759,3.60874710724505
Kosovo,XKX,Fuel exports (% of merchandise exports),TX.VAL.FUEL.ZS.UN,..,..,..,..,..,..,..,..,..,..,..,..,..,..,..,..,..,..,..,..,..,..,..,..,..
Kuwait,KWT,Trade (% of GDP),NE.TRD.GNFS.ZS,94.3196243483405,91.4721447434007,92.4435465476229,94.9598431670145,85.3681145511849,86.618324503254,86.8504672897196,81.2251941328732,86.5551755074577,89.2976416790834,92.2426800942645,89.7130931980522,91.7325033915889,92.6834562516721,88.8110649851457,97.0277394858401,99.0903703424986,101.011241259136,97.606702286398,100.036945094404,98.6995732929543,96.1589075409082,97.840046457409,103.115458424135,98.1829442370446
Kuwait,KWT,Exports of goods and services (% of GDP),NE.EXP.GNFS.ZS,52.354601363093,52.284947662025,52.8528137117534,43.8626446594574,45.9338909669891,56.4721744466436,51.3084112149533,44.6160483175151,52.0915105977347,56.9171133832286,63.9760608989031,65.5457337246984,63.4150383970829,66.7595495181702,59.4336343544442,66.6733173716414,73.1983782817688,74.731693700831,70.8615345368996,68.5061434722771,53.7662480818489,47.6317246344806,51.1963155925274,57.4954949230184,53.2934327816685
Kuwait,KWT,GDP growth (annual %),NY.GDP.MKTP.KD.ZG,4.85829125202741,0.605127158807079,2.47332525804084,3.66205472795443,-1.78900912450079,4.69458187079211,0.213332576499354,3.01428315192251,17.3260204175143,10.2402980586354,10.6090449840228,7.51477300024021,5.99157551059315,2.47975694278544,-7.07605643073411,-2.37026412020438,9.6284069747757,6.62581830014173,1.14930043706521,0.500876982158658,0.593019617221231,2.92586822591576,-4.71210620851997,2.43398126850201,-0.551959331708446
Kuwait,KWT,Tax revenue (% of GDP),GC.TAX.TOTL.GD.ZS,1.14618124453099,0.965097411205735,1.17305875069243,1.49244292670587,..,..,..,..,..,..,..,..,..,..,..,..,..,..,..,..,..,..,..,..,..
Kuwait,KWT,Crop production index (2014-2016 = 100),AG.PRD.CROP.XD,22.96,25.63,28.68,30.84,32.79,37.26,35.85,39.1,47.84,49.76,55.39,63.7,68.41,68.56,71.54,75.44,107.96,101.55,121.84,109.54,96.91,93.55,101.96,100.31,120.73
Kuwait,KWT,"Foreign direct investment, net inflows (% of GDP)",BX.KLT.DINV.WD.GD.ZS,0.0246490820787917,1.10297007855259,0.0651699660417899,0.227661054359541,0.23992087080218,0.0432141499494194,-0.319626515627054,0.00949093260661865,-0.140181900729054,0.0399618649631494,0.289490192089246,0.119445435810722,0.0972971788343997,-0.00403837933985183,1.05086514387032,1.13036401695294,2.11518104183946,1.65045792938099,0.823131278116177,0.298681736759483,0.248414880261219,0.266919211249287,0.0936402094114043,-0.0154682898522778,0.378596561610448
Kuwait,KWT,Fuel exports (% of merchandise exports),TX.VAL.FUEL.ZS.UN,94.6750412960582,95.2216095839115,95.050838611466,89.1260952465855,90.6372558943007,94.3054880797806,93.2304331284878,92.4986204166316,93.4376463361072,94.598596572397,..,96.4752875038565,96.3029607314663,96.4909871739516,93.2082155716075,92.7518711482029,94.8418724155951,..,94.2171787337716,95.2169457886681,92.4993007083526,92.7391106201563,93.5741930367838,90.8951500827978,94.3677875430526
Kyrgyz Republic,KGZ,Trade (% of GDP),NE.TRD.GNFS.ZS,71.8242686635574,87.2957738051993,84.4771343003418,94.5092945286033,99.1994912194321,89.4309316270309,73.7469123687968,82.9207290212667,83.9327828079655,93.8157321567302,95.0840046303638,120.749981766273,137.058387838563,146.106082230139,133.379153167955,133.232850492333,136.179840420492,139.675937840309,134.026785643922,125.126181075833,110.961570714633,105.823574017406,100.617445813258,98.8755599017608,..
Kyrgyz Republic,KGZ,Exports of goods and services (% of GDP),NE.EXP.GNFS.ZS,29.46714483032,30.7380990029616,38.2868893328163,36.4832920828287,42.2029377974725,41.8478618433635,36.7245731455602,39.5813541240971,38.6811237203624,42.5559110849204,38.3055564365228,41.7206136022728,52.9129788573035,53.5489560986404,54.6983469575282,51.5543226756177,54.5384771657381,44.4042009680122,42.250153956658,37.4486515894922,35.1896004872594,35.8254088751692,34.2528413648354,31.6017300051143,..
Kyrgyz Republic,KGZ,GDP growth (annual %),NY.GDP.MKTP.KD.ZG,-5.42382191040146,7.08450240802901,9.91525389387289,2.12183526382013,3.65578939041518,5.44333663314049,5.32162142208621,-0.0173246019508753,7.03029320087867,7.02681241544165,-0.175515412534736,3.1028987453346,8.5428747644517,8.40161605989967,2.88629457537593,-0.471566601130064,5.95627430862645,-0.0881502010105493,10.9154694543144,4.02403862576848,3.87582544821412,4.33585591715959,4.73993722539467,3.75791012480495,4.60062566646752
Kyrgyz Republic,KGZ,Tax revenue (% of GDP),GC.TAX.TOTL.GD.ZS,..,..,..,..,..,..,..,..,..,..,..,..,..,..,..,..,..,..,..,17.5486530868942,16.801668055009,16.9491731803417,17.0462850607483,17.998857013595,15.9638338680814
Kyrgyz Republic,KGZ,Crop production index (2014-2016 = 100),AG.PRD.CROP.XD,41.82,52.24,63.88,68.89,77.81,81.98,89.04,78.79,84.45,91.44,84.11,86.79,88.25,88.77,94.7,89.06,92.13,88.89,94.91,90.47,103.85,105.69,107.19,109.07,109.81
Kyrgyz Republic,KGZ,"Foreign direct investment, net inflows (% of GDP)",BX.KLT.DINV.WD.GD.ZS,5.78500473827973,2.58474284700824,4.74131484698084,6.63614159249767,3.5556936517315,-0.172311073962181,0.328285301673471,0.290348679041994,2.37334214616148,7.93380357994973,1.73012109521201,6.422443742837,5.46786640053175,7.33453630196803,4.03784480909439,9.86092233978431,11.0646449339785,3.95036874399421,8.34375023535304,4.59301012553734,17.1312307587207,9.08868385870298,-1.39184288798722,1.74369178553725,4.3096066288398
Kyrgyz Republic,KGZ,Fuel exports (% of merchandise exports),TX.VAL.FUEL.ZS.UN,11.0567543135484,15.3126538643143,..,5.63715555970328,11.8191038717159,16.3595281000071,11.4432666212377,12.6345861548401,3.34268565099241,3.13861104105455,7.53021666575875,12.9258426825477,11.7161195680667,3.80008942757725,3.40065461229958,7.42229646661121,10.0198366401676,12.2201146937536,10.7827888923468,7.60556472633859,5.2179957360277,3.43976515656774,4.95863467834871,7.58951017001161,6.0392466709208
Lao PDR,LAO,Trade (% of GDP),NE.TRD.GNFS.ZS,60.5544661404946,63.7571736099789,65.1569707659458,84.2695405093512,80.0584561654881,68.8373013678325,65.8994368798482,67.2549028523532,60.572095882788,66.0797516222837,71.7926462737852,81.9613754162421,79.2126289035269,81.8491820941317,76.930826218652,84.7203378916677,91.6986958680216,98.1851264313662,98.1791466159604,99.0597382933399,85.798321703681,75.0918909204124,..,..,..
Lao PDR,LAO,Exports of goods and services (% of GDP),NE.EXP.GNFS.ZS,23.2203889147564,22.6987496249058,23.8922247910231,36.4558727549249,35.8758415241476,30.6620036016085,27.8731588735049,28.7525146642775,23.5004331627788,24.9121225651615,28.9637357220067,38.1550775230179,33.6143130828635,33.1540804750868,30.0830696746432,35.384026037956,40.3431560976816,37.8767283501759,38.1731033983004,40.7545466511497,33.9522573081909,33.209427456122,..,..,..
Lao PDR,LAO,GDP growth (annual %),NY.GDP.MKTP.KD.ZG,7.03125432419004,6.9283237283322,6.87209127120695,3.96760809197698,7.30637607138169,5.79878232861959,5.75141287983195,5.91874368370564,6.06700230344272,6.35769548008234,7.10756836811267,8.61926620832807,7.59682880054878,7.82490276337012,7.50177491225853,8.52690551739717,8.03865268023725,8.02609843461283,8.02630022699017,7.61196343979319,7.27006584373785,7.02283625501138,6.8925308726989,6.24796000755872,5.4577350924848
Lao PDR,LAO,Tax revenue (% of GDP),GC.TAX.TOTL.GD.ZS,..,..,..,..,..,..,..,..,..,..,..,..,..,..,..,..,..,..,..,..,..,..,..,..,..
Lao PDR,LAO,Crop production index (2014-2016 = 100),AG.PRD.CROP.XD,19.09,19.25,21.94,23,27.23,32.29,32.7,36.4,34.84,36.68,38.64,39.68,43.11,46.5,52.83,57.92,64.61,69.68,74.44,90.44,103.8,105.76,97.29,99.12,97.93
Lao PDR,LAO,"Foreign direct investment, net inflows (% of GDP)",BX.KLT.DINV.WD.GD.ZS,5.39257398643831,8.52870931249719,5.20889423950572,3.58543935160818,5.42480319770453,1.95760389973722,1.35157901983043,0.253176893420544,0.962969691363711,0.714895049062071,1.01332132437858,5.42138744149516,7.6606284407223,4.18200236476168,5.45905875001808,3.90934874660148,3.4370264652591,6.06067448864314,5.68624628337024,6.53384958569697,7.47075722325615,5.87774670849733,9.91778299899851,7.48564437536693,4.03149181360237
Lao PDR,LAO,Fuel exports (% of merchandise exports),TX.VAL.FUEL.ZS.UN,..,..,..,..,..,..,..,..,..,..,..,..,..,..,..,0.870340616162543,0.770085009604707,0.673677614506647,0.616634276575787,0.0421233410444505,0.176088512136599,0.240806629071139,26.3264153582686,24.2519769448921,27.0504530988954
Latvia,LVA,Trade (% of GDP),NE.TRD.GNFS.ZS,73.8670625276985,89.8387832228619,88.4406254725737,90.5535728981962,79.8650709941218,81.5362474139149,86.3683911333031,83.2063442403465,84.6111799534319,93.1356761811573,100.235751280167,100.132982720502,95.5732855011814,91.1764553594846,86.4124530894934,108.604780633327,125.490446188595,128.22844171041,125.157855220952,125.279273059175,122.299364735473,118.910633122655,123.852311441934,123.622898695446,120.743136668005
Latvia,LVA,Exports of goods and services (% of GDP),NE.EXP.GNFS.ZS,34.5625159970705,40.4153171422439,39.7008219446166,39.2364483083402,35.0283740541451,36.7848682898279,38.0007434111274,36.5395744771967,36.046475305097,38.9123347496374,42.9698410514204,39.7452403866307,38.2615915654077,39.25750458386,42.2140348572485,53.2583793215163,59.7798909523655,61.4437531058355,60.3951732405058,61.1547282077451,60.2753827650078,59.6070823895513,61.589439363058,61.4589417496788,60.0210271401091
Latvia,LVA,GDP growth (annual %),NY.GDP.MKTP.KD.ZG,..,2.58801533086384,8.83691278400258,6.33593778412593,2.7561742164455,5.67574131186166,6.32350815882813,7.08812865691006,8.42286220668569,8.28414597787324,10.7203659565649,11.9718356939022,9.941921627624,-3.24912072305602,-14.2601400377132,-4.455567259981,2.57371236333377,7.04224716054507,2.00796687876637,1.90217268380506,3.88526005426763,2.36861474664423,3.31247593587459,3.99051924069269,0.587502383494098
Latvia,LVA,Tax revenue (% of GDP),GC.TAX.TOTL.GD.ZS,19.3430706966001,18.6563390349611,22.2506590041957,23.6639402203995,22.668383189092,20.7150632819847,20.6606622727667,19.9626882288858,20.2045923195326,20.3305978777109,21.4393809655405,22.1230199176148,21.6093887447784,20.6825000315135,18.6710358584194,19.6578123304584,20.5991087446138,21.0757701735068,21.7488071672952,22.0482718532468,22.3884361229184,23.5038978134329,23.4795127950225,22.8267371817463,21.3392266442121
Latvia,LVA,Crop production index (2014-2016 = 100),AG.PRD.CROP.XD,53.19,59.64,62.83,49.57,48.96,50.44,49.5,57.53,55.04,56.03,66.58,58.4,70.68,72.69,68.94,62.36,62.58,84.98,79.17,82.21,112.13,105.65,107.8,70.99,106.44
Latvia,LVA,"Foreign direct investment, net inflows (% of GDP)",BX.KLT.DINV.WD.GD.ZS,4.21547032926806,5.54540920784118,7.26653408164294,5.18260847879055,4.62051751162829,4.07326110975041,2.07477210805633,1.67510905867537,2.68988145299238,4.09810365195433,4.76289166404821,7.90756297931773,8.73762476647532,4.00028668556069,-0.568030990235418,1.98271981067991,5.53067572457445,3.83664423775721,3.27525565812789,3.32975610261153,2.98148083437119,1.19436613264231,3.90367286315916,1.23236160129672,3.25660840923509
Latvia,LVA,Fuel exports (% of merchandise exports),TX.VAL.FUEL.ZS.UN,1.74777814455668,2.01828921418558,1.04821910340229,1.7125269392325,2.94565294258538,2.4689005832647,1.37853759635479,1.47360238005683,1.37720878864708,4.61661637596288,8.89393859080471,5.17629395531379,3.6584237794238,3.43291102396638,5.05888376986903,5.30562593988955,8.25566913336159,7.83977671803602,7.69649141673201,8.65082249449374,7.45689791389263,5.68606044133505,5.23920121056927,5.24095881266315,4.53884679953603
Lebanon,LBN,Trade (% of GDP),NE.TRD.GNFS.ZS,73.1353869918234,68.0966127579704,62.0865979381443,54.7171975983785,50.8141707661214,50.1152959262106,55.5568083587026,51.0425325574951,54.0908340214699,90.9727970270956,92.762656272585,91.0693970298409,97.9677079660494,106.625673176194,90.3978388619092,95.0966529416243,102.139882412503,88.5455019230591,86.1743285920565,79.8171565925627,71.8390426347811,67.7236177908116,68.4554292593276,68.2573073043718,62.98091601016
Lebanon,LBN,Exports of goods and services (% of GDP),NE.EXP.GNFS.ZS,10.8064548760331,12.8463200007143,14.5319587628866,13.7634326360473,14.0639896274263,14.1775557263643,15.604915999549,16.0986422831809,16.7365813377374,35.0549045511842,36.6235387082596,35.5896575058264,37.1415170042625,38.5456544402878,33.1957016986538,35.023122866407,36.3630972315613,28.8092128781151,26.6467547466619,23.7561644984684,23.1396677268024,21.7261558874138,21.9269331860238,20.7545211587566,20.6977589567577
Lebanon,LBN,GDP growth (annual %),NY.GDP.MKTP.KD.ZG,6.44886256985258,11.2859357161668,1.05496666740667,3.66572378505683,-0.525584634783087,1.34187161970405,3.83966927702973,3.42314982843781,3.22709826879041,6.67944461641103,2.68577931016345,1.54951500083213,9.31062252641144,9.06912826789082,10.232155577776,7.97513555844932,0.86733987855277,2.56479133680038,3.8278734986016,2.48406010500743,0.462320792597581,1.55454940856943,0.903028464073813,-1.88470575631651,-6.91492472851026
Lebanon,LBN,Tax revenue (% of GDP),GC.TAX.TOTL.GD.ZS,..,..,11.9327257731959,12.6332288041608,13.3726880982344,11.9012298232129,11.8780771977299,14.4305901911887,15.3767134599505,16.5086439486372,15.1681037724548,15.0082855368253,14.9441191654965,16.4183940002292,16.8563060057445,16.8444766850707,16.3773329137847,15.1980266225285,14.0661144534751,14.1095658840407,13.4650512835689,13.5253568933955,15.3598817637047,15.3254054569312,15.4053905267612
Lebanon,LBN,Crop production index (2014-2016 = 100),AG.PRD.CROP.XD,121.64,126.91,107.36,98.52,96.61,95.68,86.04,92.4,88.8,97.8,89.99,93.99,91.77,94.14,86.09,92.7,83.29,82.79,87.27,93.97,98.05,107.98,108.32,103.84,99.42
Lebanon,LBN,"Foreign direct investment, net inflows (% of GDP)",BX.KLT.DINV.WD.GD.ZS,0.29866550632029,0.584358875032073,11.4246771127672,6.58022462941124,5.01221158504455,5.75581691967717,8.23754952587383,6.97552914588529,14.2410590326381,8.97351609461343,12.2038495910608,12.1444381288428,13.5978268963012,14.8805177180667,13.5696589141535,11.1327936305686,7.85693989450406,7.06847166156729,5.67636791033718,5.95175528625723,4.32469174487594,5.02174040562454,4.756779140202,4.84140308956364,3.69413245000342
Lebanon,LBN,Fuel exports (% of merchandise exports),TX.VAL.FUEL.ZS.UN,..,..,0.075798634446496,0.0576542639644782,0.0437096519469908,0.178629678109887,0.155463709966929,0.44816388749621,0.231199844950283,0.26287180715628,0.34821472762562,0.299487266437649,0.217321452649323,0.33284833912779,0.338561740289721,0.132265054585668,0.098238163773614,2.01796275219873,8.55737748124045,0.975199707169866,0.812714035495173,0.476668921652208,0.49433891764308,0.836215661571772,1.45409543694151
Lesotho,LSO,Trade (% of GDP),NE.TRD.GNFS.ZS,..,..,..,..,..,..,..,..,..,..,..,..,165.048948833372,161.126590593391,158.894737585637,150.102435487333,149.796606699153,150.208575358438,133.36548975517,126.292475360578,129.722773082867,135.221901833997,146.402071707495,144.434955465602,142.226138607513
Lesotho,LSO,Exports of goods and services (% of GDP),NE.EXP.GNFS.ZS,..,..,..,..,..,..,..,..,..,..,..,..,53.2487600192534,52.9184829037571,44.7633289777901,42.1262589311215,47.7228451203639,41.7959336745045,38.2496647077566,38.1496953255837,42.8918037123102,45.4124795454683,47.4883844034731,49.8331114219045,46.7715042063683
Lesotho,LSO,GDP growth (annual %),NY.GDP.MKTP.KD.ZG,3.29093854641404,5.59703575933264,3.70360359587853,1.53765563950918,0.476025102065591,3.87554681425559,3.56158219085177,0.723835961486998,4.55977681130389,1.69237420642212,3.46612248144235,4.23009485409347,4.18791441799632,5.52341966978646,-1.25375779920832,5.26967078056286,4.61641394528752,6.33408374679448,1.79252555575545,1.71054990545476,3.12406678044546,3.60890731687714,-3.13817493733471,-1.48063315848241,-1.41799383085205
Lesotho,LSO,Tax revenue (% of GDP),GC.TAX.TOTL.GD.ZS,28.750497175983,26.9618996861051,29.2124748908169,25.0805433413429,24.7222153263144,22.9395558569836,25.7822061516583,24.1941630480867,27.1148820182378,28.9613250043846,28.5739007299318,33.9197543425177,39.3137977452033,38.2585681601236,39.9862447033836,30.2987604301988,30.2137479343975,38.0837569930604,35.9075271908447,36.3284327192766,33.7701457077629,29.051373579372,33.0152704864391,31.8151694595976,32.9380743225533
Lesotho,LSO,Crop production index (2014-2016 = 100),AG.PRD.CROP.XD,77.38,140.09,132.38,114.32,119.26,114.11,147.86,110.08,100.31,99.68,99.79,99.33,91.88,92.48,89.46,128.61,109.61,105.32,110.28,114.23,102.86,82.9,149.48,131.1,85.68
Lesotho,LSO,"Foreign direct investment, net inflows (% of GDP)",BX.KLT.DINV.WD.GD.ZS,2.41286952747074,3.07296923508248,3.27409686378328,3.0534780381368,2.41431748600826,3.65181357448431,3.59634799951621,3.65961558455139,3.79558294936693,3.68370139232025,1.63114422116261,1.35116866658488,4.49524837589834,0.623122767576785,5.24727539273729,0.425674169053143,2.3716015763829,2.28653124096594,2.13040242679282,3.86958703125409,8.75177445178898,3.71727429941712,1.82850792458024,1.59898739288565,1.51283206840873
Lesotho,LSO,Fuel exports (% of merchandise exports),TX.VAL.FUEL.ZS.UN,..,..,..,..,..,..,0.0170708075774557,0.00340130170595996,0.0624084448535018,0.0175765760189479,..,..,..,0.0417391701900564,0.0168129994467445,0.0769376796124365,0.14791613707775,0.12209171884117,0.0815062744684557,0.0376734422723571,0.0530542243747911,0.080583696996223,0.07923485972243,0.0379892296059272,0.0343344578962748
Liberia,LBR,Trade (% of GDP),NE.TRD.GNFS.ZS,..,..,..,..,..,..,..,..,..,..,..,..,..,..,..,..,..,..,..,..,..,..,..,..,..
Liberia,LBR,Exports of goods and services (% of GDP),NE.EXP.GNFS.ZS,..,..,..,..,..,..,..,..,..,..,..,..,..,..,..,..,..,..,..,..,..,..,..,..,..
Liberia,LBR,GDP growth (annual %),NY.GDP.MKTP.KD.ZG,..,..,..,..,..,..,2.92027476569781,3.76301761700071,-30.145132727942,2.61984689477413,5.28121245309295,8.04390997190059,9.53527536282282,7.14569112811476,5.30054050291531,6.09982524004147,8.20076822497064,7.99381444555367,8.68728781639683,0.701393100287518,-0.0185649695590939,-1.5549586174878,2.45515592012239,1.15757512207355,-2.46729763532686
Liberia,LBR,Tax revenue (% of GDP),GC.TAX.TOTL.GD.ZS,..,..,..,..,..,..,..,..,..,..,7.6427579483667,7.23643860589812,10.2005350327749,9.84155938586327,..,11.2051496046046,11.1487871559633,12.9715747055288,12.4614265223185,..,..,..,..,..,..
Liberia,LBR,Crop production index (2014-2016 = 100),AG.PRD.CROP.XD,40.89,50.05,69.34,76.31,83.88,88.41,86.5,84.59,84.04,87.3,90.71,87.51,100.98,97.42,90.28,91.79,93.96,99.98,95.93,90.47,97.33,112.21,94.53,100.15,105.64
Liberia,LBR,"Foreign direct investment, net inflows (% of GDP)",BX.KLT.DINV.WD.GD.ZS,..,..,..,..,..,2.37986270022883,0.916114790286976,0.302049611650485,49.7620320855615,8.4004160144418,8.72519614731939,9.63866591009303,9.58759370688019,16.4273509506382,7.22870048206176,103.337387099033,86.9894467611897,82.7471577822006,62.9068538615833,15.558740639735,7.21023781604438,9.17190332597172,7.30948578439654,3.77268493884788,2.61121194879185
Liberia,LBR,Fuel exports (% of merchandise exports),TX.VAL.FUEL.ZS.UN,..,..,..,..,..,..,..,..,..,..,..,..,..,..,..,..,..,..,..,..,..,..,..,..,..
Libya,LBY,Trade (% of GDP),NE.TRD.GNFS.ZS,51.5917602996255,52.5451559934319,48.6324121846067,40.2527075812274,34.8016301090735,45.2810937659422,43.1734496124031,78.8597570352145,90.6127305175491,96.1293320792401,90.8608896854615,97.7381011197381,102.732315500893,103.242158045544,107.620930501039,98.077213074239,63.0054352895288,98.2243189168448,106.334360918106,76.5248826381117,56.9049073326884,41.1101760615135,47.5489661921214,63.7811335968183,78.2091278508398
Libya,LBY,Exports of goods and services (% of GDP),NE.EXP.GNFS.ZS,29.1760299625468,28.6535303776683,26.7863453247579,19.3690158530843,20.2205441687642,31.558004285277,26.5406976744186,44.7677994771644,57.3170731707317,63.7559608908707,63.7168431505522,71.8393272703549,73.4324778961951,74.1157065299352,63.2368915429987,66.2720071713114,38.1458963988027,66.8678568492024,59.8886075843687,32.2383210024013,22.2273741215145,14.5778875500388,27.1972557138798,39.6135044170514,42.8351172865323
Libya,LBY,GDP growth (annual %),NY.GDP.MKTP.KD.ZG,..,..,..,..,..,3.6792704082,-1.76283887062603,-0.958897332849631,13.0160372478013,4.46163899648637,11.8707565226151,6.50052541959279,6.22998278561838,-0.162048238799883,-4.4001817631021,5.0272476723775,-50.3385151384986,86.8267484395784,-17.9979615745681,-23.0428058282215,-0.842656252118843,-1.4909411172622,32.4918021862688,7.9413678529104,-11.1956945908638
Libya,LBY,Tax revenue (% of GDP),GC.TAX.TOTL.GD.ZS,..,..,..,..,..,..,..,..,..,..,..,..,..,..,..,..,..,..,..,..,..,..,..,..,..
Libya,LBY,Crop production index (2014-2016 = 100),AG.PRD.CROP.XD,79.88,83.04,87.28,86.12,92.52,84.5,81.02,88.67,90.99,86.18,87.63,87.38,89.79,90.24,91.22,94.93,97.59,100.25,99.73,100.06,98.5,101.44,99.32,100.85,99.67
Libya,LBY,"Foreign direct investment, net inflows (% of GDP)",BX.KLT.DINV.WD.GD.ZS,-0.346441947606969,-0.400656814459091,-0.221217047145941,-0.469314079372197,-0.355987055031533,0.368425341683043,-0.389891209939244,0.707942488082424,0.544437834622249,1.07782345154323,2.19289454112284,3.43460487848985,6.89224493710273,4.74139653519965,2.25461758762227,2.36665037284955,0,1.53985859682053,0.931638470782919,0,0,0,0,0,0
Libya,LBY,Fuel exports (% of merchandise exports),TX.VAL.FUEL.ZS.UN,..,..,..,..,..,..,..,..,..,..,..,..,96.6247227091457,96.7377076938414,97.8939049801398,97.7181660474755,..,..,..,..,..,89.0527915280661,89.0527915280661,95.3967472853869,94.4050188673453
Liechtenstein,LIE,Trade (% of GDP),NE.TRD.GNFS.ZS,..,..,..,..,..,..,..,..,..,..,..,..,..,..,..,..,..,..,..,..,..,..,..,..,..
Liechtenstein,LIE,Exports of goods and services (% of GDP),NE.EXP.GNFS.ZS,..,..,..,..,..,..,..,..,..,..,..,..,..,..,..,..,..,..,..,..,..,..,..,..,..
Liechtenstein,LIE,GDP growth (annual %),NY.GDP.MKTP.KD.ZG,5.8755504001748,6.90530179973636,7.22513485456875,7.76126283694691,10.4109232010236,3.22019308239609,-0.733092455297992,-0.993919947159299,-1.93756534125014,3.03917210306501,4.82807677743524,8.64496857267281,3.325963509369,1.79808847836411,-1.15748291975636,..,..,..,..,..,..,..,..,..,..
Liechtenstein,LIE,Tax revenue (% of GDP),GC.TAX.TOTL.GD.ZS,..,..,..,..,..,..,..,..,..,..,..,..,..,..,..,..,..,..,..,..,..,..,..,..,..
Liechtenstein,LIE,Crop production index (2014-2016 = 100),AG.PRD.CROP.XD,..,..,..,..,..,..,..,..,..,..,..,..,..,..,..,..,..,..,..,..,..,..,..,..,..
Liechtenstein,LIE,"Foreign direct investment, net inflows (% of GDP)",BX.KLT.DINV.WD.GD.ZS,..,..,..,..,..,799.33394273342,376.801268564647,255.307944331899,563.548407744583,53.4348182201493,-7.29505539672812,1114.93238551093,728.865659684804,319.097324077722,664.573767394696,587.838615656588,460.213518331784,540.366945866089,18.068983064869,140.293444143294,1282.60722939224,972.693538598386,602.374526148965,-1303.10826691135,..
Liechtenstein,LIE,Fuel exports (% of merchandise exports),TX.VAL.FUEL.ZS.UN,..,..,..,..,..,..,..,..,..,..,..,..,..,..,..,..,..,..,..,..,..,..,..,..,..
Lithuania,LTU,Trade (% of GDP),NE.TRD.GNFS.ZS,84.9562178985158,93.2031317818314,100.025609013827,89.6582878018121,74.8214951638714,83.3785893281735,93.6656971630274,100.490621074193,98.2349064828604,104.604018876523,117.483577036961,124.335443328732,116.387387927408,126.849087602913,105.338778299376,129.887382863414,148.447219109978,155.843160657432,155.886790868636,142.721642753591,138.552317324475,134.453858437451,144.873355393449,148.594780129181,149.176211356567
Lithuania,LTU,Exports of goods and services (% of GDP),NE.EXP.GNFS.ZS,37.1618158329912,41.9533878019995,44.9740433621513,39.1275918868389,32.4181587307582,38.593931417507,44.0970221232765,47.403784740333,46.2209840771133,48.7713580307085,55.129678025987,57.0374548746781,51.6412116291977,57.6213269862551,51.7893007830051,63.9423585065945,72.8810089085961,78.2266282268662,78.668573312647,72.2704251906117,68.7776407338805,67.5873830562834,73.5951637391515,75.2054048902229,77.2441152993638
Lithuania,LTU,GDP growth (annual %),NY.GDP.MKTP.KD.ZG,..,5.15846431747072,8.31092156187248,7.47575872433057,-1.14157115625557,3.69552542107776,6.52610890248806,6.75141457592376,10.565956988762,6.56949011753593,7.73236760360545,7.41412133545715,11.1074801410501,2.61442303328732,-14.8386083735986,1.65124065328366,6.03900816040344,3.84386474906337,3.55007284270488,3.53700987901611,2.02458395469182,2.51882827307178,4.28259695120761,3.99331032795327,4.6656783812234
Lithuania,LTU,Tax revenue (% of GDP),GC.TAX.TOTL.GD.ZS,19.8245468908768,18.9089674146695,21.646091447724,22.1867095470891,22.2138171507516,20.3003732776969,19.4046292117649,19.2018397104698,19.0638544297548,19.3620092659203,19.754629223377,20.4842031803465,20.3693543521904,20.4820339162195,17.0401288023968,15.9649734661685,15.4823769505595,15.5299601501495,15.6012146391986,15.8363378502208,16.6948626853888,16.9315977516197,16.6506470517037,16.7839065546989,19.9659267029908
Lithuania,LTU,Crop production index (2014-2016 = 100),AG.PRD.CROP.XD,54.81,70.65,77.54,71.63,60.34,68.47,55.64,63.2,65.3,60.54,60.12,39.99,57.58,65.16,71.89,56.13,66.63,87.13,80.95,91.1,108.63,100.27,102.91,75.33,94.09
Lithuania,LTU,"Foreign direct investment, net inflows (% of GDP)",BX.KLT.DINV.WD.GD.ZS,0.922285561892422,1.81806910799124,3.58040005126921,8.17448375380232,5.14545122055799,3.2996083516447,3.61515055285972,4.63394557429123,1.15750220940481,3.88704212188136,4.95274255731953,7.48546796463773,6.55321194511853,3.61376702103575,-0.963401425538232,2.96992979569042,4.32022249925765,1.57750505089112,1.65219575592806,0.736237941196901,2.50257212107381,2.7354410644298,2.89733605891245,2.41824675908941,6.26599401037917
Lithuania,LTU,Fuel exports (% of merchandise exports),TX.VAL.FUEL.ZS.UN,11.3884194076011,14.8716279801281,17.2321962295555,18.6301025626343,14.4169947187608,20.8549209883702,23.1440094567078,18.617772431732,19.4332920697522,25.0656944009742,26.630710134146,23.5040961235158,13.32657182512,24.8328249799445,21.3157018262962,23.3502789739783,25.2868447389065,24.5019872706115,23.0352983143341,17.549203568535,16.3053888986238,13.7741952160399,14.7827601887714,14.6035767557735,13.1348449849943
Luxembourg,LUX,Trade (% of GDP),NE.TRD.GNFS.ZS,189.544445888796,195.63690664815,212.088757931917,236.570014987575,239.922499577691,272.412326845348,270.765630443257,250.689198161424,244.977946060528,265.226884855637,284.077476869478,305.879547488526,307.485020085196,292.21348078343,263.532701541684,293.671876906939,308.714453874162,311.786835204686,320.533506316768,333.42885319668,351.13197436149,348.437409376889,353.793991980303,362.423904500585,382.348369203003
Luxembourg,LUX,Exports of goods and services (% of GDP),NE.EXP.GNFS.ZS,104.478825699709,107.981098142476,116.220951847375,127.697126548548,129.936451950794,147.644884433486,146.200905707728,136.361720123078,132.848052488235,143.73436357449,153.824409812811,167.740311680643,169.576705513534,161.494761789301,147.925083013145,162.709857140044,169.489123436331,171.211788066768,176.383330927429,182.782592419634,191.835449041844,191.098633740622,192.747503540731,197.501337465788,206.411649793168
Luxembourg,LUX,GDP growth (annual %),NY.GDP.MKTP.KD.ZG,1.43219998899029,1.39807448266822,5.41983329431434,6.67451218969963,8.17518156276316,6.93813024939334,3.07435499929876,3.2254168997208,2.61937857939165,4.23189130735582,2.48287474811472,6.01671504402741,8.0986676066054,-0.30017619444267,-3.23895402683188,3.76041359255095,1.04429869455731,1.64990202978652,3.17179049916005,2.62308601577192,2.26978448419565,4.97819043681629,1.31718766293677,1.21932191856359,2.9158479150005
Luxembourg,LUX,Tax revenue (% of GDP),GC.TAX.TOTL.GD.ZS,24.4732270691556,24.6973870800268,25.244152327397,25.6011769443944,25.1003284591765,25.4725968954966,24.9848941927661,24.7817028715337,24.6300961285092,24.0425731854332,25.3355554538416,23.9298412043057,24.380345488909,23.5557107740178,23.8391085158098,23.8178404378116,23.9870478540645,24.4278271542178,24.5522669560732,24.7451571133867,23.3218593726636,23.7675096749456,24.5181470528935,26.6445939070641,26.4537121940422
Luxembourg,LUX,Crop production index (2014-2016 = 100),AG.PRD.CROP.XD,..,..,..,..,..,112.82,101.19,122.9,107.51,130.12,110.88,112.68,107.49,120.22,120.09,104.98,102.66,95.01,104.69,108.7,105.53,85.77,90.01,103.18,92.85
Luxembourg,LUX,"Foreign direct investment, net inflows (% of GDP)",BX.KLT.DINV.WD.GD.ZS,..,..,..,..,..,..,..,17.9416670929747,14.4641078757256,14.7716141818775,12.3294089671018,75.0860517189651,-57.5323140832324,12.0948257098378,50.0394903072541,69.6063943445409,14.3333707100093,4.7244838527414,35.7329034705254,29.1553936968475,75.6300239935572,28.2575541482699,-41.6509945649476,-117.374732788677,234.248695216893
Luxembourg,LUX,Fuel exports (% of merchandise exports),TX.VAL.FUEL.ZS.UN,..,..,..,..,0.0657951610065989,0.0947141236673684,0.174150039664466,0.564341586554429,0.479403294690643,0.56940493730028,0.484746205652523,0.755468291334598,0.772267080770856,0.866779918350193,1.24434505311501,0.950253839201478,0.823809485060464,0.906015716616703,0.9124571972713,0.792755481602913,0.482115060084286,0.0630612554097925,0.0944590090054424,0.0980118110705392,0.0974079283313646
"Macao SAR, China",MAC,Trade (% of GDP),NE.TRD.GNFS.ZS,125.366036122689,122.344072480498,123.265644140025,124.857111250415,132.237043265556,147.762511725432,150.023588329221,152.382640999662,150.78839554326,148.903750204961,136.372221937073,128.785689078596,130.670598794717,126.607131209269,113.555113336389,119.940087700279,122.888389442116,123.713341833778,121.422551665011,118.635351959792,118.498337540449,112.184468174855,114.925775444445,115.865480655493,114.703063841274
"Macao SAR, China",MAC,Exports of goods and services (% of GDP),NE.EXP.GNFS.ZS,73.9856079227673,74.0126630986113,73.9307465364642,74.1657140750028,76.1905671915609,89.2622634221707,91.2251415299753,93.2640999662276,92.8613542564289,94.7705605396922,84.3863881332444,78.5453812156553,78.8825827872669,79.6944953421213,78.5098890133033,87.4228418961314,90.3387512777639,90.7725744754839,90.6557309363456,85.641344899616,78.5067332391829,76.6414870235109,80.5341991834433,82.6699616409331,82.706393125478
"Macao SAR, China",MAC,GDP growth (annual %),NY.GDP.MKTP.KD.ZG,3.29551686317522,-0.418913313977598,-0.279062018409761,-4.57104669618245,-2.35823456293002,5.74661120275405,2.88841412754124,8.91060554873478,11.6406279553622,26.6303427057285,8.07569424747268,13.3901469197364,14.4767411392737,3.39134349083308,1.27440707233202,25.1225945599347,21.616648080154,9.24226499297308,10.7527800789862,-2.04830363415093,-21.5144021947741,-0.679023626830443,9.8600273155359,6.40517849433957,-2.56352273205944
"Macao SAR, China",MAC,Tax revenue (% of GDP),GC.TAX.TOTL.GD.ZS,..,13.1032462308042,15.946757302324,14.2216711530661,14.192466022015,14.9228529121374,16.3975835244593,17.2348113306315,20.0476737851754,21.2685675484294,20.9803418364728,21.1344883795184,25.4624359546433,30.2359136404628,29.3068412047655,34.3884357534879,37.4242739306115,36.8027532399907,36.3881002285428,35.0873753023949,29.1502493438066,27.7752858871884,29.0370573407949,29.4365143484009,29.7782663154767
"Macao SAR, China",MAC,Crop production index (2014-2016 = 100),AG.PRD.CROP.XD,65.42,69.42,71.54,74.05,75.44,76.37,80.29,83.31,85.46,87.56,89.74,92.57,97.19,96.47,97.14,97.19,95.28,92.57,97.19,100.42,99.97,99.61,99.61,102.77,103.35
"Macao SAR, China",MAC,"Foreign direct investment, net inflows (% of GDP)",BX.KLT.DINV.WD.GD.ZS,0.0310808115550287,0.0827656207366985,0.0317850356619106,-0.263173681975737,0.143867960175843,-0.0116619047619048,2.33234141384802,5.34424158844924,6.13730012796973,7.24868934401705,14.5971664934489,19.6103756817311,28.8206055046708,18.9404463569425,-1.91139650763636,12.8507197926336,4.76128070051628,8.25598265615741,7.32403946574483,4.41549276697999,1.07999340226639,4.12503965729769,3.37608502461293,3.13426157065493,11.8178697739571
"Macao SAR, China",MAC,Fuel exports (% of merchandise exports),TX.VAL.FUEL.ZS.UN,0.00477241588794387,0.39451135314299,0.423261803066598,1.48205789779031E-05,0,0,0.00110190574508336,3.48400332375004E-05,0,0,0,0,0,0,0,0,0,0,0,0,0,..,0,0,0
Madagascar,MDG,Trade (% of GDP),NE.TRD.GNFS.ZS,45.3744915678324,35.8824601668345,36.8737477819441,37.3321870147971,40.9244120208063,42.7771226639725,41.0351260923859,50.1816919379298,34.030602917475,48.7753818852156,59.1300849357677,62.1028389370244,66.7027353570049,74.357353960806,62.4116975958196,57.8748945101807,56.4830925951893,52.6517140811255,56.3675817900932,61.9694322111234,61.2203788365078,60.8346984831423,65.3434015072915,67.8415046683582,62.6013230457128
Madagascar,MDG,Exports of goods and services (% of GDP),NE.EXP.GNFS.ZS,20.9868976053949,17.024861564074,16.142942543952,16.4123755851733,18.3466200690167,19.1196684495627,20.070249419803,21.8155744053565,13.6941628175957,19.4573064554058,24.3193861068762,27.4869137812158,27.7962071422596,27.7071993998824,20.3758298355971,21.8743805186609,22.7196386760737,21.7806921029485,23.2721660778614,28.2819119746319,28.3906461296836,29.0925694335543,30.9026308764808,31.5360236539412,28.4244012431975
Madagascar,MDG,GDP growth (annual %),NY.GDP.MKTP.KD.ZG,1.67859232120303,2.15420447175147,3.69349261691789,3.91707460516817,4.69922703680521,4.45685893956946,5.98023576982733,-12.4079711055149,9.78489212474175,5.25700362208742,4.75584509499119,5.3985084485368,5.71056419885052,6.71263253913001,-3.9787086116544,0.619239744622121,1.57842705366555,3.01114811621208,2.30037622800727,3.33920311195367,3.13229807490305,3.99314606199499,3.93330759462793,3.19435651744398,4.41123212909589
Madagascar,MDG,Tax revenue (% of GDP),GC.TAX.TOTL.GD.ZS,6.84586581735106,..,..,..,..,..,..,..,8.59780028612767,9.37241986822963,8.69015551764536,9.20188162092675,9.84806132452438,11.3914508381925,8.34414896120855,8.53531911755595,8.71032363773385,8.36825554307769,8.78559177293247,8.44113338214288,8.94531037344997,9.24485187347242,10.0275447299671,10.2831286792601,10.5318646212179
Madagascar,MDG,Crop production index (2014-2016 = 100),AG.PRD.CROP.XD,68.69,70.06,70.84,69.77,72.29,70.68,73.62,71.84,74.27,77.9,88.15,90.69,92.52,96.25,103.83,106.33,105.49,110.35,97.73,101.74,98.42,99.85,97.26,102.05,102.54
Madagascar,MDG,"Foreign direct investment, net inflows (% of GDP)",BX.KLT.DINV.WD.GD.ZS,0.252994077483842,0.206045785109725,0.328537056882296,0.37790895322555,1.36481063889053,1.79192376325453,1.71117198619575,0.273965160881608,0.202025723705933,1.0446898563867,1.45800803699285,4.60749200280628,9.26011530963958,10.5779307609143,13.4485427881281,9.13867133828112,7.05979214971635,7.03680533355538,4.55464531104898,2.97751123297568,2.89727727453158,4.56460803171495,3.52797151000057,4.44792798727993,3.36279830994654
Madagascar,MDG,Fuel exports (% of merchandise exports),TX.VAL.FUEL.ZS.UN,1.48533985297989,3.24222477644898,2.86795587473388,4.22165688111657,2.38490799496475,3.79939840462356,1.16599282715189,1.95967332286693,4.28006818205514,1.78555239202322,1.05388767197136,5.51020605465603,7.22250240687378,6.36576191816968,4.99057818450385,6.65083710390113,6.8932279150142,7.06249542720688,4.67248311863291,3.8865003802686,3.037464553468,1.91658932584645,1.85527979084528,2.3568424746595,2.9563000208536
Malawi,MWI,Trade (% of GDP),NE.TRD.GNFS.ZS,..,..,..,..,..,..,..,..,..,..,..,..,..,..,..,..,..,..,..,..,..,..,..,..,..
Malawi,MWI,Exports of goods and services (% of GDP),NE.EXP.GNFS.ZS,..,..,..,..,..,..,..,..,..,..,..,..,..,..,..,..,..,..,..,..,..,..,..,..,..
Malawi,MWI,GDP growth (annual %),NY.GDP.MKTP.KD.ZG,16.7288173026491,7.31668178120226,3.79241909271188,3.89525350565094,3.04227813637046,1.57607762407666,-4.97496361701027,1.7000000294894,5.70563940662782,5.42049754887375,3.26872602144522,4.69999976528092,9.5999998762672,7.63973639933594,8.32810985214307,6.87406585401583,4.93266999845889,1.90000000072148,5.41034999949829,5.62526999979218,2.80000000125504,2.4999999990207,4.00000000038216,4.39168829609886,5.44818133617287
Malawi,MWI,Tax revenue (% of GDP),GC.TAX.TOTL.GD.ZS,..,..,..,..,..,..,..,..,..,..,..,..,..,..,9.94018426717949,10.5634650209755,10.6177069783918,9.31571514240387,9.7087435618013,10.9491092554382,10.5365817797809,10.638963161967,12.184301943268,12.1738782494507,12.0039896109349
Malawi,MWI,Crop production index (2014-2016 = 100),AG.PRD.CROP.XD,28.45,32.34,31.49,36.22,40.02,46.46,48.74,39.11,44.78,47.37,40.38,54.45,61.84,62.75,73.64,72.95,75.16,77.3,90.3,105.77,98.75,95.49,111.86,115.07,125.13
Malawi,MWI,"Foreign direct investment, net inflows (% of GDP)",BX.KLT.DINV.WD.GD.ZS,0.27747659058629,0.47589426589626,0.383630956028336,0.475121088003645,2.26460373648876,1.02470810251001,0.772615057834218,0.115974414290586,1.41089085148224,2.13119600751876,2.62567004771803,0.611208219192404,1.92814440747221,2.5237027903489,0.545293920588433,0.957814621345542,6.97752227761725,-0.101285426070357,5.61985138978348,6.79541385727368,3.12107477506801,1.46272973143861,1.00854877278746,0.779423469311901,0.500915850281206
Malawi,MWI,Fuel exports (% of merchandise exports),TX.VAL.FUEL.ZS.UN,0.079504643346318,0.371911248811619,0.688816989367323,0.1161342253101,0.274353250710265,0.175344633661665,0.136570604940105,0.0177546819487274,0.113642390702768,0.299259342979992,0.0204440152807278,0.147388673915268,0.0380878763509734,0.0272527561129214,0.113743766090584,0.194092632314477,0.0985652602278643,0.0920461716617677,0.0365527439299261,0.042371121340196,0.104381619365554,0.0979420401476056,0.186801735338877,0.0658028178635877,0.151161717691401
Malaysia,MYS,Trade (% of GDP),NE.TRD.GNFS.ZS,192.113200253514,181.766982485457,185.66511116237,209.492202808189,217.570919391949,220.406788982074,203.364636010653,199.356232695655,194.195129056831,210.374265897124,203.854644595624,202.577146840398,192.465506357652,176.668324785148,162.558970452699,157.944764886771,154.937684607226,147.841754766013,142.720991464873,138.312231176843,131.37007244526,126.8990100257,133.155173371956,130.402625502126,123.028562027943
Malaysia,MYS,Exports of goods and services (% of GDP),NE.EXP.GNFS.ZS,94.0891703712361,91.5761512146674,93.2894480029809,115.743725352436,121.311393650836,119.809708726968,110.402491356547,108.305302795051,106.943446148115,115.373337721075,112.898976779781,112.18548084399,106.168274866985,99.4995772447266,91.4167918670926,86.9302950693543,85.2554421085998,79.2999139255312,75.6290410302627,73.7934986257765,69.4486908970754,66.7754454542508,70.011742508597,68.554971419686,65.2777668428576
Malaysia,MYS,GDP growth (annual %),NY.GDP.MKTP.KD.ZG,9.82908519730812,10.0027006861844,7.32274185035924,-7.35941518817556,6.13761201057692,8.85886816969386,0.517675319192861,5.39098830692797,5.7884992858875,6.78343772370305,5.33213916141486,5.5848470671515,6.29878592740947,4.83176988913097,-1.51352871598714,7.42484738326097,5.29391283414003,5.47345419253853,4.69372252557893,6.00672194558203,5.09153242155011,4.44978139761541,5.81272240983328,4.84308697634881,4.41318742129586
Malaysia,MYS,Tax revenue (% of GDP),GC.TAX.TOTL.GD.ZS,..,19.3779263159554,19.7533668092053,16.7301574972727,14.0937080235667,13.6669089031737,17.7948888050621,17.4469550876406,15.4956551225138,15.1990937626569,14.8263910607125,14.5161969824928,14.3037228371975,14.6629582567858,14.9405015326636,13.3321953103767,14.794353171378,15.613146742555,15.310235280489,14.8407907140268,14.0568621293393,13.5507251724192,12.9459662411797,12.0226658594691,11.9363488299347
Malaysia,MYS,Crop production index (2014-2016 = 100),AG.PRD.CROP.XD,62.25,63.77,65.15,60.68,68.55,71.6,72.84,73.66,80.31,84.59,87.82,92.25,91.11,97.12,93.5,92.81,101.71,103.17,102.47,99.22,105.49,95.29,107.42,103.28,103.39
Malaysia,MYS,"Foreign direct investment, net inflows (% of GDP)",BX.KLT.DINV.WD.GD.ZS,4.71024540158831,5.03534293107292,5.13624115805328,2.99775085201457,4.92146666489341,4.03842862393764,0.59702931825208,3.16612432250471,2.92094209456765,3.50787262049413,2.73438734940078,4.72716484834358,4.68684578287436,3.28081949125174,0.056692316075743,4.26864663854031,5.07446032143377,2.8290573817453,3.49431175959971,3.14122940365348,3.27094402931735,4.47130958598651,2.93582038058561,2.31458721219734,2.50697705748044
Malaysia,MYS,Fuel exports (% of merchandise exports),TX.VAL.FUEL.ZS.UN,6.99098624246929,8.06254897399257,8.12358325897909,6.16330540050364,6.79583089381515,9.6183788648881,9.71984242561603,8.39065728551289,10.0750778982487,11.5989903056011,13.4060044181637,13.7316107502249,14.3947328217767,18.3497201239377,14.7636800620585,15.8464170995942,17.7387093045849,20.4071462425974,22.272387421079,22.0894873095308,16.4637462888258,14.0025952445656,15.4036825994082,15.6707664196549,14.4392776477319
Maldives,MDV,Trade (% of GDP),NE.TRD.GNFS.ZS,..,..,..,..,..,..,..,..,..,..,..,..,..,..,..,..,..,..,..,..,..,..,..,..,..
Maldives,MDV,Exports of goods and services (% of GDP),NE.EXP.GNFS.ZS,..,..,..,..,..,..,..,..,..,..,..,..,..,..,..,..,..,..,..,..,..,..,..,..,..
Maldives,MDV,GDP growth (annual %),NY.GDP.MKTP.KD.ZG,..,7.85864692730058,8.39794082987007,7.49468302465517,6.17565582795834,3.84581039203465,-3.94363435410108,7.26838631331684,13.7500498204898,5.81636675604209,-11.2231660580358,23.6057983386428,7.12342744821655,8.97981702056431,-8.15776322638922,6.83547139396723,8.57269902359177,2.3637475972762,6.963246535526,7.8010947506405,3.97171571269122,6.57223615363461,7.05453899044939,8.66800619702575,7.29833575359473
Maldives,MDV,Tax revenue (% of GDP),GC.TAX.TOTL.GD.ZS,13.5963884925789,13.4521788341822,14.4455044389877,14.2002404743947,14.0915704652276,13.796110041301,9.82630738897756,9.50792544852813,9.42070182298514,10.4894358345007,11.5693739137953,11.7564407084796,12.1474495133357,11.5788828107434,9.10066797746182,..,..,..,..,..,..,..,..,..,..
Maldives,MDV,Crop production index (2014-2016 = 100),AG.PRD.CROP.XD,151.79,159.89,142.15,140.65,129.4,140.35,128.39,123.29,149.42,180.63,140.86,157.01,131.03,128.98,121.58,116.02,105.88,98.46,94.76,98.33,99.56,102.11,101.55,100.9,105.39
Maldives,MDV,"Foreign direct investment, net inflows (% of GDP)",BX.KLT.DINV.WD.GD.ZS,1.81225837757684,2.06829872568168,2.24485508850185,2.13257608728799,2.09121158653824,3.57378188906309,2.36095464157791,2.75560074067064,3.02003608691611,4.31467444592076,4.55499674860077,4.0519805138003,7.08805679518684,7.97903444287857,6.73534011483929,8.36376431857328,15.2659407663682,7.89895747556692,10.9503892191772,9.01659145706348,7.21577938070337,10.3547618711193,9.50514528613916,10.651764787043,16.783472849825
Maldives,MDV,Fuel exports (% of merchandise exports),TX.VAL.FUEL.ZS.UN,..,..,..,..,..,..,..,..,..,0,0,..,..,0.0127117497924993,0.0723389608650904,0.0232160593731683,0.0454484866151526,0.0343073532681685,0.0463037212773749,0.0466777384759983,0.0254986476186502,0.00895963179760215,0.0014758312886858,0.0144801040854888,0.0463733052783601
Mali,MLI,Trade (% of GDP),NE.TRD.GNFS.ZS,56.2442281935017,52.4944213965722,57.0374220421011,50.1783500156402,50.0264356036308,55.4225754322684,60.2008030180009,57.8292913721816,58.6281417028541,55.311617661017,54.1253257762848,60.9766738353202,56.6497462449036,63.4760160560442,50.5191929331436,57.9852972401459,53.9135577829201,59.1205945506867,64.8176608730751,60.6387074880093,63.6396396861516,63.7632964244702,58.0684483263947,60.1447828038175,63.6587027660517
Mali,MLI,Exports of goods and services (% of GDP),NE.EXP.GNFS.ZS,19.5610676592397,18.871477613841,23.8265592935591,21.2539525168432,20.2509889197506,22.4785904568103,26.3124370675839,28.0874538136608,25.7693403925944,23.6771847065241,22.9888693418902,28.4289450992381,24.1521111507005,25.1441899954037,21.7133136937268,22.8371701772321,22.7261779161711,27.8563400059191,24.9405402595496,22.5554869569717,24.0437085118274,23.4429129749282,22.2140939375412,24.5223744016967,25.7052911327686
Mali,MLI,GDP growth (annual %),NY.GDP.MKTP.KD.ZG,0.921022397691601,7.05578540412266,4.82902433934804,7.57166763990284,5.70094365419142,-0.0608349718131223,15.3762394579174,3.10630825205686,9.1190419953243,1.55999866053489,6.53477877481288,4.66218687758322,3.49361681253744,4.77314508142975,4.80632226697864,5.31393527895875,3.21313378044307,-0.83673463153076,2.29506828962617,7.08468388056527,6.17180002424978,5.85229919941415,5.30545608438166,4.74648432724561,4.75616080770808
Mali,MLI,Tax revenue (% of GDP),GC.TAX.TOTL.GD.ZS,..,..,..,..,..,10.7850780299968,10.585476749792,11.1732839031018,12.7679538099709,13.6870443362899,13.300258431538,13.3161448258333,13.0559705898701,11.8376139708391,12.9735828420195,12.8928505320254,12.5452140284448,12.9913134646021,13.0329665961324,12.6466400471577,14.0951093886952,15.3959707239547,15.8828451038729,11.6697373131735,14.5011383714312
Mali,MLI,Crop production index (2014-2016 = 100),AG.PRD.CROP.XD,35.38,37.03,38.34,41.34,43.69,36.19,43.82,40.28,51.11,46.53,50.98,49.99,53.18,63.44,71.06,72,83.24,85.25,90.04,89.18,96.9,113.91,115.23,125.12,128.69
Mali,MLI,"Foreign direct investment, net inflows (% of GDP)",BX.KLT.DINV.WD.GD.ZS,4.11723121649798,0.978604387858807,2.75705132699761,0.327244503075907,0.9009411621769,2.03720849674799,6.02589704725809,-0.316548674720681,1.53833029358796,1.55828821848641,2.56553093546278,2.14782430624078,2.52973838370078,2.71905087825853,6.34493844298812,3.47952585418509,4.28527176191163,3.19756751536877,2.32536510704744,1.00393639033286,2.10248370810902,2.5415326068365,3.64934228961459,2.73738513064307,4.97152245435128
Mali,MLI,Fuel exports (% of merchandise exports),TX.VAL.FUEL.ZS.UN,..,0,0.00258023280717023,0.0148755365576962,0.00266405782726133,2.86321023108914E-05,1.36396977973646,1.017796835267,0.572565493254135,0.372089212769545,0.558612748270356,0.581808556013265,0.471951893295053,1.49126725513355,..,0.00864582465838409,0.0326582678800252,0.0867953325221218,..,..,..,0.0140747275186598,0.0217351376250624,1.22657222099501,0.731289909733974
Malta,MLT,Trade (% of GDP),NE.TRD.GNFS.ZS,258.585681163493,237.982461967714,226.284809370145,225.358758166285,228.174048174048,248.625754772843,221.47878932503,223.906164093756,217.893678602633,212.647356254875,217.602217467584,253.836605811554,262.317057915254,298.818064041021,294.950096821611,301.836695608994,319.703416885985,322.67645188488,304.32862444136,287.641431065207,299.470158174781,303.011238915135,296.869616724612,302.696055885604,309.61715026097
Malta,MLT,Exports of goods and services (% of GDP),NE.EXP.GNFS.ZS,126.670413827022,114.100179366239,110.164933667981,109.42263666313,111.686091686092,120.249130476592,108.644961191355,113.402295694212,107.522220060292,103.127374509703,103.57952894727,123.401683758995,129.244312558406,148.495053270138,147.022002969276,150.946741225052,160.586339185438,163.119971699003,155.972434376307,149.812515088131,154.618155592318,157.801342945413,158.096995084835,160.702900359333,163.94289939505
Malta,MLT,GDP growth (annual %),NY.GDP.MKTP.KD.ZG,6.34249318337497,3.7773357615833,5.25698014497532,5.12560123053601,4.71997488242206,19.6812693767412,-1.17469665032554,2.5652636837324,4.07406758949939,0.140268537240203,3.38359372183241,2.51014276491905,4.77470580212453,3.8263591660248,-1.13387365460049,5.5436400107222,0.467050564252716,4.11770637605775,5.47335591422899,7.6335384644276,9.6081323482308,3.38145047586738,10.8692692319326,7.41626982344488,7.05872728924383
Malta,MLT,Tax revenue (% of GDP),GC.TAX.TOTL.GD.ZS,50.7951676884536,45.2237020931199,47.5148882094257,43.2702992587327,47.2774113584736,48.5852718385086,51.4240941209651,53.7273251822357,54.0696694426087,55.0240060888744,58.8194518260269,60.0276658311125,62.5027945795084,25.8058759475621,26.0145109384539,25.3101188163035,25.8081278492337,25.6916731288311,25.7381547682427,25.9932861913314,24.3383576689848,25.2291635404822,25.0535550022255,24.8655468953126,24.2626704767782
Malta,MLT,Crop production index (2014-2016 = 100),AG.PRD.CROP.XD,112.2,131.26,108.85,115.2,110.05,108.39,101.28,96.18,93.38,103.75,98.72,112.07,99.41,109.58,97.72,104.26,106.88,98.93,100.98,105.18,100.45,94.37,93.98,65.69,59.71
Malta,MLT,"Foreign direct investment, net inflows (% of GDP)",BX.KLT.DINV.WD.GD.ZS,11.330564926186,8.72887680250906,3.68026971625359,8.16741260932327,16.0530146222964,18.2622554042989,10.1969555631406,-11.1352752873953,16.7291680429947,122.481582396849,339.787943207971,369.34487569979,449.082766618976,163.22449053339,16.6146514720919,102.314938244048,80.995238326279,35.1265947552887,4.83419864443896,1.34079436666301,32.8243295346,23.7918272554834,28.8496595461326,29.1220505865117,27.2829836641604
Malta,MLT,Fuel exports (% of merchandise exports),TX.VAL.FUEL.ZS.UN,0.000507107079955665,0.00942384407866298,0.00441005009709815,0.00134234735672218,0,3.14383404873875E-07,0.00235613527236566,0.0291609209400477,0.0267497578529142,3.20639228107414,1.07958812749337,1.33168820016767,2.27499371281887,2.12654589178083,1.53748328082834,25.5753710573871,42.4802360914303,45.0780056700361,42.4419896280075,43.0419496539175,38.4493264489492,25.3681683821948,37.7911895860483,31.0009793297692,28.8435966465491
Marshall Islands,MHL,Trade (% of GDP),NE.TRD.GNFS.ZS,106.864260168011,113.293943603529,106.719443280195,111.742136135391,107.077461616443,129.509092091289,118.330375170976,102.492822886604,116.784209865409,113.993474886857,125.003338513711,112.76666252548,115.009111106742,122.57427796262,129.354242752363,145.516505484529,153.9197732101,158.281496364358,162.743424794389,150.520883229954,139.022322658746,116.947071214787,125.728799959645,128.815278980307,153.598392568969
Marshall Islands,MHL,Exports of goods and services (% of GDP),NE.EXP.GNFS.ZS,22.3185561008068,23.3003481931841,25.6632907459063,24.7090739708263,22.1163459326507,28.6963306530267,25.3630397967824,27.3764936821666,30.1529317305753,30.2811600189365,32.8158959371576,25.2370551906515,26.2084363292262,29.5050111000991,27.96250296363,36.2742604757166,51.4918839445576,55.055922996063,51.4141914284911,49.8425602480738,44.4120487223697,36.6903990124047,39.2965979163016,39.8289198193646,37.2063266205984
Marshall Islands,MHL,GDP growth (annual %),NY.GDP.MKTP.KD.ZG,8.21325381924744,-10.3029467706811,-6.44566279648672,-0.819393719602047,-1.25514281985839,1.35407910881,6.82608517234486,3.74145213225039,-1.61587590913923,1.38978250861818,1.78469140548532,0.219614635016299,3.41627945757952,-7.64627478196799,3.69821916480055,5.44676450566732,-0.214165889292744,-1.30886862242279,3.61044913873765,-1.15756789045956,2.10051933296636,2.14429110392376,3.73379823757942,5.65921056406313,10.3578294514594
Marshall Islands,MHL,Tax revenue (% of GDP),GC.TAX.TOTL.GD.ZS,..,..,..,..,..,..,..,..,..,..,..,..,..,19.4160510683425,18.4722260396521,17.8083022233866,17.1108854786261,16.463143807428,16.5704881704661,15.9275779555216,17.424363638152,17.4520905159529,17.704583236954,17.9647236440678,18.6733207195962
Marshall Islands,MHL,Crop production index (2014-2016 = 100),AG.PRD.CROP.XD,175,147.92,137.5,97.92,77.08,19.33,17,59.33,137.33,85,97.92,120.83,101,130.67,119.33,113.33,98.33,110,116.67,83.33,90,126.67,126.67,80,90.04
Marshall Islands,MHL,"Foreign direct investment, net inflows (% of GDP)",BX.KLT.DINV.WD.GD.ZS,..,..,..,..,..,0.640672749734498,0.60167393994659,0.63686918448863,-0.87672226090861,0.869600465191154,2.38229861741701,1.31476345585599,4.66224860731854,3.90133714311966,9.72577240313813,-5.83630281709107,-2.55345059611024,11.8838601858086,17.5491994978063,4.88607408426122,-2.94738692826092,-1.52247327013078,2.743518832844,4.44426452790407,2.22629031565469
Marshall Islands,MHL,Fuel exports (% of merchandise exports),TX.VAL.FUEL.ZS.UN,..,..,..,..,..,..,..,..,..,..,..,..,..,..,..,..,..,..,..,..,..,..,..,..,..
Mauritania,MRT,Trade (% of GDP),NE.TRD.GNFS.ZS,73.416940256179,70.4558897549272,62.7495635657126,51.3910125506772,49.016938039756,58.9403747670668,60.7012124604715,56.7855296001806,55.3180243332438,75.2188046787959,88.2350995596491,82.7885012130323,86.0640556779132,94.1202110004251,82.0086176018151,93.4207451334608,98.485329604158,110.788122743421,102.398824183169,91.610371363604,77.3467864944966,73.1532616736712,78.8149801833884,89.1467294935148,93.4866941351317
Mauritania,MRT,Exports of goods and services (% of GDP),NE.EXP.GNFS.ZS,41.4864632067243,39.1634134688576,33.3920540663832,24.4591685594583,22.5691860382982,25.5171157140843,25.536995080516,24.7736084028423,19.1247721754728,23.2692575686957,26.7532470536875,42.3641033273967,40.5231617982886,41.6028504784511,37.2457483029123,45.7393481127116,50.1828096997874,48.2613552096143,45.5485992122422,37.3892007219428,30.1951447553349,33.9251405488546,34.5056775300947,36.5862504012937,42.3975240406607
Mauritania,MRT,GDP growth (annual %),NY.GDP.MKTP.KD.ZG,9.81980041888426,5.81882663411955,-4.04469652454418,2.77780478428373,3.67317832322402,-3.91802587923293,-0.799493815789347,1.38148396199058,6.92826955106302,4.7327579245203,8.56628724906668,18.3331987597713,-1.96942275160761,-0.331079195278377,0.0978758719728035,2.62022952055378,4.17278328304418,4.47001318233693,4.15081318627171,4.27482327130284,5.37633923694936,1.2609092171336,6.27054567904293,4.77217367297298,3.14100486953089
Mauritania,MRT,Tax revenue (% of GDP),GC.TAX.TOTL.GD.ZS,..,..,..,..,..,..,..,..,..,..,..,..,..,..,..,..,..,..,..,..,..,..,..,..,..
Mauritania,MRT,Crop production index (2014-2016 = 100),AG.PRD.CROP.XD,62.74,63.96,64.23,58.72,62.3,61.67,51.06,54.23,60.85,54.91,60.34,58.23,62.1,62.88,59.31,80.77,73.36,94.55,93.59,108.91,96.41,94.67,111.63,121.48,104.91
Mauritania,MRT,"Foreign direct investment, net inflows (% of GDP)",BX.KLT.DINV.WD.GD.ZS,0.334144059448081,-0.0204278717567514,-0.16071068638678,0.00652659003650716,0.761331718749145,2.25319074953564,4.39273814893831,3.78943016945276,4.97077593195268,17.1048402419347,27.6520361777234,3.94434467917463,3.20676513052584,6.58359352545942,-0.0651602956157171,2.3189057008206,8.70335495691467,20.6013054045892,15.589002855815,7.62361704174834,8.13584950372229,4.23731114711712,8.65007999188082,10.3416772427819,-11.1917343784634
Mauritania,MRT,Fuel exports (% of merchandise exports),TX.VAL.FUEL.ZS.UN,..,..,..,..,..,..,..,..,..,..,..,..,25.0244060870066,20.0629304074443,15.7158937808407,14.4296063553899,4.38706517156351,13.153296159352,2.54249598571643,2.78774056131248,4.36087402426154,..,..,..,..
Mauritius,MUS,Trade (% of GDP),NE.TRD.GNFS.ZS,119.739489702333,127.857836047043,127.805432272524,132.199131675792,130.691257437237,122.312602442309,129.778721929083,119.82234029811,110.118531675733,108.468732630691,123.24609942005,127.062861757975,120.876451250142,115.489315893532,104.42972895159,113.457073552476,117.538946368786,119.500119779606,113.305653518313,110.589707531641,107.145979436304,101.366114114651,101.250261704814,98.0871798050983,96.4919509166035
Mauritius,MUS,Exports of goods and services (% of GDP),NE.EXP.GNFS.ZS,58.6575876878086,63.5855698064946,61.4621055316895,65.6837384241532,63.8026645669143,61.094214849751,67.9870194937184,61.6083500282148,56.0072568008856,53.3231314533134,59.0244763566297,58.4439359267735,55.8674978743079,51.0705214350546,47.6771685929338,51.2376727919807,52.4441473837658,53.7921652730405,52.5710697356463,52.5246596111912,51.4978524051162,49.1740762253697,48.1551661058958,46.0962669509066,44.6671405250455
Mauritius,MUS,GDP growth (annual %),NY.GDP.MKTP.KD.ZG,4.28773657145238,5.58784392666244,5.68747741886635,6.07194017756214,2.61093234413026,8.20279174865273,3.34754072731407,1.61491865862433,5.92544548947731,4.33001985464357,1.77754302034454,4.8655446077553,5.72701615981669,5.38696254207251,3.31507699790781,4.37720322344293,4.07753806610333,3.49611836470866,3.36040609974133,3.82696982009337,3.69055690369433,3.8624682634,3.93798380632353,4.00674057198549,2.89128499346516
Mauritius,MUS,Tax revenue (% of GDP),GC.TAX.TOTL.GD.ZS,16.1142166084137,14.8129870776394,15.9934846039966,15.9933620670276,16.7486564879595,16.953664022797,15.1408012855365,15.0065488041807,16.0953276199032,16.240267058843,17.2563871089965,16.0286714228025,15.1054617551751,16.9672194586532,18.0730130657124,18.0167133723215,18.0045184138976,18.6217074867957,18.1226037396896,18.083856415995,8.75800596765304,17.6077916536348,17.9326440888549,18.4060481114775,19.4074380794676
Mauritius,MUS,Crop production index (2014-2016 = 100),AG.PRD.CROP.XD,127.48,126.53,138,136.33,95.76,123.4,139.66,117.28,125.33,127.67,119.33,115.6,104.51,109.57,115.17,109.54,106.82,102.25,99.31,103.16,100.33,96.51,95.57,82,87.29
Mauritius,MUS,"Foreign direct investment, net inflows (% of GDP)",BX.KLT.DINV.WD.GD.ZS,0.462655414731961,0.829075710090502,1.32010720202216,0.291878857723255,1.13619929809531,5.69639608343033,-0.599864360036267,0.662488345039445,1.07676488558734,0.211203426747126,0.643838021256561,1.51886377305854,4.18107451973564,3.78089341950716,2.81175510140463,4.29784028289692,3.76207203859404,5.04785010075422,2.38647827372867,3.48445482382068,1.80269793980581,3.00746194010425,3.50016899905243,3.12514163157275,3.07610894576954
Mauritius,MUS,Fuel exports (% of merchandise exports),TX.VAL.FUEL.ZS.UN,0.00738023345525476,7.54398361351665E-05,0.0327907773068372,0.0501675946065454,0.00137640560582419,0.00818211310058302,0.00493768634250879,0.0401835330744191,0.0401834991377736,0.0849911900389667,0.000652755918896807,0.0939486512849547,0.131813370424682,0.028596488416849,0.0257222239793185,0.000490474417017497,0.000141832407252276,0.000161439325038509,0.000538922695063748,0.00089030997636197,0.000507291574020001,0.000369375190893628,1.55680273942026,1.10012600197178,0.934537095576486
Mexico,MEX,Trade (% of GDP),NE.TRD.GNFS.ZS,43.6658317263397,47.7678235339067,46.4918755715735,48.0318841400179,48.0122495761105,49.9104091943629,44.7401090063015,45.2098292538764,48.7004168690455,52.0406200335632,52.5626446623015,54.4821160984158,55.2585244036238,56.3652818775373,54.5917421270683,59.2733845208982,62.1623872845924,64.2579318938989,62.6916747698829,64.0984090421895,70.4129746872496,75.6903034125013,76.9521260373108,80.212661650262,77.3963247757157
Mexico,MEX,Exports of goods and services (% of GDP),NE.EXP.GNFS.ZS,22.8659269211958,24.7231319521416,23.2555721469271,23.221749395164,23.4168592490374,24.2311734715837,21.5412102021393,21.851761920846,23.6555935033272,25.1033560080055,25.487073833609,26.5547481753519,26.7810613323719,27.0200612303401,26.5132697212091,29.0174601113445,30.4429662314744,31.5394503933211,30.7558005825349,31.4629922034573,34.1627726926537,36.8156772532543,37.5140886182228,39.0439304387032,38.4969936548922
Mexico,MEX,GDP growth (annual %),NY.GDP.MKTP.KD.ZG,-5.91029962358286,6.21829715869302,7.19887615284711,6.18507893082885,2.75503039300564,5.02928399378261,-0.450845253215945,-0.236588001922641,1.18554486144255,3.56544103201486,2.11324711473297,4.80501352193184,2.07786393942817,0.943331858052289,-6.29525055291316,4.9713345620779,3.44404507835114,3.55321075014902,0.852101564092919,2.50376350288664,2.70232342550646,1.77249323408108,1.87172852475888,1.97208211117706,-0.278148781271128
Mexico,MEX,Tax revenue (% of GDP),GC.TAX.TOTL.GD.ZS,8.03161830575895,8.31438930391734,8.59224064670855,7.70264913994996,8.18517646667802,9.13229541380319,..,..,..,..,..,..,..,9.57877152861915,9.23460486064476,9.67531745185099,9.6170721475979,9.35241106304745,9.88361012199197,10.2428550447286,12.3459757834054,13.1237856078263,12.6874317274879,12.7121572963245,12.7769099301758
Mexico,MEX,Crop production index (2014-2016 = 100),AG.PRD.CROP.XD,64.01,68.87,68.76,71.6,72.4,71.57,76.79,74.67,78.26,80.13,77.53,82.2,84.18,86.77,81.92,85.72,82.01,90.02,93.11,97.86,97.14,105,110.96,113.02,112.23
Mexico,MEX,"Foreign direct investment, net inflows (% of GDP)",BX.KLT.DINV.WD.GD.ZS,2.50587999844817,2.12551917782763,2.4510099356897,2.28836855124077,2.20848433629662,2.47719212505446,3.77607805645799,2.48685750021276,2.37188032037657,3.06821035154364,2.74220134273489,2.16850799251207,2.81392320238629,2.56144736796657,2.08297726860297,2.76135779695481,1.94422256014726,1.45258802983409,3.83652629906263,2.08413934564332,2.98772086555944,3.49738094860142,2.78099460928382,3.01334413962213,2.29130490063043
Mexico,MEX,Fuel exports (% of merchandise exports),TX.VAL.FUEL.ZS.UN,10.2531586675514,11.9579717263851,10.0272314429789,5.94667652263918,7.13956980803485,9.66529118455076,7.97372448127892,8.89924432899715,11.2326729646685,12.3851888996988,14.8856175708843,15.4567464150127,15.6710828967322,17.2231627311777,13.2781279220113,13.768244466265,15.9452394736811,14.0567486758082,12.8121829522689,10.4122287602677,5.89078579129835,4.82276713809655,5.50774530391262,6.5678211804808,5.32160515060597
"Micronesia, Fed. Sts.",FSM,Trade (% of GDP),NE.TRD.GNFS.ZS,91.4914703940376,102.076924168107,106.168285450594,101.255476346796,94.7389508064168,90.5888324263799,95.7320572733056,89.8144131632725,94.7935260513159,93.7176359912752,92.5195549498386,95.3224299415599,98.6724416170276,109.289475654306,108.787817810896,105.813653142123,106.904622398343,111.358914489194,113.261346269274,105.859971084144,105.296472336084,100.635034905852,101.024254172998,100.851461800905,104.495192307692
"Micronesia, Fed. Sts.",FSM,Exports of goods and services (% of GDP),NE.EXP.GNFS.ZS,18.2036535660789,18.4133229185113,18.0259240958194,18.7530582789754,16.4620322021618,17.9710963777019,19.2413274797911,18.082841134567,18.7648844144367,15.5280640703308,16.7159910484937,18.0815084212905,22.480949206191,23.3206698509682,21.8720543333455,23.6903511468994,24.7142642376396,29.8877887062653,30.3974220590238,31.8284267419047,27.0650027062475,27.6542051349344,29.9609618323775,35.4747304458985,31.1778846153846
"Micronesia, Fed. Sts.",FSM,GDP growth (annual %),NY.GDP.MKTP.KD.ZG,7.01446484549932,-3.18237151897384,-6.0609374365163,2.8505158599975,1.37443838961255,4.83390378617111,2.16760244050491,0.546997672499344,1.57211506743108,-3.08015304747474,2.04186716395544,-0.0810552934164832,-1.83618529402398,-2.40849258666222,1.09309924105246,2.25938995585932,3.18857475473928,-1.86681975475544,-3.67976779073483,-2.30577574529325,4.62188400404939,0.900180416516932,2.68218594445551,0.211653600126766,1.17479922829746
"Micronesia, Fed. Sts.",FSM,Tax revenue (% of GDP),GC.TAX.TOTL.GD.ZS,..,..,..,..,..,..,..,..,..,..,..,..,..,4.28801638335656,4.39601604940122,4.6611358838246,4.96407310466763,4.89180155643093,5.46654155675152,12.5440666117082,5.41824367855025,6.00349148812455,10.4078806698616,25.1962738500986,18.8605923076923
"Micronesia, Fed. Sts.",FSM,Crop production index (2014-2016 = 100),AG.PRD.CROP.XD,68.59,68.68,68.74,68.77,68.89,68.92,68.95,68.97,68.99,66.49,63.39,60.68,61.5,60.45,60.23,59.97,76.22,81.2,82.1,100.41,99.27,100.31,100.5,100.53,100.51
"Micronesia, Fed. Sts.",FSM,"Foreign direct investment, net inflows (% of GDP)",BX.KLT.DINV.WD.GD.ZS,..,..,..,..,..,..,..,..,..,..,..,..,..,..,0,0,0,0,0,6.32982242056283,..,..,..,..,..
"Micronesia, Fed. Sts.",FSM,Fuel exports (% of merchandise exports),TX.VAL.FUEL.ZS.UN,..,..,..,..,..,..,..,..,..,..,..,..,..,..,..,..,..,..,..,..,..,..,..,..,..
Moldova,MDA,Trade (% of GDP),NE.TRD.GNFS.ZS,128.016386523173,129.237536040111,127.560400247842,116.803124451539,117.527935193889,126.163100130478,124.500739599353,129.839525501535,140.056529925052,132.69906968032,143.023568469138,137.154763819994,142.720539023021,134.4216013477,110.363326850495,87.9378518951573,98.6175965326556,96.3064098336294,95.6872968332383,94.2282919690928,88.9664154565323,89.0046837188671,88.6233902754378,87.4467874275648,87.6322371148906
Moldova,MDA,Exports of goods and services (% of GDP),NE.EXP.GNFS.ZS,60.1260240612434,55.3282551648836,53.2001155100244,45.0195365920155,52.3183763996002,49.6001138108804,50.0550428204431,52.4638965185895,53.3131901951555,51.1939123376623,51.1635849357272,45.256336863744,45.5804735167509,40.8187486093894,36.8721225187512,27.8296130640861,32.5404575697943,31.1328505372467,32.0926131660285,31.5279635595633,31.8069217883307,32.8664989349745,32.5328465977446,30.6963699430194,31.1910849579769
Moldova,MDA,GDP growth (annual %),NY.GDP.MKTP.KD.ZG,..,-5.87706028626823,1.64706456037401,-6.54219207711182,-3.36825447657218,2.10771608200733,6.10000039929173,7.79999965773833,6.59999995777716,7.39999973358189,7.5000001493726,4.79999983670831,3.00000022585525,7.80000014541523,-6.00000026352828,7.10000010705836,5.81816614684824,-0.589733954762579,9.0438656074181,4.99962585407656,-0.338235622387202,4.64601436259409,4.17561205106279,4.07559546585034,3.5523140853476
Moldova,MDA,Tax revenue (% of GDP),GC.TAX.TOTL.GD.ZS,..,12.0896762347,18.2831060982003,18.0802408389372,15.0573539668779,14.7257496118183,12.1712003093085,12.8813543692286,14.6728701256381,16.3573926073926,18.4853394242006,19.5712115118202,20.5665356541269,20.4459489526716,17.6853133213094,15.1606407229695,15.2403272229961,15.5953463406884,15.4696360019738,16.8287991530895,16.2909680870475,16.4301183204667,17.7273904313314,18.014083738484,17.656290127877
Moldova,MDA,Crop production index (2014-2016 = 100),AG.PRD.CROP.XD,117.12,99.58,105.82,80.98,83.57,83.72,88.03,92.86,94.74,99.82,92.62,86.5,69.53,101.64,85.58,84.95,93.98,74.79,96.57,104.33,87.74,107.93,121.19,128.98,126.54
Moldova,MDA,"Foreign direct investment, net inflows (% of GDP)",BX.KLT.DINV.WD.GD.ZS,3.8169290470337,1.40048902464642,4.07962117197816,4.44511814313197,3.23458756906799,9.89887383909094,6.98600963880541,5.05771338869042,3.72304120351932,5.81198983204296,6.38146310288962,7.58980668418465,12.1790254892383,12.0005134783383,4.85271053589236,4.25879212676733,4.43147611475958,2.88432657387508,2.54698521289676,3.67985252891778,2.89625458422079,1.0954029363979,1.57074445862351,2.61060161412451,4.32157242106837
Moldova,MDA,Fuel exports (% of merchandise exports),TX.VAL.FUEL.ZS.UN,0.874796691513729,0.00555187219967975,..,0.00202821521793324,0.0273905978435647,0.0904257523649786,0.0186294281859855,0.0237840533804297,0.595899462731542,1.60356015061864,0.193435475448262,0.324050217151906,0.238023798249035,0.284927103422403,0.353821508158087,0.335665843311511,0.68502128700707,0.310258427322649,0.19312870034219,0.253826139073276,0.132510817158309,0.0593215893309068,0.0589373532158867,0.0472646433145928,0.0159962974276266
Monaco,MCO,Trade (% of GDP),NE.TRD.GNFS.ZS,..,..,..,..,..,..,..,..,..,..,..,..,..,..,..,..,..,..,..,..,..,..,..,..,..
Monaco,MCO,Exports of goods and services (% of GDP),NE.EXP.GNFS.ZS,..,..,..,..,..,..,..,..,..,..,..,..,..,..,..,..,..,..,..,..,..,..,..,..,..
Monaco,MCO,GDP growth (annual %),NY.GDP.MKTP.KD.ZG,2.11715129272332,1.11073274895381,2.23724875139526,3.50326528870077,3.30054146118171,3.91022917641209,2.18773409061774,1.02649563899888,1.08753674887137,2.47048416786116,1.87567963514286,5.79404793257837,14.4386357978591,0.73961279095063,-11.3344849924422,2.06522003847931,7.02235796606936,1.01221796129491,9.57709795612061,7.18702789807635,4.8634732114333,2.96410458593932,-3.04412148638065,5.78034682080926,7.08346061161458
Monaco,MCO,Tax revenue (% of GDP),GC.TAX.TOTL.GD.ZS,..,..,..,..,..,..,..,..,..,..,..,..,..,..,..,..,..,..,..,..,..,..,..,..,..
Monaco,MCO,Crop production index (2014-2016 = 100),AG.PRD.CROP.XD,..,..,..,..,..,..,..,..,..,..,..,..,..,..,..,..,..,..,..,..,..,..,..,..,..
Monaco,MCO,"Foreign direct investment, net inflows (% of GDP)",BX.KLT.DINV.WD.GD.ZS,..,..,..,..,..,..,..,..,..,..,..,..,..,..,..,..,..,..,..,..,..,..,..,..,..
Monaco,MCO,Fuel exports (% of merchandise exports),TX.VAL.FUEL.ZS.UN,..,..,..,..,..,..,..,..,..,..,..,..,..,..,..,..,..,..,..,..,..,..,..,..,..
Mongolia,MNG,Trade (% of GDP),NE.TRD.GNFS.ZS,82.1036587592106,77.9740756901741,99.9914490021753,107.351210779428,112.241338547745,121.886609754208,115.81832687888,118.517253113943,120.299393514881,131.329318233554,122.381459889773,112.929983096983,117.880426425377,121.198013401183,107.813757166177,103.350031656557,126.999228633482,109.588564338415,100.311989662943,109.322311877187,89.653663477814,101.055237224997,115.932901867963,126.355873241513,124.396514621165
Mongolia,MNG,Exports of goods and services (% of GDP),NE.EXP.GNFS.ZS,40.5413721251054,35.5243256394436,52.6663450827481,47.8435145126418,50.1584406154075,53.9967514658612,50.3183409920047,50.7266159784407,52.3520495329451,60.7877749189501,58.7693837934602,59.443265077556,59.6144484321482,54.0170359170312,50.2779993278591,46.6789825837072,52.5535550456296,43.572151194252,38.8902374819196,52.2489986942277,44.1840502346828,50.872194055814,59.1666792670253,58.1647822769264,59.2172331806539
Mongolia,MNG,GDP growth (annual %),NY.GDP.MKTP.KD.ZG,6.3764268864666,2.23509384338665,3.89671358377919,3.33993659935817,3.07036901086266,1.14606213709108,2.95271054338117,4.73297846590111,7.00463457384886,10.6254059599309,7.25366543796015,8.55623481664365,10.2480163590057,8.90036794067551,-1.26859893608282,6.3651616786311,17.2907775869555,12.3198198494032,11.6489161878925,7.88522548204762,2.37983580731722,1.48978448679577,5.63687638694772,7.74488062024881,5.60224422064255
Mongolia,MNG,Tax revenue (% of GDP),GC.TAX.TOTL.GD.ZS,9.77395635608051,9.60234781614151,10.5724331514759,8.35867208733412,9.80581787762116,13.9101606963282,14.6620591872387,13.3692402225643,18.0387455713481,..,..,28.7099746786874,23.4791764785419,21.6518153603901,16.5402944034255,19.5931192505774,18.466991091551,15.3121421838175,15.7312080369785,12.9016342446788,11.8941379230625,11.3509934515419,13.5469084468923,16.6885283141983,16.8505209165187
Mongolia,MNG,Crop production index (2014-2016 = 100),AG.PRD.CROP.XD,43.25,37.02,42.31,40.4,37.13,33.67,36.27,33.53,43.67,43.82,35.91,51.01,48.62,63.45,85.92,83.61,100.84,113.94,101.76,120.19,72.32,107.49,68.58,106.26,109.69
Mongolia,MNG,"Foreign direct investment, net inflows (% of GDP)",BX.KLT.DINV.WD.GD.ZS,0.674854439037465,1.18152410859671,2.11696806984845,1.68083637693881,2.87495300542926,4.72312279765318,4.9684623527528,5.56733962619427,8.24548473819777,4.66450219552693,7.43499550055971,7.18968945819168,8.80188727419921,15.02161500005,13.6044846187851,23.5263365544643,43.9121127615062,34.7559826095309,16.3700755246399,2.76258833570521,0.811709460633853,-37.1726532341221,13.0160280600797,14.8088797144774,17.1989395200126
Mongolia,MNG,Fuel exports (% of merchandise exports),TX.VAL.FUEL.ZS.UN,..,0.0294277036190051,0.0564053520173504,0.216073577358136,0.369019202445975,0.421898129953086,0.73354422821076,0.714758877370137,2.25359678877231,2.99444650595482,3.77821429287134,4.56321775978835,9.01491232499679,..,..,..,..,..,38.6504020917416,25.9095084252338,20.6125684700568,26.7728424510213,42.8047609310714,45.785866315202,45.7377501391482
Montenegro,MNE,Trade (% of GDP),NE.TRD.GNFS.ZS,..,..,..,..,..,87.9252021443203,100.409386075314,95.2294000160253,77.5983890107329,100.109654967142,104.625139256659,117.994735505471,128.746158606061,132.340271682179,99.4250282074869,99.7803263266018,106.658853993576,111.766044513287,102.770930155442,100.127619998369,102.688977351832,103.672945121037,105.554964991437,109.609296759902,108.844577462214
Montenegro,MNE,Exports of goods and services (% of GDP),NE.EXP.GNFS.ZS,..,..,..,..,..,36.8149918504193,38.4234543783926,35.3561171254814,30.6112461989977,42.02204717619,43.549124680302,40.5615430103488,43.0030106413678,39.5197484510197,34.3308663055307,37.0444051211325,42.3488436130938,43.6724829379562,41.3423600014394,40.143704803058,42.1180721256354,40.6006659735659,41.0551905042252,42.8750002680603,43.8466387797969
Montenegro,MNE,GDP growth (annual %),NY.GDP.MKTP.KD.ZG,..,..,..,4.90000584633145,-9.39999812434989,3.10000005928039,1.09983870937067,1.9039367333292,2.48265922878484,4.42605071745102,4.18060450885476,8.56641802964207,6.81015012526991,7.22275259212526,-5.79509699477244,2.73433108233829,3.22845102061061,-2.72379077130623,3.54897991245058,1.78369858106701,3.39038139712073,2.94928032097511,4.71646527572034,5.0778888113381,4.06294499167197
Montenegro,MNE,Tax revenue (% of GDP),GC.TAX.TOTL.GD.ZS,..,..,..,..,..,..,..,..,..,..,..,..,..,..,..,..,..,..,..,..,..,..,..,..,..
Montenegro,MNE,Crop production index (2014-2016 = 100),AG.PRD.CROP.XD,..,..,..,..,..,..,..,..,..,..,..,213.72,104.31,123.2,124.31,122.73,116.48,98.58,94.16,87.34,101.61,111.05,100.94,104.27,92.82
Montenegro,MNE,"Foreign direct investment, net inflows (% of GDP)",BX.KLT.DINV.WD.GD.ZS,..,..,..,..,..,..,..,..,..,..,..,..,25.466751541088,21.454940864611,37.2724834925981,18.3021326464525,12.2493294182859,15.1222637401287,9.99730747518636,10.8186630053694,17.2602289657156,5.17948370092296,11.5444030591496,8.8189254000302,7.53492922355211
Montenegro,MNE,Fuel exports (% of merchandise exports),TX.VAL.FUEL.ZS.UN,..,..,..,..,..,..,..,..,..,..,..,0.92548123185062,1.99543215701857,3.96298508922763,3.56507572855157,10.7555335190838,14.982587258449,13.8295391998569,29.0084899472738,14.5401879138033,14.8138663452101,16.0949312242881,12.379382961741,20.8065874914252,21.409146823304
Morocco,MAR,Trade (% of GDP),NE.TRD.GNFS.ZS,51.7150253841236,47.0955434479783,51.1501546486104,45.6723595943991,48.578876486646,53.4403058388785,53.4915710187871,54.31012791421,52.3318582669923,55.5516384744536,61.4938276863235,64.6721977787154,71.3496467796657,77.8344716425602,62.3709560152269,69.541979610144,76.8258714906247,78.2221018956072,73.8577565315318,71.8935667539398,67.2886759253849,71.1226603816864,74.1733578786573,77.2548875243989,75.9981158798422
Morocco,MAR,Exports of goods and services (% of GDP),NE.EXP.GNFS.ZS,22.6732200383806,21.8359749586865,23.9241178671875,21.0424357067532,22.6346692831278,24.1968278897887,25.3955453600676,25.9443798115524,24.676486583266,25.3492055058078,27.9958996339897,29.6289667970785,31.4277738089785,32.4722234084439,25.7171775388093,29.7889486802284,31.9544842646976,32.0970961451136,30.2532656391617,30.1329866374292,29.9958538899695,30.7345951424219,32.6064609907781,33.8284373726717,34.093057468891
Morocco,MAR,GDP growth (annual %),NY.GDP.MKTP.KD.ZG,-5.40544787197402,12.3728762700496,-1.56070234550782,7.23855267691987,1.6970614772566,2.58218091499747,7.72182519577728,3.73019737485745,6.17110214953244,4.57138016516208,3.19224973015831,7.7908200104027,3.44106776690418,5.68453936284732,3.74576940136258,3.49955709403216,5.52464523319847,3.06234368502997,4.12221286860944,2.7192440802029,4.34458297635238,0.52118550608968,5.05789816173446,3.06564133025955,2.89097476137077
Morocco,MAR,Tax revenue (% of GDP),GC.TAX.TOTL.GD.ZS,18.351209036907,..,19.4054874639843,17.2315353065392,17.8825477889844,..,..,17.1115740310881,16.8582507292145,17.1163253219024,18.9900493143229,19.403590924953,21.7314747760242,24.0687710887435,21.5414840078664,21.0889640891443,21.4534608720228,21.9652841058592,20.6278690149343,20.3536177532067,19.4374650876196,19.8672577619678,20.1297012322291,20.2861213777208,19.9144279438656
Morocco,MAR,Crop production index (2014-2016 = 100),AG.PRD.CROP.XD,39.51,72.72,55.92,68.08,59.9,50.97,58.05,64.11,79.25,79.29,70.6,89.4,68.64,77.77,96.84,97.2,99.77,92.08,101.72,102.1,110.51,87.4,107.01,116.63,107
Morocco,MAR,"Foreign direct investment, net inflows (% of GDP)",BX.KLT.DINV.WD.GD.ZS,0.85771412858708,0.828037045779585,2.75709006484814,0.663931270652036,1.7874170345466,0.991581858750167,6.44412928365454,1.02035757811393,3.98561984754306,1.35118647717804,2.42635467647838,3.24283497739456,3.24999332315429,2.42213508852786,1.94782744330848,1.22998245838351,2.29046840496639,2.65758712641507,2.90386264044041,2.95925435484489,2.94611108390154,1.93000540251056,2.26092196120538,2.78337936840164,1.33479789567415
Morocco,MAR,Fuel exports (% of merchandise exports),TX.VAL.FUEL.ZS.UN,2.20174647376455,1.62676520975914,1.94386329121883,1.46034979475327,2.70323984603658,3.65699503641464,4.22420824882811,3.66191427532414,2.61513516503521,4.49350581169632,5.0537343655877,3.76178277627632,3.71752760896919,4.18663978615364,3.58160008168939,3.31051983251718,4.34145432822333,5.76450248609948,7.21783053567622,5.06512046366423,1.93131194565183,0.851631730088442,0.915717103285065,1.16507267387717,1.5096725010458
Mozambique,MOZ,Trade (% of GDP),NE.TRD.GNFS.ZS,..,..,..,..,..,..,..,..,..,..,..,..,..,..,..,..,..,..,..,..,..,..,..,..,..
Mozambique,MOZ,Exports of goods and services (% of GDP),NE.EXP.GNFS.ZS,..,..,..,..,..,..,..,..,..,..,..,..,..,..,..,..,..,..,..,..,..,..,..,..,..
Mozambique,MOZ,GDP growth (annual %),NY.GDP.MKTP.KD.ZG,2.12289380592357,10.6959109797718,11.8149459447588,10.3692324974977,11.816986527255,0.766234955773442,12.8516820207736,9.66850534669427,7.21770086569656,8.20470494788577,6.31202378023193,9.91067756782915,7.64935393795867,6.87802942560995,5.92897187460815,6.67972935662864,7.13405842300445,7.9945031610722,6.57141389665537,7.70256844839309,7.3930936986377,4.69699024225795,2.63820737310658,3.48493731678248,2.31780739722586
Mozambique,MOZ,Tax revenue (% of GDP),GC.TAX.TOTL.GD.ZS,..,..,..,..,..,..,..,..,..,..,..,..,..,..,..,14.3466100309506,16.7995295127161,18.6287778328985,21.5406521425782,23.9653838768408,20.0064845206447,20.0767622116195,22.1120849463555,21.1926371295503,26.6828598394759
Mozambique,MOZ,Crop production index (2014-2016 = 100),AG.PRD.CROP.XD,53.91,61.53,66.83,71.23,73.36,66.73,72.66,64.26,84.6,87.89,80.6,92.68,94,87.12,107.49,117.21,125.06,122.92,109.75,102.85,96.2,100.95,113.6,138.29,144.82
Mozambique,MOZ,"Foreign direct investment, net inflows (% of GDP)",BX.KLT.DINV.WD.GD.ZS,1.46979753525989,1.79894221150183,1.32138783006061,4.23157990347201,6.07297785362899,2.3488011074454,4.52085887156965,5.83542741460712,5.11425574665774,5.99090666647287,1.380320098608,2.64086218183933,3.85414645531421,4.96426075394528,7.58405403589617,11.0275561357339,25.0623636819297,33.767102801243,38.9428653441902,27.8047100445849,23.8654900431928,25.9187724637849,17.4831119319856,11.1741433343779,21.7841913105848
Mozambique,MOZ,Fuel exports (% of merchandise exports),TX.VAL.FUEL.ZS.UN,2.0367767291087,1.19335648096955,0.574072201050605,..,25.1558681048893,20.9936116957265,8.24417224300499,13.3385853092917,13.0197593239368,12.4214437884527,14.9128661991674,14.6620455439789,15.4818802550736,10.8435592127921,17.4275034733367,19.6535941900502,16.2781018823468,27.8069556417501,33.4629142605243,30.0376104079026,31.0071856421793,27.8780163383368,51.4195900206995,46.5599407079657,41.8401141114858
Myanmar,MMR,Trade (% of GDP),NE.TRD.GNFS.ZS,..,..,..,..,..,..,..,..,..,..,..,..,..,..,..,..,..,..,..,..,..,..,..,..,..
Myanmar,MMR,Exports of goods and services (% of GDP),NE.EXP.GNFS.ZS,..,..,..,..,..,..,..,..,..,..,..,..,..,..,..,..,..,..,..,..,..,..,..,..,..
Myanmar,MMR,GDP growth (annual %),NY.GDP.MKTP.KD.ZG,6.94805143687964,6.44271534759322,5.65158296291477,5.86621315295639,10.9451299820629,13.7459305561194,11.3439970698092,12.0255134342358,13.8439968900081,13.5646616163119,13.5689500216929,13.0761013794364,11.9914352401144,10.2553053930386,10.5500090960818,9.6344394521787,5.59148237819613,7.33267044715453,8.42600102485179,7.9909155972889,6.99284029025127,6.03793694060666,6.13610824360305,6.26886221471075,6.57911006765414
Myanmar,MMR,Tax revenue (% of GDP),GC.TAX.TOTL.GD.ZS,3.74448720005159,3.9593171544736,4.41523918074799,3.51930951883989,2.75274845684649,2.96650745818451,2.25714041101971,2.0010471703619,2.21041186420545,3.27245665609108,3.88177835640941,..,..,..,..,..,..,4.52409369741194,5.52956758874506,5.83582225603389,6.00602942998839,7.17585983640205,6.07774232896579,2.75697125272766,6.01765247726484
Myanmar,MMR,Crop production index (2014-2016 = 100),AG.PRD.CROP.XD,49.36,50.85,49.34,50.79,58.92,63.16,66.48,68.07,72.78,77.74,85.91,95.83,100.44,107.12,109.44,110.85,103.84,100.25,103.48,99.85,100.91,99.24,98.73,98.79,97.87
Myanmar,MMR,"Foreign direct investment, net inflows (% of GDP)",BX.KLT.DINV.WD.GD.ZS,5.24087789360061,5.06955499959758,8.19907838778518,4.8680682147655,2.982385898279,2.86117768008645,3.21565753506977,2.22070502562137,2.3777576671811,2.0001628964787,1.95966396539679,1.90182128285749,3.5175166973129,2.71127181000311,2.92355415980151,1.81897202342465,4.20127651183029,2.22540068538379,3.74085607758738,3.32336390217817,6.8420442279004,5.18553684057779,7.27312980903569,2.60581166201446,2.31189862056083
Myanmar,MMR,Fuel exports (% of merchandise exports),TX.VAL.FUEL.ZS.UN,..,..,..,..,..,..,..,..,..,..,..,..,..,..,..,35.1816309091515,35.9097187513172,24.3583262702265,33.6174411817329,42.7838695243051,44.5178108638091,28.1623538928698,26.6678823089386,21.6446810949072,24.6715993904913
Namibia,NAM,Trade (% of GDP),NE.TRD.GNFS.ZS,93.5608471865094,96.5442239771745,92.8410903733921,92.1305009296504,91.1002051465947,85.1322442947268,88.5841018380245,94.4152228948906,95.9524743817213,81.8622605916543,80.6803802939816,86.8339693259998,104.979303758915,119.644498184785,123.762844292976,108.072477173606,102.189147754138,100.2134087743,97.7249042303832,103.080137009254,97.2390317873478,93.966187960162,81.2196674266379,81.7138667856396,82.9011520693409
Namibia,NAM,Exports of goods and services (% of GDP),NE.EXP.GNFS.ZS,44.6887659984029,45.404651214968,42.6459852331416,41.3699484261637,41.4303745101477,40.736150559887,41.0559430255954,46.1689000685777,43.4294440838332,39.797940206821,40.4085763351911,45.3668335484121,49.8552010266907,53.6534356342124,51.5631748119652,48.2819544785637,45.5397819208328,40.058338011922,37.5019849152538,39.017085209178,35.3708484097637,35.0094674181023,33.6208046258303,35.8825652135406,36.400882444122
Namibia,NAM,GDP growth (annual %),NY.GDP.MKTP.KD.ZG,3.8990142211043,3.19132430111469,4.22010030384476,3.29158562064818,3.36927842445498,3.49218336365178,1.17794869467917,4.7886612188211,4.23979429582137,12.2695481036769,2.52926265819022,7.07317531845825,5.37404415167634,2.64981203780268,0.295970914001089,6.03924947955858,5.09133813864338,5.0616820696264,5.61471962254485,6.09251915977956,4.26417453763675,0.0337944502063294,-1.02725082701774,1.05994347072928,-0.839154686169735
Namibia,NAM,Tax revenue (% of GDP),GC.TAX.TOTL.GD.ZS,25.0186945495627,23.9866294787519,26.6687060096273,25.6934877320742,27.9151280086767,27.4285090407923,26.3094628493947,26.0619966741516,23.1947692240056,24.2728217434857,25.7290098770124,29.0721666064647,30.5252906049617,29.70119351839,29.0723052633118,25.5423159777691,29.5505904218204,32.9327514425925,32.9807193371969,34.6286881010585,33.4223868666157,30.0963059722433,31.6946329262149,29.1800882337375,30.3539966155383
Namibia,NAM,Crop production index (2014-2016 = 100),AG.PRD.CROP.XD,45.61,50.56,64.48,61.58,56.48,65.56,69.52,66.92,70.88,82.79,82.12,94.05,87.42,85.81,86.25,91.1,92.45,99.67,91.12,100.72,103.3,95.98,108.31,111.27,98.7
Namibia,NAM,"Foreign direct investment, net inflows (% of GDP)",BX.KLT.DINV.WD.GD.ZS,3.84604478159912,3.22608755101113,2.18948734194013,2.48462846936643,1.32098385387931,5.00609742133941,10.6634799262844,4.40514414376665,1.32166219939022,3.38257441805414,5.37845791807398,7.62577614409134,7.57033929521729,8.7183537205185,9.27473594549887,2.51525326747705,6.41681322346953,7.9861304496266,6.45232765797468,3.58316691192794,7.40068055968424,3.34570437311556,2.17505733750208,1.71299811450523,-1.40710630883469
Namibia,NAM,Fuel exports (% of merchandise exports),TX.VAL.FUEL.ZS.UN,..,..,..,..,..,2.07032021565297,0.668613648345601,0.664641934763584,0.993442611073116,0.50311393659037,0.413471474512171,0.458348069521536,0.410976169146749,0.444634545115881,0.817470145591871,1.27056274952211,1.29061847758195,0.953398782486897,1.23502010241051,1.45563559780561,2.64040078009281,1.32229917356492,0.438934632215075,0.578722935645166,0.746127924409761
Nauru,NRU,Trade (% of GDP),NE.TRD.GNFS.ZS,..,..,..,..,..,..,..,..,..,..,..,..,..,164.285714285714,145,100,130.30303030303,120.408163265306,179.347826086957,197.222222222222,200,170.149253731343,142.068965517241,140.236686390533,156
Nauru,NRU,Exports of goods and services (% of GDP),NE.EXP.GNFS.ZS,..,..,..,..,..,..,..,..,..,..,..,..,..,90.4761904761905,83.3333333333333,51.8518518518518,62.1212121212121,68.3673469387755,101.086956521739,99.0740740740741,71.5686274509804,72.3880597014925,60,54.4378698224852,60.5714285714286
Nauru,NRU,GDP growth (annual %),NY.GDP.MKTP.KD.ZG,..,..,..,..,..,..,..,..,..,..,-7.84313725490196,-8.51063829787235,-6.97674418604652,65,-6.06060606060606,-1.61290322580645,9.8360655737705,31.3432835820896,4.54545454545455,15.2173913043478,-5.66037735849056,8,-6.48148148148148,7.92079207920793,8.25688073394495
Nauru,NRU,Tax revenue (% of GDP),GC.TAX.TOTL.GD.ZS,..,..,..,..,..,..,..,..,..,..,..,..,..,..,..,..,..,..,..,20.0283114814815,16.9784831764706,25.2437180373134,22.550184862069,28.8438039171598,34.1487355771429
Nauru,NRU,Crop production index (2014-2016 = 100),AG.PRD.CROP.XD,76.1,77.65,79.26,80.87,82.48,84.08,85.69,87.3,88.9,90.51,92.12,93.73,95.33,96.94,98.55,99.7,94.52,102.69,105.86,99.16,100.02,100.82,102.06,103.09,103.44
Nauru,NRU,"Foreign direct investment, net inflows (% of GDP)",BX.KLT.DINV.WD.GD.ZS,..,..,..,..,..,..,..,..,..,..,..,..,..,..,..,..,..,..,..,..,..,..,..,..,..
Nauru,NRU,Fuel exports (% of merchandise exports),TX.VAL.FUEL.ZS.UN,..,..,..,..,..,..,..,..,..,..,..,..,..,..,..,..,..,..,..,..,..,..,..,..,..
Nepal,NPL,Trade (% of GDP),NE.TRD.GNFS.ZS,59.49051839854,58.4577686983002,64.0355348949959,56.7096012897007,52.5669812534353,55.7105890041319,55.7999210803706,46.2307185004451,44.2478836156195,46.1472867206087,44.0629474798613,44.7619877569242,44.5792750200254,46.0362063511913,47.0794477633688,45.9849057742707,36.2967588899367,37.921906058758,41.8653757376722,45.9826416115927,46.6657303895158,42.115486124465,44.6424106210928,48.4473869460884,49.2495265869012
Nepal,NPL,Exports of goods and services (% of GDP),NE.EXP.GNFS.ZS,24.9731589825482,22.8175751366943,26.3278350735973,22.8220512223903,22.8484720906571,23.2840037102623,22.5607737189466,17.7371295242283,15.6998644945158,16.6826952635217,14.5836867929394,13.4465909577363,12.8556648764061,12.7758202580003,12.4193541858921,9.58253617198229,7.80613567968357,8.75029128721577,9.2946586776145,10.124042118155,10.2145885930146,8.17957804081257,7.81218865488744,7.81564102190953,7.77993647445109
Nepal,NPL,GDP growth (annual %),NY.GDP.MKTP.KD.ZG,3.46845189309603,5.32828417508708,5.04861254517328,3.01638947539399,4.41257328041399,6.19999998192236,4.79989214255407,0.120143177369414,3.94503776051116,4.68260325152944,3.47918104829496,3.36461478056277,3.41156027980276,6.10463914373472,4.5330787246486,4.81641464694573,3.42180870116162,4.67014192446953,3.52515317129149,6.01148284250441,3.97605327162971,0.433113719381524,8.97727935643466,7.62237610397935,6.65705543110467
Nepal,NPL,Tax revenue (% of GDP),GC.TAX.TOTL.GD.ZS,8.98551385878864,8.71991418688457,8.72365986603116,8.63933254666024,8.42250523336725,8.73598111139219,8.80257474738339,8.56058314089016,8.65181185256516,8.97495850015557,9.17945342137588,8.77975841023477,9.7724734037072,10.4400864087645,11.844036864345,13.3961154418188,11.6246777452046,12.040804546654,13.297885857998,13.9949104858592,14.6863045680746,16.143749756907,17.9993621205853,19.0828260583935,19.8090602391943
Nepal,NPL,Crop production index (2014-2016 = 100),AG.PRD.CROP.XD,52.3,52.02,53.33,53.68,56.16,60.02,62.42,64.06,66.66,70.12,71.55,72.47,71.36,77.5,81.34,81.8,88.91,98.24,93.64,99.87,99.54,100.59,105.77,105.88,112.05
Nepal,NPL,"Foreign direct investment, net inflows (% of GDP)",BX.KLT.DINV.WD.GD.ZS,0,0.423749430010865,0.468752021000606,0.247611787038703,0.0864397656827158,-0.00882425294523833,0.347091875363344,-0.0983748686510899,0.233443620739643,-0.00573755737053385,0.0301562949401406,-0.073509433259411,0.0556064154566332,0.00793215735192788,0.297715388957694,0.548294665887946,0.435814933561117,0.423691513790401,0.334712328763108,0.13374623708415,0.213029527267608,0.432212944008619,0.677439885586188,0.206157202261998,0.542801979795753
Nepal,NPL,Fuel exports (% of merchandise exports),TX.VAL.FUEL.ZS.UN,..,..,..,..,0.00216214322500584,..,..,..,0.00357579146798016,..,..,..,..,..,0.00168747349552898,4.5184108995034E-05,5.17830048737702E-06,0.0127445401569673,0.00317309696043804,0.00427691971404587,0.00156426563766798,..,0.00266232718899826,0.015293107300744,..
Netherlands,NLD,Trade (% of GDP),NE.TRD.GNFS.ZS,107.81861160927,108.732970620239,114.340759688494,112.552023231337,114.401884331961,125.521949881307,120.038764757274,113.457397877227,111.920009360192,117.608627471726,122.806657675042,127.772151379019,130.457871020883,131.05989202686,116.889549678159,131.522074134799,142.471773282141,149.268415200791,149.549331302435,150.053755435106,157.816576039698,148.858664731618,156.028211221086,158.823210208957,155.270676645491
Netherlands,NLD,Exports of goods and services (% of GDP),NE.EXP.GNFS.ZS,57.2209730326782,57.3884657236126,60.3599551275451,59.3403416223893,59.9050205145199,66.0332693962704,63.2984076981661,60.148422487264,59.2841403248767,62.6742441704485,65.632085215917,68.1811183379922,68.7754574672546,69.7936334784718,62.2370135170171,69.8036724776943,75.5030683053513,79.5033738356974,79.880477786038,80.5779081541485,82.658896708444,79.5351647591471,83.391768024212,84.6834636757465,82.5377127008628
Netherlands,NLD,GDP growth (annual %),NY.GDP.MKTP.KD.ZG,3.11603598565915,3.49874212057929,4.3290534045255,4.66391716015247,5.03404815181835,4.1956424978691,2.32695508699258,0.21727359494956,0.155645898017013,1.98494571422152,2.05087610813881,3.46098895411502,3.77284252073882,2.17032485133603,-3.66688393735825,1.34273933636553,1.55118931244651,-1.03035399148436,-0.130175288449919,1.42339539510084,1.95916972105708,2.19171371926123,2.91090251315005,2.36091509478513,1.95558841574046
Netherlands,NLD,Tax revenue (% of GDP),GC.TAX.TOTL.GD.ZS,20.8701641950921,21.479579252811,20.9377692753749,20.7080992657782,21.2206675741848,20.9379500759944,21.2141586823303,21.1580865112734,20.3537372516137,20.170002607286,21.234817556541,21.6000109486679,21.595200025841,21.1439157722984,20.9443347278192,20.9861902698271,20.2294425079072,19.4077486423489,19.6920947880502,20.6364286139734,21.1606242246467,21.9051101382534,23.0855413427696,23.0563304034822,24.0454827779179
Netherlands,NLD,Crop production index (2014-2016 = 100),AG.PRD.CROP.XD,89.47,93.97,89.76,76.35,96.66,96.39,88.3,91.06,87.82,98.04,91.87,87.57,92.71,95.62,99.85,97.06,102.94,96.19,97.53,102.53,99.81,97.66,106.97,93.37,104.56
Netherlands,NLD,"Foreign direct investment, net inflows (% of GDP)",BX.KLT.DINV.WD.GD.ZS,2.69867906053078,3.68584505031171,2.64707865929141,8.58862846737234,9.20745831670008,15.1168517035618,12.0483086109171,5.37815702042935,3.52654499071412,21.2522662978359,30.6251378500502,51.1619751936732,86.4791486800502,20.5416821823399,10.9981924942897,13.6601236618728,36.6819614798476,28.5686333623369,37.4700822751351,13.1844337407481,43.4872316772707,30.7490859225818,27.2695573744046,-36.1403474265894,-2.00180072222702
Netherlands,NLD,Fuel exports (% of merchandise exports),TX.VAL.FUEL.ZS.UN,7.0933971440154,8.19872943253443,7.22293748665819,6.40444727500702,6.67491743715364,8.35783406616944,6.19108728360142,5.58955834121391,5.65504410523909,5.86902375832662,7.50882922214862,8.62717139534594,8.87017479681396,10.7064144762756,8.24328756332864,10.1638647320306,12.7907635823148,14.4575331430104,14.4300357273789,12.5669371261896,10.2507452834652,9.14899567222457,10.2776722948672,10.7424823822268,10.6520866544886
New Caledonia,NCL,Trade (% of GDP),NE.TRD.GNFS.ZS,41.9516201470912,43.0935194214281,44.711963671281,51.7164362042632,56.3940656975839,60.3667225164618,58.1843523272091,56.1330040352377,61.8880338996498,58.5813378645702,61.9103270015257,68.0205144787445,72.1743887166465,67.9174783843244,56.0771570332275,68.1684823937939,66.8445220722878,63.7533913097757,58.8723435046881,58.9577979346478,60.0467960954308,58.0296161468389,58.9281826221283,..,..
New Caledonia,NCL,Exports of goods and services (% of GDP),NE.EXP.GNFS.ZS,15.5638092688604,15.3462781971239,16.4920122012602,15.7019100011629,18.433917555011,22.7808806145383,18.7087954532429,18.0560436990616,20.612272324034,21.9936875370641,21.4671958558995,23.8931284444354,27.3847247877213,18.5542331555049,15.4006566270318,20.1994749161539,20.0908245767248,17.758536514681,15.7230973660898,18.5861810873195,18.0691662889356,19.2654863869492,21.0077980936617,..,..
New Caledonia,NCL,GDP growth (annual %),NY.GDP.MKTP.KD.ZG,5.9400311023842,0.449879083505621,2.00715233042861,-3.20027552726621,0.900172519173495,2.10010882688805,..,..,..,..,..,..,..,..,..,..,..,..,..,..,..,..,..,3.99570728203879,-1.40000000198451
New Caledonia,NCL,Tax revenue (% of GDP),GC.TAX.TOTL.GD.ZS,..,..,..,..,..,..,..,..,..,..,..,..,..,..,..,..,..,..,..,..,..,..,..,..,..
New Caledonia,NCL,Crop production index (2014-2016 = 100),AG.PRD.CROP.XD,84.62,71.15,63.77,65.43,64.38,69.49,73.8,74.85,70.15,81.07,82.08,83.92,79.19,81.51,73.03,74.02,72.58,82.56,71.58,75.95,108.43,115.62,111.75,116.05,116.19
New Caledonia,NCL,"Foreign direct investment, net inflows (% of GDP)",BX.KLT.DINV.WD.GD.ZS,..,..,..,..,..,-1.18788629127416,3.12460556406864,1.57899865282653,2.36093200928964,0.466160371144185,-0.108016656790192,10.7332244391213,4.73308224896495,19.2594082159786,13.5826748807157,15.3677037012268,16.9845017608185,27.7749506773296,21.3449947193931,16.5212034418212,13.777379969742,9.28207619845752,5.32658183279148,3.48910000000016,7.63514851485194
New Caledonia,NCL,Fuel exports (% of merchandise exports),TX.VAL.FUEL.ZS.UN,..,..,..,..,0.802057428162315,0.883089926954797,1.12012583347969,1.21515188304097,1.20968299198208,1.06246162894908,1.36678618953362,0.442806999361754,0.00500788056337396,0.0108140183008771,0.0040061643914139,0.07563388867766,0.0102142658700865,0.016512784417616,0.0140711061210529,0.00205288658451224,0.0110083934387515,..,..,..,..
New Zealand,NZL,Trade (% of GDP),NE.TRD.GNFS.ZS,56.9142524626959,55.1161709577551,55.2468635214425,57.8960178233763,61.4012311333669,68.5169268768932,67.2338243520418,62.6559945554479,57.914769345753,58.7995522745359,58.0187434407163,59.6032650403479,58.4251605749091,64.4087304520448,55.1457230053472,58.2516155049129,59.2404647341861,57.0231138126526,56.0171482819501,55.1646268595212,54.9212814286833,52.5080085965695,54.2140078222552,55.8029722660345,54.3841804066818
New Zealand,NZL,Exports of goods and services (% of GDP),NE.EXP.GNFS.ZS,29.3933663078266,28.3488788439284,28.3203739922721,29.6173216258214,30.9505515371504,35.7454584901409,35.4310398408851,32.8470717038637,29.8397254017245,29.5434106069527,28.2851654320382,29.6086137531685,29.2731139479196,32.0787092277964,28.73391077007,30.2736276814431,30.3950240582091,28.8593905898689,28.8135811643821,27.9828573783327,27.9588000313308,26.6482594895879,27.5884131554235,27.8786275719963,27.3194681045117
New Zealand,NZL,GDP growth (annual %),NY.GDP.MKTP.KD.ZG,4.72208104417406,3.61567438032083,2.0791970200651,0.859093007702612,5.37536456631665,2.87134325680614,3.41088144170033,4.71396264184152,4.72847645436924,4.08895692275048,3.3533157967012,2.79846349197119,3.06511783082671,-1.21071159567889,-0.112067630234833,1.46675116493462,2.22157982285107,2.27303148188469,2.76492098657732,3.81083683791805,3.73643071502539,3.80175804809272,3.52441324940476,3.52518320036961,2.44598315515373
New Zealand,NZL,Tax revenue (% of GDP),GC.TAX.TOTL.GD.ZS,..,..,..,..,..,..,28.5576325439741,28.2080536465923,29.2481384340701,29.2579312754353,30.3129068290198,31.9858840492082,30.1098712722247,31.5254004624985,29.6855131312819,26.1523000658988,25.6672315455932,26.910064417051,26.716099710902,26.8537231631434,27.4178350434714,27.2858138171791,27.3324527276417,27.4769569377365,28.1373764480734
New Zealand,NZL,Crop production index (2014-2016 = 100),AG.PRD.CROP.XD,73.54,73.59,72.39,70.21,71.28,77.38,72.85,74.64,72.1,79.25,78.69,76.61,82.78,87.79,89.5,89.43,91.15,90.28,92.74,101.36,96.04,102.6,93.53,102.85,106.3
New Zealand,NZL,"Foreign direct investment, net inflows (% of GDP)",BX.KLT.DINV.WD.GD.ZS,4.45872926529605,5.58678410779111,2.9019336046622,3.24713619207952,1.60215774821217,-2.86529455631185,0.481362352602515,4.27533253207987,-3.81179323818467,2.2326303912504,1.66201517661775,2.61132933725814,3.16024444752483,1.9469239581806,-0.043160565580186,0.195407935914933,0.819062219269868,2.18316607588815,-0.0364156841483875,1.61517416725477,-0.0412057475319413,1.06340229865333,1.1570871533241,1.18765784021918,1.36830790930968
New Zealand,NZL,Fuel exports (% of merchandise exports),TX.VAL.FUEL.ZS.UN,1.63501793498201,2.30480479832692,2.14176639024502,2.06311936462798,2.16070390202244,2.97081313473213,2.68194164437148,2.36516692704215,1.916169844061,1.94341918955725,2.51999137539208,2.81028262416811,4.55786219081734,7.11229653620869,5.00698247660389,4.94449151512511,5.48842767125747,4.93027343608697,3.7199909439371,3.22930808775386,1.89509750758523,1.4594492857246,1.67396977687253,1.81397552900763,1.45188925494921
Nicaragua,NIC,Trade (% of GDP),NE.TRD.GNFS.ZS,44.0397944057464,48.4828382973154,58.0055306487605,57.0137150680369,62.5376445208417,61.2984974600022,57.9801315472268,58.0912844080785,62.1750658877514,67.195316780004,71.6457237072991,87.3096147696865,93.0251916757941,96.7940851265477,86.9928669605195,100.362998722287,111.827157339563,115.177847761832,110.984421610872,106.697729918321,98.1938816302231,93.8134597026779,96.3799845515111,93.984739213797,94.04228104628
Nicaragua,NIC,Exports of goods and services (% of GDP),NE.EXP.GNFS.ZS,16.0950862533839,16.8473581081537,19.4195451837514,19.3344405147071,18.5302795190448,20.1081658866931,19.0419108824493,18.8471358845682,20.704998914845,23.0598557398256,24.3821308946094,31.266934818829,33.0638919313618,34.470419557478,33.9814683160339,40.4666057213731,45.0169265724375,47.469485025787,45.2141568150849,45.0076685375953,40.0837486734521,38.8817154533334,41.338708120112,42.2773900941147,44.8045000879666
Nicaragua,NIC,GDP growth (annual %),NY.GDP.MKTP.KD.ZG,5.91190795714505,6.3442683853954,3.96665097658926,3.71168146537495,7.03597046846845,4.10159023598223,2.96084342724237,0.753938857526009,2.52073289236674,5.31217061215412,4.28239836333562,4.15319956587842,5.07670170064878,3.43637382878192,-3.29356384667199,4.41048139816023,6.31747638326586,6.49597922902167,4.92679226883017,4.78517074681967,4.79270223158466,4.56292760915053,4.63082155203914,-3.36264928841204,-2.89702791954369
Nicaragua,NIC,Tax revenue (% of GDP),GC.TAX.TOTL.GD.ZS,9.40273440161028,9.49444128842394,10.589091758038,11.0364830637541,10.7189463745964,10.6468701120311,9.80250806649996,10.3954991061828,11.7208158960434,12.1881791801183,12.8998034816805,13.6841750955082,13.8621051478642,13.2017059330992,13.1376072325703,13.6783403634264,14.5197169475596,15.0091937917603,15.0204253673627,15.3162663787317,15.5895883603149,16.1664462040546,16.5737516137274,15.6994164536848,17.4217691279891
Nicaragua,NIC,Crop production index (2014-2016 = 100),AG.PRD.CROP.XD,53.02,54.8,55.82,60.03,63.56,67.03,63.61,65.87,78.97,69.17,81.21,75.58,79.35,76.85,85.19,81.14,92.63,101.42,98.39,95.92,97.11,106.97,114.06,117,118.2
Nicaragua,NIC,"Foreign direct investment, net inflows (% of GDP)",BX.KLT.DINV.WD.GD.ZS,2.14709924235654,2.78528780163945,4.63328538246985,4.70738771716533,6.94644970538073,5.21799162791216,2.82163938464016,3.90298020611462,3.78208933292091,4.31364089201154,3.81407422484717,4.24045907874585,5.14187275662651,7.38265049075953,5.22850682484952,5.59334753524402,9.57918302474656,7.36518662413858,8.78722039421059,9.06364189712811,7.58033893910678,7.44462185556762,7.51055911736024,6.4305941709247,3.96093276376916
Nicaragua,NIC,Fuel exports (% of merchandise exports),TX.VAL.FUEL.ZS.UN,0.616572998050128,0.688775102153587,0.983707955095649,0.578691644386838,0.935347900228946,1.71816232105889,1.75784983853868,1.64675180288481,1.27347438687548,1.05198721073589,1.43527628331175,0.538810471712675,0.846082875283833,0.388425165510719,0.816210626975069,1.22921221370131,0.681368284394506,1.10190700694356,0.431637900273764,0.314075268911258,0.279987065397259,0.163477056835159,0.234758388546043,0.258275782295684,0.302230563340018
Niger,NER,Trade (% of GDP),NE.TRD.GNFS.ZS,34.7775356997428,36.539997643493,33.1743453903346,35.0196895457842,31.3752367245391,34.7127807043604,33.0136670843015,30.8343857497549,33.3827931416238,36.9641044464896,38.3477418070736,36.5313731842429,35.5028028471007,39.7112440540383,49.5122567031625,51.9459863027627,50.2463951569345,45.08596447308,46.2951491493291,45.7416008365932,44.727430371186,36.4881092245519,39.0711117375011,37.5388483985262,37.1025664250326
Niger,NER,Exports of goods and services (% of GDP),NE.EXP.GNFS.ZS,14.5380524628733,15.2959244617616,13.5378881783139,13.9700549614385,12.6556555877235,14.3397037015635,13.4558135151968,11.9188080478994,13.2742280973529,14.2585696095611,14.411416011146,13.8704426231817,13.0665385476229,13.1805095968022,14.977850620897,16.1844145982019,15.2895554371407,16.1005770719535,16.9790336020885,15.945862927875,14.2683699619368,12.1833388939158,12.8065412146608,11.2957371549304,10.7593769158394
Niger,NER,GDP growth (annual %),NY.GDP.MKTP.KD.ZG,2.4572441223155,0.100530504281409,1.52747571050666,9.97261495642444,-0.2195625179166,-1.20847774100575,7.26813490213235,4.91847057594622,2.1706103837418,0.363801578722132,7.33186884258517,5.93104997350342,3.14272408386731,7.73141422777337,1.96260090694645,8.57816674262253,2.35775693603874,10.5489445763446,5.31513063394726,6.64213665495603,4.39264883207291,5.74089315058157,5.00536078545952,7.21141802870243,5.93985257070464
Niger,NER,Tax revenue (% of GDP),GC.TAX.TOTL.GD.ZS,..,..,..,..,..,..,..,..,..,..,..,..,..,..,..,..,..,..,..,..,..,..,..,..,..
Niger,NER,Crop production index (2014-2016 = 100),AG.PRD.CROP.XD,27.9,29.32,25.93,40.24,38.78,30.48,40.61,47.42,47.06,40.9,50.99,56,58.2,74.99,59.31,84.11,71.06,81.8,83.69,90.41,100.65,108.94,110.74,121.88,119.8
Niger,NER,"Foreign direct investment, net inflows (% of GDP)",BX.KLT.DINV.WD.GD.ZS,0.0970148994195164,0.358757876839845,0.827804537088488,-0.0667540048083062,0.0632545894461929,0.703342920154778,0.922420853977935,0.281340736477619,0.545924466653103,0.649159742962507,1.13506754317923,0.847497530197073,1.72858641411291,3.87903143663185,8.62089060209857,10.146689915564,12.1645061403036,8.92367913404554,7.03516563238376,7.57591181433668,5.46761764113717,2.89774478323805,3.02823024728026,3.63037399478203,5.56378872791907
Niger,NER,Fuel exports (% of merchandise exports),TX.VAL.FUEL.ZS.UN,0.0193376871184809,0.00015434614730999,0.000972122061994855,0.0267499871715256,0.0143156323381326,1.63998403949572,2.08210495232434,1.38278877027936,1.45476090691616,2.26423521417612,2.12115926909511,1.990173881654,2.33481800303613,1.52450199726818,1.15100863832224,1.56427789740485,1.1073911463664,18.2797186370485,30.2015688488722,27.0318711888367,18.7837682118598,23.1922765559026,30.1595141410696,26.184088451235,31.4828722853421
Nigeria,NGA,Trade (% of GDP),NE.TRD.GNFS.ZS,..,..,..,..,..,..,..,..,..,..,..,..,..,..,..,..,..,..,..,..,..,..,..,..,..
Nigeria,NGA,Exports of goods and services (% of GDP),NE.EXP.GNFS.ZS,..,..,..,..,..,..,..,..,..,..,..,..,..,..,..,..,..,..,..,..,..,..,..,..,..
Nigeria,NGA,GDP growth (annual %),NY.GDP.MKTP.KD.ZG,-0.0726647639378797,4.19592404660108,2.93709941924899,2.58125410192935,0.584126892918917,5.01593475931159,5.91768464920368,15.3291557409559,7.34719496799485,9.25055822917993,6.43851652538319,6.05942803202912,6.59113036068734,6.7644727778017,8.03692510099067,8.00565591628646,5.30792420289512,4.23006117493168,6.67133539306172,6.30971865525467,2.65269329543003,-1.61686894906529,0.80588661910221,1.92275734200651,2.20842927714881
Nigeria,NGA,Tax revenue (% of GDP),GC.TAX.TOTL.GD.ZS,..,..,..,..,..,..,..,..,..,..,..,..,..,..,..,..,..,..,..,..,..,..,..,..,..
Nigeria,NGA,Crop production index (2014-2016 = 100),AG.PRD.CROP.XD,55,57.69,60.03,63.2,65.99,66.71,65.77,69.05,72.76,77.75,82.41,88.39,80.87,86.43,74.47,85.5,79.27,87.88,84.07,95.91,98.12,105.98,107.98,112.62,108.04
Nigeria,NGA,"Foreign direct investment, net inflows (% of GDP)",BX.KLT.DINV.WD.GD.ZS,0.238321527429399,0.268818270165381,0.233794418819083,0.137154046877584,1.69906893526276,1.64832098964767,1.6186155582434,1.97158413526787,1.91462056992192,1.38037387490881,2.83629405374323,2.03575267319874,2.16919536982394,2.41373918254011,2.90024873175984,1.64207369186652,2.133117701613,1.52378233769127,1.06953936497778,0.817478467870197,0.621501637000126,0.853395742751916,0.64218292233626,0.183821495682229,0.485777627795016
Nigeria,NGA,Fuel exports (% of merchandise exports),TX.VAL.FUEL.ZS.UN,..,95.528583053931,96.2170542738149,96.9791654088273,98.9420606087704,99.6350330189836,99.6564978061324,94.0374634853667,97.8966781049368,..,..,98.238856362994,93.6663052169763,91.7432857907592,90.3621937439891,87.1326358652018,89.1265273360995,84.0389730913749,87.6233751860233,90.854209832539,87.8732996915055,96.4782414446309,96.031736150959,94.1137790383516,87.0392917835315
North Macedonia,MKD,Trade (% of GDP),NE.TRD.GNFS.ZS,72.0437886613838,57.9231431142338,71.8342589043406,76.5874821175197,72.6249786897251,80.1601473580914,71.4782105684389,71.5334846721143,71.0693204909674,80.8704849956907,85.8410034787176,92.5516664675666,106.092966003288,111.570054713298,87.1767537660809,97.8810691156562,113.19191013947,112.214834702155,104.857229956305,112.537928969299,113.698443879103,116.185408418026,124.13728389629,133.215207648008,138.576231840539
North Macedonia,MKD,Exports of goods and services (% of GDP),NE.EXP.GNFS.ZS,31.3839303239845,21.3048439326914,23.4909339016574,23.2667286885206,23.0418595204847,32.9468400859053,29.1989080521251,26.3008496370576,27.6563674663372,30.7041661621306,34.8076006574873,37.791482499104,44.1166137912355,43.2244691363976,32.8055433623879,39.7897533935824,47.1242131386987,45.3742530045875,43.396474533315,47.6628552909135,48.7379999069691,50.663842164107,55.145719342637,60.3751373173263,62.4080567878813
North Macedonia,MKD,GDP growth (annual %),NY.GDP.MKTP.KD.ZG,-1.11472769414412,1.18510388873231,1.43998133659125,3.37873564718296,4.33902791307588,4.54913578288874,-3.06725662451662,1.49366547202928,2.22260165732409,4.67408957960916,4.72408864201974,5.13702516153505,6.47348685752347,5.47200139015595,-0.358614856979671,3.35875085773812,2.33988604520331,-0.456183223607937,2.92525766450484,3.62912351276373,3.85586514041738,2.84820519363306,1.08177273813243,2.88059670964267,3.91041953840173
North Macedonia,MKD,Tax revenue (% of GDP),GC.TAX.TOTL.GD.ZS,..,..,..,..,..,..,..,..,..,..,18.425098651308,18.0826616858798,19.0748302217282,18.5239461061968,17.1295782664692,16.8656928030442,16.999651001969,16.4166504179317,15.6689580043276,16.2352837081218,16.8182331222247,16.9511578216024,17.1611135905492,17.5749363175957,17.0832810795126
North Macedonia,MKD,Crop production index (2014-2016 = 100),AG.PRD.CROP.XD,71.92,74.36,77.05,81.01,83.52,82.04,71.98,65.51,73.78,82.62,83.85,84.83,80.27,87.47,90.92,95.33,91.77,89.03,94.88,91.64,104.14,104.22,79.24,101.34,94.74
North Macedonia,MKD,"Foreign direct investment, net inflows (% of GDP)",BX.KLT.DINV.WD.GD.ZS,0.201612846891106,0.241489630939744,0.402250343703204,4.01398371553196,2.36373528779129,5.76504706871211,12.6581341812696,2.8417888915258,2.40668449308174,5.4398972911896,2.32207737874559,6.22985642423446,8.79828562205673,6.17271448582765,2.76045082206623,3.20438209801498,4.83981702288781,3.46744163927687,3.72036775399161,0.535807905351314,2.94702779153329,5.14755489783813,3.36726558000357,5.11494867914757,4.35892493383855
North Macedonia,MKD,Fuel exports (% of merchandise exports),TX.VAL.FUEL.ZS.UN,0.401984788426301,0.874757121236578,0.449480505386375,0.798017079828494,1.8924711923553,4.76462481642627,3.7567875343007,2.24805571882993,5.41118476069355,4.68116805411458,8.01509431727616,9.37664642247707,4.86411659943398,7.8765298629422,7.49274471536935,7.67955676929367,8.7114019281988,6.43808603826413,2.47587519177111,1.75457940767403,1.359114992885,1.14823653516482,1.50422782175584,1.6979899541839,2.03944820565787
Northern Mariana Islands,MNP,Trade (% of GDP),NE.TRD.GNFS.ZS,..,..,..,..,..,..,..,151.947040498442,152.703793381759,178.099173553719,174.552309142319,159.69696969697,128.571428571429,100.851970181044,84.5283018867925,92.6157697121402,105.075445816187,114.879356568365,120.077720207254,119.831730769231,122.747252747253,152.845528455285,131.410256410256,108.685626441199,104.572396274344
Northern Mariana Islands,MNP,Exports of goods and services (% of GDP),NE.EXP.GNFS.ZS,..,..,..,..,..,..,..,91.0436137071651,90.2340597255851,100.661157024793,95.8529688972667,83.7373737373737,66.8443496801706,51.9701810436635,39.2452830188679,41.927409261577,43.4842249657064,50.8042895442359,52.0725388601036,52.5240384615385,52.967032967033,71.7073170731707,69.2948717948718,50.7302075326672,42.3370025402202
Northern Mariana Islands,MNP,GDP growth (annual %),NY.GDP.MKTP.KD.ZG,..,..,..,..,..,..,..,..,0.343170899107761,-3.07797537619699,-12.7028934368384,-6.87146321746161,-6.68402777777779,-11.0697674418605,-17.5732217573222,1.3959390862944,-7.38423028785982,0.810810810810807,2.68096514745308,4.177545691906,3.38345864661653,29.2121212121212,23.1707317073171,-19.2688499619193,-11.3207547169811
Northern Mariana Islands,MNP,Tax revenue (% of GDP),GC.TAX.TOTL.GD.ZS,..,..,..,..,..,..,..,..,..,..,..,..,..,..,..,..,..,..,..,..,..,..,..,..,..
Northern Mariana Islands,MNP,Crop production index (2014-2016 = 100),AG.PRD.CROP.XD,..,..,..,..,..,..,..,..,..,..,..,..,..,..,..,..,..,..,..,..,..,..,..,..,..
Northern Mariana Islands,MNP,"Foreign direct investment, net inflows (% of GDP)",BX.KLT.DINV.WD.GD.ZS,..,..,..,..,..,..,..,..,..,..,..,..,..,..,..,..,..,..,..,..,..,..,..,..,..
Northern Mariana Islands,MNP,Fuel exports (% of merchandise exports),TX.VAL.FUEL.ZS.UN,..,..,..,..,..,..,..,..,..,..,..,..,..,..,..,..,..,..,..,..,..,..,..,..,..
Norway,NOR,Trade (% of GDP),NE.TRD.GNFS.ZS,67.2992862912687,70.2016361484898,72.1536965321464,71.6226841846104,69.5067285818851,74.3125187193698,73.1583039085777,67.5170140875686,66.3207509412935,68.671953774992,70.4694504909023,71.6599299465003,71.9420263082298,74.7852799340995,67.4643154601855,68.2395193584281,69.5987336334833,68.4985528389766,67.9727925936832,69.1373772209037,70.431856540017,69.1168423974699,69.1087817621061,70.0031957894984,70.8958205272987
Norway,NOR,Exports of goods and services (% of GDP),NE.EXP.GNFS.ZS,36.6187399936458,39.4324491405859,40.0360103036781,36.7545972571568,38.3865932127508,45.612776085856,44.9851535831821,40.4688823606507,39.6723098094631,41.11014734445,43.4420594110174,44.5373237369717,42.9575531295574,46.2181008986951,39.8101497225902,40.150329072743,41.6612661743411,41.2870648544023,39.8613095344032,39.7276720425482,38.5751887349717,35.9381714261875,36.7322649944946,38.2210272883516,36.640925320627
Norway,NOR,GDP growth (annual %),NY.GDP.MKTP.KD.ZG,4.15559224332756,5.02796426577115,5.28460659472807,2.66868662298907,2.07204717075879,3.31894567098156,2.06713046054618,1.37755700146496,0.944909391118713,4.01458801709728,2.68512289082248,2.46147313370328,2.91403998607174,0.481919541231974,-1.94036469505112,0.787051845495441,1.10565602733728,2.71795926678982,1.01619082409272,2.04813199855084,1.85733972643303,1.16472423497285,2.46374628510146,0.828900664137592,1.12377787436797
Norway,NOR,Tax revenue (% of GDP),GC.TAX.TOTL.GD.ZS,23.0049068773115,23.9368258567593,23.8919165191792,23.9569539127065,24.254241932058,26.6719544744926,26.039313005359,27.1341211972036,25.8695458085888,27.3169686872771,28.2037338316716,28.7982988676647,28.0802178144493,27.7643980954451,25.8473541139282,26.7437669626856,27.5519417038651,26.8725432287815,25.0101364415185,23.412031718882,22.0885488164749,21.9603759264578,22.2900403628777,23.3136059270012,23.2830044006887
Norway,NOR,Crop production index (2014-2016 = 100),AG.PRD.CROP.XD,97.98,100.56,99.15,100.77,91.8,95.48,94.65,92.22,96.69,107.33,96.44,94.91,92.62,107.08,87.47,92.01,80.18,84.37,78.93,97.26,101.85,100.89,98.95,71.74,101.43
Norway,NOR,"Foreign direct investment, net inflows (% of GDP)",BX.KLT.DINV.WD.GD.ZS,1.57388218232366,2.34068795022881,2.79790754603139,3.66067530056801,3.58540501893468,4.85955800743045,1.83093887486593,1.53727647022863,1.82199004812861,1.85415606218434,3.24498545607206,3.42386990722308,6.16081120360736,4.42620837691604,2.2258474686508,5.01894398780264,2.05367635776009,5.44056216851406,-0.260184320751091,0.646203788277676,1.87399423252337,-5.03254975124346,1.46874278067631,-1.28796404191649,3.99513402641074
Norway,NOR,Fuel exports (% of merchandise exports),TX.VAL.FUEL.ZS.UN,47.2802190038024,54.6572823807438,53.7879689070806,43.2753937911926,49.946709786378,63.8968667082269,61.7533969227667,60.6325152586474,61.1728639129257,63.6222202285939,67.6843283288731,67.8034646421845,64.2968133456296,68.6853998054327,63.662873718534,63.6983768325339,68.0283731997345,69.815656349232,67.6247146158353,64.878121273836,57.6867194348074,52.9734980784027,57.1858991050078,62.1231169933481,55.9876673683571
Oman,OMN,Trade (% of GDP),NE.TRD.GNFS.ZS,79.5914906446082,85.5761537544899,88.6279661712784,92.2617927112564,87.6194373756095,92.8972855627648,96.4905405111621,95.7879464700446,97.0004414918259,101.54721857171,99.1109943047734,98.5550230790213,108.871785465232,108.606938213492,105.00603004759,96.386556222489,101.640725154206,102.074165320289,112.543232582619,102.278159964986,96.3755976513582,82.8621871430055,88.9528263652563,89.2792178262847,86.4761336586
Oman,OMN,Exports of goods and services (% of GDP),NE.EXP.GNFS.ZS,44.0353488722655,49.8101901503158,50.0369488463749,42.2228996890026,49.0583651349598,60.3399574341599,59.4282198445944,58.4859304064718,56.9795753407412,57.0276125321,63.1642892110567,61.5316364711914,62.6821410366705,64.952757469512,60.4972690131554,59.094387354942,63.9164636315433,62.7227473838619,66.0304681264531,61.439617538465,49.651239248884,41.3189323917333,45.7152598634904,50.6213051386994,49.492016987897
Oman,OMN,GDP growth (annual %),NY.GDP.MKTP.KD.ZG,4.99681952030654,3.04593990978547,6.03351250709945,2.6423380320232,0.331495569608137,6.55106688508485,4.4828025314312,-1.10090529291352,-2.66859110888825,1.29220568072958,2.49022114266498,5.3718888740982,4.45268356538111,8.20007815759141,6.1123956079346,1.71398531148034,2.89460973541192,8.86312225557018,5.22770408145942,1.29225229411081,5.01705799719045,5.04642394571691,0.304057565922449,1.28710391543288,-1.1287110618463
Oman,OMN,Tax revenue (% of GDP),GC.TAX.TOTL.GD.ZS,..,..,..,..,..,..,..,..,..,..,..,..,..,..,..,..,..,..,..,..,..,..,..,..,..
Oman,OMN,Crop production index (2014-2016 = 100),AG.PRD.CROP.XD,52.73,53.85,55.61,64.67,74.83,73.43,77.89,66.22,62.71,67.5,66.56,67.73,69.48,73.35,75.07,84.7,79.49,81.16,90.13,90.51,103.89,105.61,132.17,134.25,136.09
Oman,OMN,"Foreign direct investment, net inflows (% of GDP)",BX.KLT.DINV.WD.GD.ZS,0.335399747508055,0.396654915428221,0.407262495730356,0.728732021047105,0.257159152432135,0.420352169765268,0.0267404911014197,0.542293068421619,0.115410127681109,0.448451799455378,4.94936593643703,4.28876901657969,7.91752309028318,4.84666880019732,3.07062615372208,1.91196478591436,2.10218875218976,1.5612029028198,1.79286446946826,1.3876575353227,-2.76001757846704,3.0151971475058,3.69547176851274,7.0543428831287,4.81225302279426
Oman,OMN,Fuel exports (% of merchandise exports),TX.VAL.FUEL.ZS.UN,78.5896654956997,80.4217929400865,76.3920677359402,68.0522459876131,76.927008344319,83.21327323399,80.5557004195495,77.4715518284881,76.8245303964233,91.0888368510134,91.8263316844317,91.390046872855,89.0570672014474,86.3796075991984,74.9705083996091,77.7587802690782,74.3678691335376,83.5370778993057,82.6128731508305,81.6727512854849,76.1568860871844,76.052172528574,73.6831825643426,75.1858802471844,76.3087021288282
Pakistan,PAK,Trade (% of GDP),NE.TRD.GNFS.ZS,36.132753673519,38.3301268339895,36.8522661008964,34.011725180531,32.3199628094266,21.4599693284272,23.5772088443194,23.1290205978884,24.6501661217502,24.8083408689766,29.8784979997418,33.0497121425934,30.7878804460736,34.3489604181778,33.3268855863775,31.9889982054491,32.3626382751438,31.3189707698136,30.8902750190393,29.4698258334981,26.6881846039541,24.7015795148236,25.4720364087022,27.6260563651623,28.9055757994453
Pakistan,PAK,Exports of goods and services (% of GDP),NE.EXP.GNFS.ZS,16.709969655752,16.9031017751853,16.081953225121,16.4847911755655,15.3534993273502,9.62962610417459,10.626173080299,11.2629655687308,12.1646439105383,11.4229741601222,12.2518459289151,12.5489433238569,11.6250762010115,11.8758184433912,12.390986505409,12.6372221360882,13.4825548617217,11.8739621781713,12.1774992839349,11.1949725296552,9.97457101697387,8.73671724677937,8.22161246904219,8.58179970762808,9.39086337877951
Pakistan,PAK,GDP growth (annual %),NY.GDP.MKTP.KD.ZG,4.96260914607001,4.84658128711129,1.01439601065239,2.550234298075,3.66013273953089,4.26008801112008,3.65135017083765,2.59481668445784,5.40131087314342,7.83125556961251,7.2765744364722,6.05163767569996,4.4448143398844,2.1204410433083,3.47255059567348,1.50171752152883,2.68011685421705,3.02758391088629,4.36686504978387,4.11642817161422,4.21794209572506,6.57383828511043,4.43262590683975,6.15170261099519,2.49763692943365
Pakistan,PAK,Tax revenue (% of GDP),GC.TAX.TOTL.GD.ZS,..,..,12.742472960641,12.8290938044319,13.1653200625243,7.49968677287633,..,..,..,..,..,..,..,..,..,..,..,..,..,..,..,..,..,..,..
Pakistan,PAK,Crop production index (2014-2016 = 100),AG.PRD.CROP.XD,70.25,69.41,68.64,73.57,77.36,77.58,72.08,72.07,75.23,84.57,86.28,84.23,87.83,92.86,94.01,89.98,98.54,94.49,101,102.44,97.14,100.42,105.3,94.81,101.62
Pakistan,PAK,"Foreign direct investment, net inflows (% of GDP)",BX.KLT.DINV.WD.GD.ZS,1.19175194004056,1.45605449462756,1.14722858022912,0.813610045502484,0.84479500663461,0.309595026317044,0.38910658649849,0.843517300073237,0.475207711805665,0.845585701616171,1.51575083116461,2.63975006245443,3.03571933817685,2.68936656124595,1.24801305527951,1.02791108080423,0.575055145839944,0.343453048660945,0.515353849332245,0.695308116834202,0.557734356032139,0.821349998064174,0.735837049658425,0.487745750658143,0.696146480411465
Pakistan,PAK,Fuel exports (% of merchandise exports),TX.VAL.FUEL.ZS.UN,0.981747319429997,0.760898572228527,0.868591964414218,0.317589556734145,0.923317839082078,1.4399631383441,2.14415468253663,1.93553718386706,2.30724345077015,2.41400103063988,4.23292058651293,5.00286798660188,5.77365206239681,6.18163514554564,4.11602958270657,5.71119451483388,5.21587114782379,1.35053487428845,2.10463441086617,2.64194644110697,1.21065579156664,0.761514396551207,1.2032443709099,2.13426606062679,1.59922046539897
Palau,PLW,Trade (% of GDP),NE.TRD.GNFS.ZS,..,..,..,..,..,..,..,..,..,..,..,..,..,..,..,..,..,..,..,..,..,..,..,..,..
Palau,PLW,Exports of goods and services (% of GDP),NE.EXP.GNFS.ZS,..,..,..,..,..,..,..,..,..,..,..,..,..,..,..,..,..,..,..,..,..,..,..,..,..
Palau,PLW,GDP growth (annual %),NY.GDP.MKTP.KD.ZG,..,..,..,..,..,..,6.44010694933614,3.57939180022888,-3.26338321392616,4.85603027920973,3.95986367865657,-0.405643640893601,2.02114170886298,-5.78191142133305,-6.59047260534193,0.21609349236023,6.68366753808544,1.67259734034882,-3.38730993605576,6.29386586529996,7.53906322541347,-0.0833732240018179,-4.07881092291738,1.40986486486487,0.198285523157978
Palau,PLW,Tax revenue (% of GDP),GC.TAX.TOTL.GD.ZS,..,..,..,..,..,..,..,..,..,..,..,..,..,16.5946253510742,15.6243699464392,16.7972926809371,17.6248578605743,18.3554146807821,18.7417577776749,19.4562924287602,20.1648148845479,19.8169426937325,19.9291092436975,20.9542222378729,18.3648764520032
Palau,PLW,Crop production index (2014-2016 = 100),AG.PRD.CROP.XD,..,..,..,..,..,..,..,..,..,..,..,..,..,..,..,..,..,..,..,..,..,..,..,..,..
Palau,PLW,"Foreign direct investment, net inflows (% of GDP)",BX.KLT.DINV.WD.GD.ZS,..,..,..,..,..,2.17204477178352,-0.912545958489024,1.164945102151,2.98363855778524,4.14383096166629,2.0855520024111,17.3005720060671,2.20376562458992,2.39134730898474,1.48828356114563,1.4441221856698,4.22836855286471,10.188018106261,8.15907122421956,16.4936270005603,12.3309711757548,21.3607106939323,15.5822829131653,17.5379144658445,19.2286157721356
Palau,PLW,Fuel exports (% of merchandise exports),TX.VAL.FUEL.ZS.UN,..,..,..,..,..,..,..,..,..,..,..,..,..,..,..,..,..,0.114750596836599,..,..,..,0.0519903035025715,0.45891123655713,..,..
Panama,PAN,Trade (% of GDP),NE.TRD.GNFS.ZS,146.905380036798,156.006615271738,165.343715010128,151.268472830654,126.686314897888,133.988939472689,130.09836799567,121.851866028997,114.693366893187,123.652561234755,135.694316600018,137.89570200616,149.570452818048,166.698146373569,138.980368198775,148.275046063069,162.487561380384,158.058803305491,137.634073758934,119.090610439611,99.9364044088013,87.4084102804981,87.4279122931963,..,..
Panama,PAN,Exports of goods and services (% of GDP),NE.EXP.GNFS.ZS,66.8471008580416,71.2869234305801,76.988271392297,67.6528625181573,56.8537676405442,62.0105777619926,62.1354389205822,57.6398121134616,54.3400329774076,57.76765137464,64.5007929117914,66.1734556323528,71.4585428740128,78.0890721546604,69.8139705797426,70.0427940112922,78.2304806810582,75.1912579118816,65.1615464069,55.3574218671752,47.6848616611021,41.9730018633101,41.8036991963371,..,..
Panama,PAN,GDP growth (annual %),NY.GDP.MKTP.KD.ZG,1.75167879322242,4.07970294879544,6.46099034039275,7.34150083425158,3.9172067072643,2.71537380193523,0.574273151095085,2.229149322718,4.20549590588261,7.52207972029464,7.19127934529205,8.65246568580307,11.9839851119737,9.85565510810169,1.24299212683259,5.82799344815517,11.3136259692698,9.77849011059975,6.90394810915348,5.06642233879558,5.73305430915852,4.9532114714853,5.59114887414709,3.68542981594908,3.28187497706709
Panama,PAN,Tax revenue (% of GDP),GC.TAX.TOTL.GD.ZS,..,..,..,..,..,..,..,..,..,..,..,..,..,..,..,..,..,..,..,10.2600468152936,10.1016061233884,10.377541649677,9.99594899885375,9.59414636143543,8.65547353364972
Panama,PAN,Crop production index (2014-2016 = 100),AG.PRD.CROP.XD,113.97,113.2,102.48,96.93,107.38,99.77,103.9,104.42,111.12,104.94,105.05,113.82,118.61,114.49,100.49,97.95,95.23,94.67,99.48,99.26,97.96,102.78,105.93,113.18,114.48
Panama,PAN,"Foreign direct investment, net inflows (% of GDP)",BX.KLT.DINV.WD.GD.ZS,2.93822304062591,4.33919518111252,12.2896397802809,11.3619415595357,8.60245922999029,6.72783048597969,4.85361821800639,1.90160148860227,7.67198365950729,8.51173989668164,6.74467712664467,16.229490452043,10.443283480648,9.50075760790259,4.00307772694338,8.65854313189522,12.6724660544849,8.36489016737695,8.33115862096189,9.98449562712584,9.46409622160845,9.06331014737246,6.56251652892881,7.44689544490283,6.05160547781423
Panama,PAN,Fuel exports (% of merchandise exports),TX.VAL.FUEL.ZS.UN,3.14973180147998,4.923946187166,3.87302911441908,3.51926572661786,9.03722733731366,6.92997905558577,7.06820084877332,6.14508383119904,0.48738090896957,0.542242410267676,0.733227944121935,0.765380955226691,0.674192440397585,0.64056451768571,0.875574400423514,0.281711491723828,0.0983907574718079,0.0753639120297613,0.426786972917861,0.162765893534913,0.0973531063398489,0.0986954470520712,0.0902071411253174,0.117134615486909,0.16669467833959
Papua New Guinea,PNG,Trade (% of GDP),NE.TRD.GNFS.ZS,104.739980951459,107.803352613066,99.2079750268377,102.860932133887,116.006802066106,115.421837958873,117.580367053663,118.919110291279,123.449069006746,131.082911016249,..,..,..,..,..,..,..,..,..,..,..,..,..,..,..
Papua New Guinea,PNG,Exports of goods and services (% of GDP),NE.EXP.GNFS.ZS,61.0389865530211,59.4045079252947,49.1575230238997,54.0414898252089,63.1183638793865,66.1783592514226,65.3299673922453,60.9158105615375,69.4179663237905,72.1640496028947,..,..,..,..,..,..,..,..,..,..,..,..,..,..,..
Papua New Guinea,PNG,GDP growth (annual %),NY.GDP.MKTP.KD.ZG,-3.31244877829666,7.73369579796399,-3.90438965639359,-3.76911321783457,1.85555399408817,-2.49484199260023,-0.121288605564772,-0.158900533082658,2.16410250222083,2.72117574098235,6.34479592309654,5.40994409107307,7.81518922862388,-0.296457845880582,6.80042148322096,10.1284540720232,1.10754362619616,4.65711959686239,3.82494632800675,13.5437706216546,6.57835632304275,5.48957315278187,3.53461081750459,-0.279252284959952,4.48043062171888
Papua New Guinea,PNG,Tax revenue (% of GDP),GC.TAX.TOTL.GD.ZS,19.7271538573297,22.4631845408922,23.7232047008306,20.4802911476754,21.7881674633561,18.9759649951725,24.6964496984504,21.0132469649522,..,..,..,..,..,..,..,..,..,..,..,17.9099621510466,15.227287056527,12.9486285832779,12.6050017623511,13.1930287477157,13.0217239124958
Papua New Guinea,PNG,Crop production index (2014-2016 = 100),AG.PRD.CROP.XD,62.23,65.64,66.21,68.78,72.18,74.52,70.71,72.73,74.18,74.48,77.36,77.08,83.94,85.42,86.66,86.41,91.48,89.78,92.59,99.8,99.79,100.41,100.18,101.94,100.92
Papua New Guinea,PNG,"Foreign direct investment, net inflows (% of GDP)",BX.KLT.DINV.WD.GD.ZS,9.8050738668279,2.1304733348918,0.573526453442751,2.88798382712168,8.57120177875045,2.74030313917345,2.05072450909515,0.672123736108209,4.76766811241032,0.82866506400015,0.821562762714584,1.53859475240196,1.36861708392094,0.410070468415146,3.61496051286185,0.249749808529939,0.202496658911333,0.135226482435046,0.126069328063533,0.126824295087963,0.138228028178879,-0.188417025477419,-0.788236305745218,1.27185526445477,1.35578864340193
Papua New Guinea,PNG,Fuel exports (% of merchandise exports),TX.VAL.FUEL.ZS.UN,..,..,..,15.8001752721629,..,28.7528694150569,31.0921628226371,22.6338959885869,20.3214983745957,19.9507275539953,..,..,..,..,..,..,3.80250711386152,2.92438620097063,..,..,..,..,..,..,42.0580648896277
Paraguay,PRY,Trade (% of GDP),NE.TRD.GNFS.ZS,118.064074196549,103.035267206036,95.9342762479745,101.606320138559,77.5552756906357,78.6447297611485,72.6056990118238,79.4415656482927,81.1273637701163,80.1044466155542,85.0219636540457,84.7335313048126,79.0011374202968,80.777574657268,70.8419818624432,81.2575233746727,78.4921238489348,74.7649574560794,73.3698713841075,69.0837249631346,66.9150655259573,67.7593152322047,71.0801344038377,72.069223625915,71.2221617342433
Paraguay,PRY,Exports of goods and services (% of GDP),NE.EXP.GNFS.ZS,61.7750273749308,52.74050158026,48.4697528692641,54.6398352009449,42.7929400088689,43.3309260294934,40.6425889608269,47.4750765387374,47.1446575963153,45.6878246718486,47.5935921119847,46.2930851780555,43.374929155941,42.4383687094115,38.0972540491829,42.1398416256059,40.238859668619,37.995519198228,38.7136655822512,35.4644118987732,34.734658699956,37.1432329052059,38.1692845403814,36.8532235364332,36.0872909434467
Paraguay,PRY,GDP growth (annual %),NY.GDP.MKTP.KD.ZG,6.82281030358578,1.57378513175006,4.24251610269859,0.0680377558080636,-1.36607971240079,-2.31414056819045,-0.834054716746095,-0.0214043949985694,4.32074548551591,4.05741836363771,2.13349066459601,4.80711719268376,5.42162287218235,6.4962921197091,-0.261137328080281,11.0952312685521,4.28637120702282,-0.708043112316886,8.29307648940471,5.30123859237025,2.95715173487106,4.26802583314583,4.81007885554041,3.20425034076639,-0.40185510068001
Paraguay,PRY,Tax revenue (% of GDP),GC.TAX.TOTL.GD.ZS,..,..,..,..,..,..,..,..,..,..,8.26476450440432,8.35050418277665,7.83787789139878,8.09407229993163,8.32758281699924,8.87121347606682,9.36683510297004,9.45777835121958,8.92936256761543,9.74517637965316,9.64227469729351,9.55906333660439,9.95647441372393,10.0750585766838,9.99575607479091
Paraguay,PRY,Crop production index (2014-2016 = 100),AG.PRD.CROP.XD,39.47,38.45,39.58,41.62,41.83,39.92,48.64,47.61,55.9,57.57,55.58,57,72.19,67.93,53.3,82.05,87.34,59.54,96.45,98.79,99.68,101.53,109.45,111.5,101.14
Paraguay,PRY,"Foreign direct investment, net inflows (% of GDP)",BX.KLT.DINV.WD.GD.ZS,1.04280102601092,1.42822235904122,2.3170574100351,3.6779944686054,0.986752370140912,1.21729436901028,1.16763488895181,1.25620797120523,-0.750191694990596,0.976461922292792,0.067986029076693,1.39842122336644,0.588024684579866,1.38879880831373,0.696082548091798,2.59494297471649,1.78661903862142,2.32207294991621,0.950310709330236,2.20737777113604,1.60592947182296,2.05261134416991,1.34114743185839,0.541120963557666,1.06104676965212
Paraguay,PRY,Fuel exports (% of merchandise exports),TX.VAL.FUEL.ZS.UN,0.202307739070813,0.618053247243105,0.0582417722028777,0.00836355170733327,0.148068451774793,60.5334880926042,57.9957265146302,59.3070147771271,49.5247503484133,45.9700928635756,47.5006800377429,46.917218626047,40.3640612058908,30.3488335905218,37.7862941235128,30.4900254347954,29.3273063330687,31.0190031322725,23.9672247141492,22.6879704306262,25.0543143453299,25.3997644221531,24.7742524407046,23.3215570806625,20.5026052261608
Peru,PER,Trade (% of GDP),NE.TRD.GNFS.ZS,30.9272178475508,31.6542040912644,33.4695458506827,32.9530217853936,33.2057765558493,35.5380321623178,35.0644014310212,35.2491813317695,37.6246103251002,41.9360782679273,47.3573174768394,51.7850560338442,55.6881132836815,58.4337673899053,48.1119296153519,51.6728089370033,55.9882802838607,52.6198952632294,49.7871424471444,46.8531210912899,45.1627686891148,45.3888411964154,47.5135503619971,48.631470171736,46.9435053754409
Peru,PER,Exports of goods and services (% of GDP),NE.EXP.GNFS.ZS,12.5998852514905,13.3165199179977,14.4772602562861,13.7029018488677,15.3968880071118,16.7683737208169,16.6013795219337,17.2748078529874,19.0146669472489,22.91223375085,26.8487611117093,30.536636453521,31.5221165305465,29.7276302098838,26.4420527390278,27.8261641521747,30.5027597563889,27.4496143710972,24.8082994208508,22.6069703758151,21.2873252858958,22.6003137409908,24.7198719746973,25.1921846722472,24.0390874349068
Peru,PER,GDP growth (annual %),NY.GDP.MKTP.KD.ZG,7.41139504735119,2.79897307912609,6.47682442079709,-0.391537555833821,1.49491064308833,2.69437139806912,0.617892325624297,5.45352893818767,4.16502313666112,4.95820320611745,6.28506032509601,7.5288990440594,8.5183877690955,9.1265683014642,1.0958236592427,8.33245910749577,6.32719240161117,6.13972470560435,5.85251821084928,2.38215737180541,3.25224477218451,3.95331871520767,2.51883544233135,3.969351341365,2.24063176875049
Peru,PER,Tax revenue (% of GDP),GC.TAX.TOTL.GD.ZS,13.6847575729859,14.1998141675147,14.3987605306478,14.2348049647571,12.9941892981826,12.6086474992247,12.8971056336871,12.4871426273152,13.411521163568,13.6633689429004,14.1047421923916,15.6699876015142,16.4074683503203,16.5121709202423,14.4565268083919,15.4665717570431,15.9688951452089,16.5466871027669,16.4330066930272,16.7209266785318,14.9196513179116,13.7875476429229,13.1743416510927,14.2863713099787,14.5254040570996
Peru,PER,Crop production index (2014-2016 = 100),AG.PRD.CROP.XD,43.52,48.07,50.86,50.43,58.01,61.57,60.45,64.14,65.46,64.91,68.34,73.75,74.3,80.84,81.13,85.24,87.64,92.78,94.97,97.97,98.85,103.18,102.64,112.46,114.72
Peru,PER,"Foreign direct investment, net inflows (% of GDP)",BX.KLT.DINV.WD.GD.ZS,4.79618741233796,6.282348119331,3.67902174881379,2.96199214687156,3.86553540501239,1.56479019339424,2.19922450158059,3.93562084538868,2.27308642513175,2.39489207548148,3.39034816926813,3.91065680458788,5.37428655925626,5.74335697642786,5.32237544034606,5.73087732837535,4.47262658184166,7.36173683394684,4.75734900182415,2.12302965027806,3.86551316954964,3.54628188735842,3.5133314939664,2.63824619479376,2.08489665412022
Peru,PER,Fuel exports (% of merchandise exports),TX.VAL.FUEL.ZS.UN,4.93017760621467,6.59278003963146,5.94383220353478,4.44307011076806,4.21587853607109,6.38432974974618,6.06507631090828,6.25870095624976,7.37984678551164,5.45456110464244,9.32481163862732,8.00259770587774,8.57977598074378,9.14246326039836,7.73522159130539,9.34276616984803,10.5341949963562,11.5693223732276,12.9662034720775,12.2992414025362,7.1650191814977,6.41464787287933,7.9436016945509,8.8875264253518,6.86905379549647
Philippines,PHL,Trade (% of GDP),NE.TRD.GNFS.ZS,57.3305579762779,63.8553035508774,77.2286459172662,80.077201518421,77.1614937122172,85.1533685843639,84.9003886237531,83.8448040937789,87.5746443636636,87.1252848232048,83.8456745708051,80.8505386728775,73.6449799920629,67.6810707730401,60.8865907869758,66.1042785137797,60.7958366987089,57.8420055112164,55.8247812334196,57.4681720862891,59.1415921044611,61.7760657662036,68.1683697434961,72.1633982998175,68.8418422585097
Philippines,PHL,Exports of goods and services (% of GDP),NE.EXP.GNFS.ZS,25.9460416626648,28.8867213731659,35.0861457359116,37.8068683988215,38.4111587355426,43.3442192873228,41.1555015074547,40.0056799440289,42.3050183712712,41.8268409907999,41.2300392158954,41.2454593705084,38.0141863378076,33.3568332437392,30.2195255995892,32.8748297195678,29.1054288775667,27.46707385673,26.1774198096524,27.3545041903071,27.2080572386549,26.6730033438683,29.5522908550262,30.2136053736583,28.3829200122031
Philippines,PHL,GDP growth (annual %),NY.GDP.MKTP.KD.ZG,4.62522511739661,5.8603478716379,5.18641167406165,-0.514090599541888,3.34645118398267,4.38250483347254,3.04923150985866,3.71625500158383,5.08691113513073,6.56922851180626,4.94250511877678,5.31641682136939,6.51929155018938,4.34448730509183,1.44832306275669,7.33449996514402,3.85823282420755,6.89695170786769,6.75053130394745,6.34798748029741,6.34830971539886,7.14945675286656,6.93098832521765,6.34148557098946,6.11852566118505
Philippines,PHL,Tax revenue (% of GDP),GC.TAX.TOTL.GD.ZS,14.2662552351009,14.8266416552207,14.8614949312421,13.6754637567029,12.8954370860496,12.4403247745092,12.2655086469998,11.6681306910299,11.6664325949085,11.3644043893781,11.9242240624029,13.1273014401873,12.9604093017337,13.0335136905172,11.6989355673304,11.63527559371,11.8490007823205,12.3059271147044,12.7438220631734,13.0155171794537,13.0196105915341,13.0871006914948,13.5937937492138,14.0475332791904,14.4884730212515
Philippines,PHL,Crop production index (2014-2016 = 100),AG.PRD.CROP.XD,67.13,72.19,71.34,63.4,70.42,72.38,74.85,76.85,79.44,82.15,83.66,86.14,90.94,95.37,94.51,92.49,96.89,100.4,99.79,102.04,100.38,97.58,103.23,102.76,101.62
Philippines,PHL,"Foreign direct investment, net inflows (% of GDP)",BX.KLT.DINV.WD.GD.ZS,1.74612997966882,1.60277940029249,1.29853131183765,3.0701111773194,2.13567999418902,1.77722452873062,0.96298544393499,2.09827504516588,0.565263243432102,0.623144777963454,1.54906009249231,2.12091886479217,1.87121245887706,0.737800589215247,1.17324821246427,0.513698049517663,0.856963002969068,1.2276300069868,1.31642638381475,1.92937522797834,1.84018010715303,2.59850803497646,3.12238778408668,2.86833826073638,2.30117498594757
Philippines,PHL,Fuel exports (% of merchandise exports),TX.VAL.FUEL.ZS.UN,1.52976864222382,1.85833383845916,1.38471542920728,0.532909443822639,0.728936758834481,1.32698174084571,0.844877173705867,1.18455225576668,1.55885386665635,1.26222116928397,1.87758618141393,2.30498008929838,2.80484257220501,3.27690782996833,1.90873424213089,2.0532774893495,2.92009931957312,2.4289829487911,3.76691271607425,2.97281997503875,1.32069608642356,1.3324937999703,1.50884665872113,1.69571571942116,1.47588152909606
Poland,POL,Trade (% of GDP),NE.TRD.GNFS.ZS,43.7219613980177,45.552296033545,50.545751671508,56.7391365221387,54.1116036351237,60.868583521603,58.1567606852042,60.9873752483951,69.4462150830075,71.4456574975002,70.5305240628754,77.9707152682127,80.8314554512475,80.905760942025,75.2677975984403,82.5532220462252,87.2838705981626,89.2676372308228,90.7793630676402,92.5686482977292,92.8187888489723,97.5399375676193,101.281222355928,103.450495789807,102.688713790566
Poland,POL,Exports of goods and services (% of GDP),NE.EXP.GNFS.ZS,22.9412276125891,22.06915074659,23.333371604839,25.9486446286709,24.0918862022445,27.1883262545709,27.1873256664978,28.7131224037015,33.3504495061099,34.2354604213308,34.61157158289,37.8209533854919,38.5162878902711,37.8148698127136,37.1422532388258,40.091385195431,42.5738635888214,44.2782744139008,45.9809241739596,46.4887871702835,47.450306399158,50.268318939351,52.0556850585588,52.7480289263233,53.1953356183897
Poland,POL,GDP growth (annual %),NY.GDP.MKTP.KD.ZG,7.10286553831325,6.11554281136426,6.44900307851657,4.64051496169573,4.65489185182125,4.56098540978283,1.2585694606657,2.03586304126273,3.4983912134025,4.98284456986049,3.50683461435921,6.13113645855509,7.06153463356746,4.19998126444942,2.83218405318897,2.93463818052832,5.04218788292943,1.54522157125609,0.85655708060645,3.83695849351797,4.38329863507276,2.95350884167718,5.14001757409446,5.94520847705498,4.44998787878788
Poland,POL,Tax revenue (% of GDP),GC.TAX.TOTL.GD.ZS,22.3691531907494,21.6558577623832,20.9048532096398,20.1527582634248,18.0642817962137,16.9608394579436,16.0559556162897,16.8407587162989,16.7213203769808,15.6896808564224,16.4738069518339,17.1551039758526,18.0865307854768,18.2673691301375,16.0518940981396,16.6209787167589,16.7801313173378,16.0995672579382,15.7477397452712,15.7157205425062,15.7099002430398,16.3205905444891,16.8540957860474,17.3551826329199,17.3364818404434
Poland,POL,Crop production index (2014-2016 = 100),AG.PRD.CROP.XD,109.55,111.29,100.71,113.65,100.6,101.96,104,95.49,87.47,102.08,89.36,81.18,90.34,95.02,99.12,88.3,92.25,96.53,95.66,105.29,92.36,102.35,103.14,93.26,90.08
Poland,POL,"Foreign direct investment, net inflows (% of GDP)",BX.KLT.DINV.WD.GD.ZS,2.57144056019243,2.80910726400044,3.08110951391361,3.65398922423378,4.35627310216002,5.4203783018452,2.9737227016127,2.05505137845445,2.46569940518349,5.43614494792041,3.60644986047873,6.23080046622924,5.83444965844441,2.7312604988756,3.18944564056777,3.8978625150589,3.49159065910336,1.44982985839618,0.199510644759976,3.79442419931881,3.26925821989901,3.77639841064939,2.28708684140999,3.2616605298695,2.9559180510572
Poland,POL,Fuel exports (% of merchandise exports),TX.VAL.FUEL.ZS.UN,8.17709872782338,6.86770808616661,6.68656750730652,5.48218363305934,4.97804143150805,5.18695811433877,5.76866532694854,5.05911451764353,4.37491050696475,5.46211818637387,5.11885167926726,4.48052463399187,3.80069037569469,4.25109702767544,3.08375092897727,4.15472424869973,4.90163237623958,4.99907074685297,4.69900703686589,4.1379157284687,3.30871603888815,2.55309338877162,2.54767073398979,2.59802361348933,2.23921588032246
Portugal,PRT,Trade (% of GDP),NE.TRD.GNFS.ZS,59.9144721620053,60.2098050471666,62.3049515024583,63.8308988570361,63.3143298172237,67.4529979863247,65.0919551771122,62.3082594169772,61.1389474883653,63.2045936670279,62.944504560452,68.5470531182009,69.9461175817991,72.0757429221604,61.4926935267759,67.7832954557811,73.0995439986029,76.0508388667084,78.1144346199064,80.2823078763457,80.4908943813068,79.2742296253386,84.4391405215721,86.4287609308408,86.5647174091784
Portugal,PRT,Exports of goods and services (% of GDP),NE.EXP.GNFS.ZS,26.7697318737852,26.5484648796224,27.1541447475915,27.3316272273762,26.4819747246951,28.2046205938904,27.4373261135265,27.0733622325977,27.3671918978917,27.6670515552519,27.0841675459537,30.3574044411002,31.1941845713373,31.2610790783868,27.2937427180784,30.0693089249393,34.4548615994609,37.7780148210557,39.6065049729616,40.2159680026703,40.6151154462762,40.2108236358286,42.7242663980773,43.4457190264876,43.5084218458323
Portugal,PRT,GDP growth (annual %),NY.GDP.MKTP.KD.ZG,4.28278045950353,3.50424706916527,4.40086775381248,4.80796297573329,3.90657744002579,3.81617806346979,1.94367229584959,0.770924024291219,-0.930521192623061,1.78873568157121,0.78184821592744,1.62503417629674,2.50657964551773,0.319247925063081,-3.12207942033321,1.73762547590566,-1.69616478061504,-4.05729360769561,-0.922644674527888,0.792190301875365,1.79204604555983,2.01948539561312,3.5063452848124,2.84932593436179,2.68275992118076
Portugal,PRT,Tax revenue (% of GDP),GC.TAX.TOTL.GD.ZS,19.6949300211616,20.5167584296485,20.2643012437292,20.4126590462484,20.9342559555524,20.878403516053,20.5140417261913,20.8275027173337,19.8811705721049,19.9795277963797,20.5819283914578,21.125162349927,21.347297115583,21.0468267379946,19.0577021012005,19.6428094106757,21.1333391229728,20.7701624039787,22.6620920858294,22.647399066455,22.7887191054273,22.3319932476097,22.3705879762207,22.6533467082473,22.2011920067777
Portugal,PRT,Crop production index (2014-2016 = 100),AG.PRD.CROP.XD,94.56,103.75,91.4,79.16,100.15,86.08,87.94,88.92,87.63,95.95,83.12,90.77,82.13,84.46,90.44,93.2,86.56,86.33,93.64,92.9,111.64,95.46,116.56,101.73,117.83
Portugal,PRT,"Foreign direct investment, net inflows (% of GDP)",BX.KLT.DINV.WD.GD.ZS,0.579546715045669,1.28145373512429,2.31647209170027,4.89835270210409,0.581077558591109,6.14861920837231,5.02761444190449,0.436137292252841,6.26697257909762,1.312247289237,1.70741232717781,6.41633004152,2.50093088549299,2.96833288382339,2.28302623497813,3.76582354484867,4.00667322712703,9.89545643445142,6.95356286592108,5.23954143073201,0.636936823177551,3.56292563262165,4.82650295326736,3.23799499125135,4.30025203399647
Portugal,PRT,Fuel exports (% of merchandise exports),TX.VAL.FUEL.ZS.UN,3.19455818573621,2.41517761103506,2.30365324943041,1.60252505870759,1.82905338289175,2.55282526083357,1.8764147374143,1.96287146335663,2.43742039737605,2.39441970699357,4.06601200793367,5.29460541224119,4.50288798565585,5.55294244731062,4.85933046059872,6.40958476127026,7.17046947947273,8.31755836830232,10.406916246067,8.35936140737731,7.65643933312187,6.2474425889393,7.16639153411767,6.89396581089387,6.09256453662211
Puerto Rico,PRI,Trade (% of GDP),NE.TRD.GNFS.ZS,99.9544379459526,92.6434195576681,94.0796549047141,96.272630457934,104.080496533601,106.169512072581,109.88564971882,106.32948683044,118.84015748242,117.000863757497,113.744794728395,117.728477994388,117.595779058079,116.277994389108,105.262196842682,104.153228306599,108.558400106824,103.311186552821,104.89224011713,102.385456504805,108.880634192821,110.274045470098,113.131649032582,106.001103428056,107.571456836722
Puerto Rico,PRI,Exports of goods and services (% of GDP),NE.EXP.GNFS.ZS,55.833036773157,50.604273167885,49.6955208225183,55.9713717311561,60.340934631144,62.341293122729,67.7674964310691,65.8614840101363,73.7367595292633,68.5739714691732,67.3819013968444,68.8832975340974,67.0330992632605,68.297819398479,63.0868096479142,62.6716662617794,64.0527265606861,57.4525819969123,60.8699853587116,60.8216247030137,67.1949349700848,68.7581646726416,68.7237240865963,59.9538818579193,60.5788840862048
Puerto Rico,PRI,GDP growth (annual %),NY.GDP.MKTP.KD.ZG,4.54898810603508,2.31370750870583,4.88008720930233,5.53072561179826,5.38969992777254,3.2719645286232,6.3134715546886,0.916459383541564,0.0534198046896961,8.74867692653547,-1.98693873332242,-1.40941402442895,-1.16280669029354,-1.8441342497794,-1.9524251417231,-0.413254118484915,-0.358510628287519,0.0292751104899338,-0.306826657099961,-1.19036345385329,-1.04944365110551,-1.26300292505279,-2.88595475858821,-4.36060606060606,1.67506310530929
Puerto Rico,PRI,Tax revenue (% of GDP),GC.TAX.TOTL.GD.ZS,..,..,..,..,..,..,..,..,..,..,..,..,..,..,..,..,..,..,..,..,..,..,..,..,..
Puerto Rico,PRI,Crop production index (2014-2016 = 100),AG.PRD.CROP.XD,125.66,124.37,117.71,122.9,85.26,121.6,115.36,115.12,126.97,137.01,110.65,110.9,113.23,110.63,108.79,105.07,103.61,102.26,101.49,93.95,104.97,101.08,99.17,100.53,100.47
Puerto Rico,PRI,"Foreign direct investment, net inflows (% of GDP)",BX.KLT.DINV.WD.GD.ZS,..,..,..,..,..,..,..,..,..,..,..,..,..,..,..,..,..,..,..,..,..,..,..,..,..
Puerto Rico,PRI,Fuel exports (% of merchandise exports),TX.VAL.FUEL.ZS.UN,..,..,..,..,..,..,..,..,..,..,..,..,..,..,..,..,..,..,..,..,..,..,..,..,..
Qatar,QAT,Trade (% of GDP),NE.TRD.GNFS.ZS,87.6679520311654,83.5092210549861,84.4470388418955,91.0581255555736,85.7329697856399,89.6126597159917,94.968671679198,88.4697236252199,90.1649486943021,90.3724288385622,94.7455441696331,98.570919313572,96.1141057101106,89.4328416546905,80.1441629727012,86.070289953093,98.7216386905895,105.746294425841,102.383208106327,99.0343747414317,93.7076041736357,89.5476001199351,91.4945879195194,91.838448978201,90.0463755501859
Qatar,QAT,Exports of goods and services (% of GDP),NE.EXP.GNFS.ZS,44.3386681431189,43.7257421678112,48.2808096120086,51.095630938074,60.0407882778036,67.2833585991399,65.8928571428571,60.3427728278758,61.6975823867948,64.1682249463259,65.0850448205021,62.8177301668238,60.2773718602663,61.3623526215314,51.1348760906328,62.3196825992819,72.6197091415413,76.4724190759864,72.7178350242963,67.9981181320016,57.061477766584,47.7138414909054,52.889422628417,55.9418631716143,52.1888599272409
Qatar,QAT,GDP growth (annual %),NY.GDP.MKTP.KD.ZG,..,..,..,..,..,..,3.89818666233907,7.18215168021513,3.71995867654906,19.2189153397893,7.49275848279068,26.1702456703032,17.9856568160263,17.6635563626089,11.9565611289086,19.5923315337859,13.3751764107929,4.73001184360784,5.55604064306607,5.33432329196459,4.75334572438737,3.06419188430156,-1.49760470227838,1.23487220191065,0.688240959581748
Qatar,QAT,Tax revenue (% of GDP),GC.TAX.TOTL.GD.ZS,..,..,..,..,..,..,..,..,..,..,..,..,..,..,..,..,..,..,..,..,..,..,..,..,..
Qatar,QAT,Crop production index (2014-2016 = 100),AG.PRD.CROP.XD,66,72.35,97.83,75.92,81.27,83.26,58.68,61.18,55.26,59.7,63.12,77.12,87.23,80.74,76.93,82.6,80.57,81.38,103.02,99.22,100.26,100.52,101.36,122.68,128.76
Qatar,QAT,"Foreign direct investment, net inflows (% of GDP)",BX.KLT.DINV.WD.GD.ZS,1.1496806582902,3.74055930799852,3.70275559465097,3.38647719168747,0.913812595597526,1.4166754317916,1.68498245557018,3.22210544185347,2.65541575666974,3.77817958307362,5.61413033419499,5.74881210770224,5.89621991232182,3.27806417321579,8.30764131159765,3.73261155950836,0.559389051318707,0.21188872224358,-0.422882595917482,0.504491036758769,0.662099304441699,0.510044137883475,0.612038723345893,-1.19249695201383,-1.59472537646872
Qatar,QAT,Fuel exports (% of merchandise exports),TX.VAL.FUEL.ZS.UN,81.958845691478,84.8048319599443,..,86.1414442304704,90.1336527805415,91.2266807875303,92.4309598570321,89.3048817670036,92.3240924687122,87.601550193793,85.0601617861359,90.8536097539166,90.657961505625,92.0990432261148,73.9077903042904,92.5548513080755,92.9962018469401,88.0489136744168,89.9813548660954,87.8136789876161,83.6583736058125,85.0429975482696,87.5565130224043,86.1296391093726,88.8105651715138
Romania,ROU,Trade (% of GDP),NE.TRD.GNFS.ZS,56.291225396158,60.7813693722174,63.205242332383,53.838795710082,57.9736750449875,48.5213253850786,51.9285910211481,53.7102478139376,56.1795270470243,60.6264786669408,59.3605494490555,61.6836259265159,63.5051566734658,65.1748146561928,58.4728337688248,69.833231637408,76.142606827993,76.5392333462156,81.4016211768502,83.3787079346797,83.5211627751621,85.8939786447949,87.1561566741587,86.470670301064,84.5030610232464
Romania,ROU,Exports of goods and services (% of GDP),NE.EXP.GNFS.ZS,25.6300423094106,26.4574936115282,28.1971443249242,23.0154805621533,26.6618172055494,21.58888431382,22.105963469215,24.0130293587441,24.2127350487918,25.743936265036,24.5352206061523,24.7712264990404,24.710829049515,26.1553446185183,26.0236122287219,31.6737927842346,35.2683985256895,35.7515194311254,40.2473452860967,41.4784854122525,41.3494837368548,42.4170514032136,42.3343189454166,41.5417472926055,40.2001946616386
Romania,ROU,GDP growth (annual %),NY.GDP.MKTP.KD.ZG,6.23351148371351,3.90770208816159,-4.8490627379703,-2.02981290571721,-0.376660705758994,2.4612634592269,5.21813625673708,5.70299165043771,2.34114732919521,10.4281130180976,4.6681480508487,8.02881107599163,7.23380774362805,9.30746717077338,-5.51739440805439,-3.90123628018621,4.51708696433914,1.92499326240754,0.269963878633803,4.12067496319813,3.16050387041089,2.8575460568877,8.19650650309624,6.02901904128214,3.85316383348211
Romania,ROU,Tax revenue (% of GDP),GC.TAX.TOTL.GD.ZS,17.4020445168581,16.1077302703794,17.0360116234838,17.7360387162672,17.0566189702212,17.962709479419,16.6334160764758,16.4891000614035,17.7747637527772,17.4212661578016,17.4680569291356,17.9470572343657,17.5395257265186,16.785344992707,15.2728301522864,16.242680715695,17.2163031100132,17.1572139397977,17.7614605632748,17.9398316340657,18.918308998916,17.1121251976423,15.5866638594668,14.3833546771803,14.560555204924
Romania,ROU,Crop production index (2014-2016 = 100),AG.PRD.CROP.XD,91.17,84.98,95.35,79.87,88.16,69.59,90.9,78.79,86.76,112.88,90.82,89.59,59,88.13,84.5,88,103.24,71.25,101.65,104.98,94.2,100.82,123.9,132.87,123.84
Romania,ROU,"Foreign direct investment, net inflows (% of GDP)",BX.KLT.DINV.WD.GD.ZS,1.11941807479042,0.712021742757537,3.41529919490512,4.87096009208894,2.89543420938062,2.78361317174685,2.8642076020901,2.48342020141655,3.18995908035532,8.59368512961184,6.60067175776297,9.02006052535516,5.78679016158104,6.37738085729878,2.66377050602034,1.89010749124935,1.23049331528815,1.70128984181448,2.0311051461809,1.93737110683172,2.42727525353942,3.37423267176164,2.83273373825997,3.01811604066556,2.93423089654186
Romania,ROU,Fuel exports (% of merchandise exports),TX.VAL.FUEL.ZS.UN,7.91292202922913,7.34452350382924,6.11054330283464,4.69599080551255,4.8647455837225,7.16272020298794,6.206081416544,7.90898665930851,6.47394621001543,6.72753084722976,10.6421419156508,9.98308648469886,7.53962745671053,8.93544041712786,5.89456207294194,5.30027024365568,5.49644320283291,5.52974013515212,5.21153593145803,5.99419923728229,4.46156773088773,3.59956212321768,3.76905997733512,4.09581018076912,3.78369321514142
Russian Federation,RUS,Trade (% of GDP),NE.TRD.GNFS.ZS,55.1829054657257,47.922500819419,47.2569214100748,55.7722532849766,69.393281498812,68.0939070373555,61.1108586644206,59.6454457319607,59.1282690076014,56.5818523984055,56.7132484905422,54.733401867266,51.7061227454606,53.3824660408908,48.4350610278181,50.3555054872589,48.0353994077919,47.1513903857957,46.287149400499,47.8013412628116,49.3593493116887,46.5181198396096,46.8765243371311,51.5809003703964,49.2287536619033
Russian Federation,RUS,Exports of goods and services (% of GDP),NE.EXP.GNFS.ZS,29.2890113495619,26.0729881302908,24.7298415292289,31.22120547318,43.2199685128244,44.0604413055146,36.8934935960337,35.2125940630626,35.2499817757806,34.4178910554597,35.2030659651181,33.7304754439762,30.164060484537,31.3095603335689,27.9381012041521,29.2155607849758,28.0553614798549,26.9073203393663,25.845336826255,27.1110970517525,28.703389442924,25.8544829769167,26.0908809797568,30.7932568020743,28.4334306799759
Russian Federation,RUS,GDP growth (annual %),NY.GDP.MKTP.KD.ZG,-4.1435284052602,-3.7550694383594,1.3999158052963,-5.2999616266239,6.39991469144101,10.0000668136515,5.10005122572568,4.69999190914258,7.29995234528189,7.19994786954857,6.39996544799469,8.20006825456321,8.49997776916511,5.19996926404957,-7.79999391271275,4.49999999920672,4.30002918567749,4.02408615746921,1.75542214874298,0.736267221765672,-1.97271922580408,0.193690071260534,1.82579006401834,2.80724541059601,2.19807571335009
Russian Federation,RUS,Tax revenue (% of GDP),GC.TAX.TOTL.GD.ZS,..,..,..,..,11.2428726496447,13.7255344540838,15.778699595813,13.6349660680486,13.3140302043711,13.2340253899051,16.6229096832565,16.5682157586489,16.5513130624161,15.8180678239761,12.9563524123295,13.048348846076,13.9542036796753,13.7546730412872,12.933492451261,13.2553613046452,10.6420948088217,9.18312209969854,10.2884056740183,11.4687676015317,10.938399737976
Russian Federation,RUS,Crop production index (2014-2016 = 100),AG.PRD.CROP.XD,66.6,67.3,74.88,52.4,56.93,63.36,70.94,72.14,66.54,71.94,74.37,75.2,76.2,89.66,85.65,61.78,92.23,77.84,90.73,96.87,99.64,103.49,110.09,103.57,111.49
Russian Federation,RUS,"Foreign direct investment, net inflows (% of GDP)",BX.KLT.DINV.WD.GD.ZS,0.522256838168622,0.658454456416548,1.20135889262562,1.0191194251039,1.6622825455164,1.03116111575235,0.928663004211825,1.00553594478556,1.84237888462157,2.60618528064118,2.02980703784767,3.7977120943899,4.29895594841933,4.50269424864822,2.99212552042529,2.8308286983175,2.69236118071968,2.29079869889368,3.01940211363344,1.0698764102333,0.502607961400285,2.54849998807899,1.81409297475419,0.530060790633169,1.88851731564914
Russian Federation,RUS,Fuel exports (% of merchandise exports),TX.VAL.FUEL.ZS.UN,..,43.1222213192119,46.5695638916281,38.9882468378703,41.7695730347058,50.6010783794118,51.8103660490427,52.4883815852667,54.5075199017182,54.6966789645053,61.7805796867657,62.8821173688846,61.4635425789649,65.6784005422627,63.0130269894952,65.6482925992393,67.028076569532,70.2890584289155,70.5594810320243,69.5250946236846,62.8369478990481,48.291548108568,49.1248783758441,52.6808355618333,51.9517105308961
Rwanda,RWA,Trade (% of GDP),NE.TRD.GNFS.ZS,30.9721731494864,32.2300658207659,33.4674605100182,28.7944635910011,27.3317480875022,27.4833057162418,29.1972026109882,27.6079822730283,29.3090266391928,33.4595851033598,34.2144415639009,33.219520610767,35.9688571601808,37.6017941253198,36.8028976672117,37.2761039732594,39.7127695658254,40.5371365264533,42.6892455528019,43.8984671876578,45.1974238683984,49.4803676427411,53.6752716384763,55.7936853700085,57.9923275443865
Rwanda,RWA,Exports of goods and services (% of GDP),NE.EXP.GNFS.ZS,5.15079191273105,6.0313700208094,7.79733936179779,5.5850635761597,5.41246236429282,5.37689888175585,7.26859732266962,6.1803661591169,7.77622277869734,10.3928912335415,10.6873120781401,10.882781994951,13.6670087558359,11.2719530951874,10.3667077113707,10.7419698118849,12.6578177899776,11.9931784086427,13.4911935976879,13.8673172654081,13.2304588836026,15.4203903772045,20.5283852817577,21.1116313346506,21.8317213997589
Rwanda,RWA,GDP growth (annual %),NY.GDP.MKTP.KD.ZG,35.2240783107349,12.7456957629157,13.8497524818674,8.85866949394443,4.35188832402301,8.37087690291203,8.48458456714857,13.1920711712301,2.20238023793651,7.4476652712637,9.37789810334868,9.22708188550291,7.63329531536156,11.1612547277409,6.24826072258014,7.33464808968141,7.95839412691809,8.64151339688839,4.71985027083323,6.16716724466386,8.85684199832404,5.97075620427256,3.92887558562897,8.53615837521969,9.46228643043381
Rwanda,RWA,Tax revenue (% of GDP),GC.TAX.TOTL.GD.ZS,..,..,..,..,..,..,..,..,..,..,..,..,..,..,..,..,..,..,..,12.9463717828084,13.2925536425203,14.4148274162907,13.4513717050534,14.2521513552349,14.6095552349215
Rwanda,RWA,Crop production index (2014-2016 = 100),AG.PRD.CROP.XD,52.24,58.9,63.2,70.07,75.6,83.49,81.92,100.55,91.48,90.63,97.32,99.97,100.54,102.13,115.93,110.47,118.54,130.02,134.66,98.37,99.68,101.95,117.39,112.17,127.77
Rwanda,RWA,"Foreign direct investment, net inflows (% of GDP)",BX.KLT.DINV.WD.GD.ZS,0.154615043337175,0.160597843045858,0.139882176199571,0.356901647965638,0.0806585996810074,0.391501937458497,0.940652488806197,0.0762927218626588,0.219795172119263,0.323986425141541,0.271302061099159,0.923018189784476,2.02132880084522,1.97462347225644,2.09113852606204,3.52954964846036,1.62846061038429,3.52187005727514,2.98902340187681,3.81075324941946,1.89691042635336,3.21693976466846,2.96153575320215,3.80015204201567,2.54363065684298
Rwanda,RWA,Fuel exports (% of merchandise exports),TX.VAL.FUEL.ZS.UN,..,0.177545914537735,0.129846470802165,..,0.00185901774874223,..,0.00711314011479816,0,0,0.0207021893929761,0.0126880307428849,0.00416015534860654,0.0107732293468366,0.239934257663276,0.0536388840609877,0.0684734450545245,0.0358053478768208,0.0183622895975197,0.106275401403098,0.200175871031657,0.134400288536825,0.0716792615878137,0.0762331071262711,0.315761583690096,1.91424345145403
Samoa,WSM,Trade (% of GDP),NE.TRD.GNFS.ZS,..,..,..,..,..,..,..,87.9199711386734,76.272148769255,72.5293703149674,76.2247442670718,82.4691938417408,83.2022041824641,73.8864270586579,75.9793921615973,78.5698014840568,81.6009536089783,82.7339808001252,77.8777520191543,80.5007764245463,74.6343545643839,75.2118171706314,74.011085031494,78.9349676190658,83.3310820410377
Samoa,WSM,Exports of goods and services (% of GDP),NE.EXP.GNFS.ZS,..,..,..,..,..,..,..,34.1788114529593,31.0961805509509,29.0656121898961,28.535554984814,29.6137697677932,29.2106150610739,27.86241523118,27.9967668033599,27.7154248596661,28.3934227631053,26.2446928135406,28.1006545178566,27.5922590772796,27.1409446818018,28.7780200010057,29.6622775974347,31.9656764793989,35.0333318895078
Samoa,WSM,GDP growth (annual %),NY.GDP.MKTP.KD.ZG,6.6736431464967,7.17896881783187,0.643425004323134,2.19488971786478,2.18543437397388,5.09304469244418,7.39012906172989,5.65195919890348,5.21262892634149,3.0872602379675,6.63920361300734,2.13212714677351,0.485982550017255,3.55610467395,-0.541677601834593,6.1247199226125,3.84907794660396,-3.73213020890266,0.107293276488932,0.659923768782861,3.8503618166494,7.9838628784713,1.40628239971301,-0.609647103380141,4.45185891688691
Samoa,WSM,Tax revenue (% of GDP),GC.TAX.TOTL.GD.ZS,..,..,..,..,..,..,..,..,..,..,..,..,..,..,..,..,..,20.5386088005112,22.6941862778156,23.6829224198467,22.5386594198963,22.9707859903819,23.4823252669739,23.7807827619909,24.4273775878118
Samoa,WSM,Crop production index (2014-2016 = 100),AG.PRD.CROP.XD,91.36,96.42,99.82,103.95,99.42,102.98,106.06,109.65,110.82,110.72,113.31,112.16,111.06,114.54,122.26,122.73,126.91,127.21,128.82,128.58,87.22,84.19,82.32,81.42,80.08
Samoa,WSM,"Foreign direct investment, net inflows (% of GDP)",BX.KLT.DINV.WD.GD.ZS,1.52980175274357,0.464171018582989,7.00234992673095,1.11323349425146,-0.281321257312714,-0.466207324709184,0.531202391202045,0.567586545949433,0.817062613503672,0.60844907406956,0.78935616966683,4.3862032048739,1.18938989753826,7.15667986967315,1.57134083023162,0.0494567694984386,2.0416002953816,2.69957638721685,1.72885382959683,2.86810154101309,3.26002743040369,0.298684612802243,1.04146807605773,1.90261035583233,-0.238656491573745
Samoa,WSM,Fuel exports (% of merchandise exports),TX.VAL.FUEL.ZS.UN,..,..,..,..,..,..,0.175210561062137,0.730761730849719,0.486557905447871,0.28703178042822,0.488165345312677,0.772258106267942,0.33309207155733,0.15989845885989,0.0711542909915566,0.0035772967375037,0.00393270330163956,0.0127897540235653,0.517216883804058,0.0182051517534925,25.2875140647282,21.4866855365958,29.0627630663918,25.7175192762981,24.7229883812226
San Marino,SMR,Trade (% of GDP),NE.TRD.GNFS.ZS,..,..,..,..,..,..,..,..,..,..,..,..,..,..,..,..,..,..,..,..,321.364013415177,320.146089051718,313.850323759464,309.48795642875,307.264778085553
San Marino,SMR,Exports of goods and services (% of GDP),NE.EXP.GNFS.ZS,..,..,..,..,..,..,..,..,..,..,..,..,..,..,..,..,..,..,..,..,174.452680950641,173.068169215678,168.778681330056,166.597497665141,163.997239166731
San Marino,SMR,GDP growth (annual %),NY.GDP.MKTP.KD.ZG,..,..,..,7.4656188605108,9.04936014625228,2.17937971500419,5.57834290401968,0.310800310800303,3.87296669248644,4.5488441461596,2.42510699001426,3.83008356545962,7.10932260228034,-0.500939261114581,-10.3209565764632,-5.47368421052632,-8.3147735708983,-7.04453441295546,-0.78397212543554,-0.702370500438988,2.29150556145005,2.34440586406082,0.258265466508817,1.49390531809983,2.06568514501689
San Marino,SMR,Tax revenue (% of GDP),GC.TAX.TOTL.GD.ZS,..,..,..,..,..,..,..,18.098258600823,16.905495491106,15.9250983814358,16.9350938885794,17.2225010598291,17.6382630770194,17.6709153176255,16.9391091898649,15.5920229527836,16.1530355640829,18.0162574059247,17.0662396360759,18.3455831253968,17.8902228814898,16.6895193622923,16.4688470029844,17.9568167645725,16.9127343335794
San Marino,SMR,Crop production index (2014-2016 = 100),AG.PRD.CROP.XD,..,..,..,..,..,..,..,..,..,..,..,..,..,..,..,..,..,..,..,..,..,..,..,..,..
San Marino,SMR,"Foreign direct investment, net inflows (% of GDP)",BX.KLT.DINV.WD.GD.ZS,..,..,..,..,..,..,..,..,..,..,..,..,..,..,..,..,..,..,..,..,..,..,..,..,..
San Marino,SMR,Fuel exports (% of merchandise exports),TX.VAL.FUEL.ZS.UN,..,..,..,..,..,..,..,..,..,..,..,..,..,..,..,..,..,..,..,..,..,..,..,..,..
Sao Tome and Principe,STP,Trade (% of GDP),NE.TRD.GNFS.ZS,..,..,..,..,..,..,..,..,..,..,..,..,..,..,..,..,..,..,..,..,..,..,..,..,..
Sao Tome and Principe,STP,Exports of goods and services (% of GDP),NE.EXP.GNFS.ZS,..,..,..,..,..,..,..,..,..,..,..,..,..,..,..,..,..,..,..,..,..,..,..,..,..
Sao Tome and Principe,STP,GDP growth (annual %),NY.GDP.MKTP.KD.ZG,..,..,..,..,..,..,..,3.360188168222,8.29151946119818,3.5379059435684,6.61462475033599,8.86610935944026,3.64147185166024,6.2287850696102,3.30241414342119,1.44843400467023,1.99944950903044,2.94292216030307,5.11970088264353,4.90620987261865,1.53969216893665,5.17682174955398,4.11296860682981,4.37813939939196,2.01431934293439
Sao Tome and Principe,STP,Tax revenue (% of GDP),GC.TAX.TOTL.GD.ZS,..,..,..,..,..,..,..,..,..,..,..,..,..,..,..,..,..,..,..,..,..,..,..,..,..
Sao Tome and Principe,STP,Crop production index (2014-2016 = 100),AG.PRD.CROP.XD,72.86,84.96,99.96,105.26,107.66,108.93,113.37,113.82,114.5,106.62,109.02,108.74,107.94,103.85,105.45,103.33,101.26,103.29,112.44,106.54,88.87,104.59,110.39,106.53,105.25
Sao Tome and Principe,STP,"Foreign direct investment, net inflows (% of GDP)",BX.KLT.DINV.WD.GD.ZS,..,..,..,..,..,..,3.94990814037949,4.22678714274198,3.3305327757187,3.05544616526837,11.4796071529221,26.6263783885012,24.156401012097,42.0928084101522,7.72419866486855,26.6286088078235,14.1981181119688,9.79700699460406,4.55447319839345,9.03727468460171,10.7400374911446,7.98279155418218,10.6236604862763,6.17598418618007,5.85791807167711
Sao Tome and Principe,STP,Fuel exports (% of merchandise exports),TX.VAL.FUEL.ZS.UN,..,..,..,..,..,..,..,..,0.0053100808112838,..,..,..,0,0,0,..,0,0.746417733973855,..,..,..,..,0.000757389924498639,0.003813919764725,..
Saudi Arabia,SAU,Trade (% of GDP),NE.TRD.GNFS.ZS,65.0417718614576,66.6538645656656,65.1881023377676,56.0884070964064,57.8460583580638,68.1664571131717,63.5606120791811,64.5927791589933,69.8311959767982,75.0827990213386,81.9540531457672,89.944604149645,94.8633003606104,96.1026422204037,84.8583351130711,82.5497617848625,84.8614036714074,82.8503942182254,81.9172099141101,79.5616685616254,69.5038838593918,59.9054606223979,61.8143105987526,61.9555891418504,60.1981894249545
Saudi Arabia,SAU,Exports of goods and services (% of GDP),NE.EXP.GNFS.ZS,37.3378669956351,40.0228476637859,39.1586191817063,29.6323894498705,34.6664767052377,43.4052743238079,39.6337119317425,40.9487917016753,45.8541657792081,50.9853055272008,57.050727121086,59.8319078938109,59.9374295648879,62.1115093661855,47.0886170746045,49.5697303051419,55.6022821332773,53.8410201667055,51.4209008030544,46.2481972226727,32.5639254331113,30.1591759400189,33.5657513454235,37.1985130372044,34.0891908248141
Saudi Arabia,SAU,GDP growth (annual %),NY.GDP.MKTP.KD.ZG,0.21209134494562,2.63742421534523,1.1037820522773,2.89336252087628,-3.76328521809337,5.62541614593002,-1.21074386842668,-2.81917440263172,11.2420613854121,7.95844166576319,5.57385012169573,2.7884022241319,1.84713025491796,6.24977275215683,-2.05924918904591,5.03949288842378,10.9937616282548,5.42739426611276,2.85034299106097,4.02765121507389,4.69014507334364,2.36307457927667,-0.0696980156093616,2.76224373755605,0.832280326830841
Saudi Arabia,SAU,Tax revenue (% of GDP),GC.TAX.TOTL.GD.ZS,..,..,..,..,..,..,..,..,..,..,..,..,..,..,..,2.52961290712729,2.31337079014662,2.5183168716735,2.70775435426599,2.73430351316825,3.25862717763429,3.28276340889615,3.25981620899758,8.29249673922216,6.99777771284441
Saudi Arabia,SAU,Crop production index (2014-2016 = 100),AG.PRD.CROP.XD,117.18,109.42,116.72,113.6,106.36,105.82,116.48,121.47,127.48,138.67,139.66,140.02,139.36,136.13,125.94,121.65,122.55,119.44,120.1,84.55,105.05,110.39,136.79,139.54,152.11
Saudi Arabia,SAU,"Foreign direct investment, net inflows (% of GDP)",BX.KLT.DINV.WD.GD.ZS,-1.30781854002011,-0.710607445331848,1.8314056587307,2.91838130051853,-0.481664352336237,-0.992569220256364,0.0106659415433991,-0.323899872195079,-0.271772873859544,-0.129209660643077,3.68304949702017,4.85358629504128,5.84630542849335,7.59063322198584,8.49635170154043,5.53432463883562,2.41020493893841,1.64216129683754,1.1759000221707,1.0450984238958,1.21601442747733,1.11899920113429,0.198441138618105,0.501675968932283,0.544093215724094
Saudi Arabia,SAU,Fuel exports (% of merchandise exports),TX.VAL.FUEL.ZS.UN,87.6013886956304,89.5496566032559,..,85.2961392971962,89.4049029004601,92.2645074235409,89.4709695418731,89.632681945671,89.6778492659469,89.8201774712183,91.041350268177,90.9813789166803,90.171950238549,91.3714832745092,87.8041747949147,87.6208624921467,88.7250786188123,88.6274591343223,87.5705430575713,85.1657914409074,78.4307733758804,77.5498175972453,0,0,..
Senegal,SEN,Trade (% of GDP),NE.TRD.GNFS.ZS,52.7254034277702,46.272432717398,47.2413224036235,48.0986748167655,49.4852621662422,48.680089723263,49.7205780648314,53.1442994641329,50.8212198933376,53.6592031275529,54.9032435689485,54.1362378092613,59.2713043549794,62.7617698176319,52.3072908773365,52.4578551962948,57.5768785989578,61.9753040040375,60.6267663596737,58.4425289760992,58.1103376742017,54.1081692072139,57.7052798455617,61.7898394793183,64.2362506061005
Senegal,SEN,Exports of goods and services (% of GDP),NE.EXP.GNFS.ZS,20.6568594195014,18.0841653941018,18.3329326136605,18.5849659047911,19.0042574130823,17.7641495981977,17.7006801043602,19.6168800518197,18.2180266837333,19.10166287579,19.8066375707013,19.252084644369,20.5543882272223,20.8463012615706,19.3938665528849,19.9812388274952,21.303548885652,22.4743744215738,22.3497423099059,21.7782967413225,22.6771945016724,21.5608580962682,21.9300831477167,22.9490914783308,24.9831341973865
Senegal,SEN,GDP growth (annual %),NY.GDP.MKTP.KD.ZG,5.46858485819628,2.01997720854131,3.04560103485423,5.89847931769205,6.28330825030987,3.88721095816793,4.31085146618369,0.0686965747419066,5.59395094456143,4.64329393683312,4.31023852639633,2.33077098330239,2.82711920133374,3.70316906391386,2.75210448455053,3.39088925336209,1.33409107961258,4.00299555090457,2.41238527605579,6.22407443790986,6.36704365066983,6.35606857208136,7.40748618589598,6.20924103388887,4.6136280976221
Senegal,SEN,Tax revenue (% of GDP),GC.TAX.TOTL.GD.ZS,..,..,..,..,..,..,..,..,..,..,..,..,..,..,..,..,..,..,..,..,15.7743360472944,16.3711764463022,15.9064516552729,16.3782524667298,18.4192836371669
Senegal,SEN,Crop production index (2014-2016 = 100),AG.PRD.CROP.XD,62.07,53.94,49.3,49.08,76.11,73.22,67.82,40.71,61.86,61.58,72.02,56.83,50.1,85.42,94.13,104.7,64.88,78.57,74.26,79.99,114.08,105.93,139.53,166.09,163.8
Senegal,SEN,"Foreign direct investment, net inflows (% of GDP)",BX.KLT.DINV.WD.GD.ZS,0.500667561946633,0.212746510943075,2.95970811733688,1.0929925848965,2.45246449488129,1.35774452423375,0.692757272925305,1.18024440779397,0.986458285223565,1.36534663159615,1.52551294776184,2.47770837743402,2.51145667497291,2.70404739796078,2.05299535843602,1.68778336701059,1.90106996405963,1.5636801956504,1.64581763022307,2.03613121185768,2.30194934655845,2.48110320660753,2.80185380597297,3.66765809010971,4.55247618583037
Senegal,SEN,Fuel exports (% of merchandise exports),TX.VAL.FUEL.ZS.UN,..,22.461950591686,26.5687990619779,18.0209779500385,17.177511201926,14.0224652111931,17.8327877831001,22.9536344852393,20.1132767842961,19.4159848839727,21.0595789242314,0.0256212638117457,19.2664367194943,33.9702380175562,21.8492344378644,20.9065266421233,14.7310775200693,14.2516041589205,16.5051008208846,16.7618632956865,13.8780481897626,10.6879023669804,14.7788672658002,15.7717618687425,19.9087632903172
Serbia,SRB,Trade (% of GDP),NE.TRD.GNFS.ZS,13.3882330828329,29.1463921538169,34.5576722037375,42.2791169751269,26.0575698725657,22.492177408771,56.5478134250637,56.866386898894,61.1703494982451,74.2297740270358,73.0169295534697,76.9079500160153,75.6051952539642,78.679488043902,66.021819804527,76.7311680529264,78.8090391777838,85.4708270968796,87.920271381138,92.2314185257064,97.3957666573256,101.860024969348,107.527719112101,109.494865710998,111.954597500673
Serbia,SRB,Exports of goods and services (% of GDP),NE.EXP.GNFS.ZS,5.16568939071012,11.2168804576883,13.5249273584701,18.7252631045025,10.7421951880775,8.78303735272921,20.6874217630785,20.0941937439442,23.1460094418904,25.1366019250236,27.9649784834008,29.4419446624093,27.2898247688573,28.4431400741434,26.3477784652746,32.2556122500305,33.0018249483579,35.8448069778677,39.8515049086914,42.0775289604243,45.1772418040017,48.5170935445558,50.4715286434326,50.4345612977047,51.0109231509171
Serbia,SRB,GDP growth (annual %),NY.GDP.MKTP.KD.ZG,..,6.26408264292986,7.2073798394178,3.3408773579261,-9.4241616060844,6.13181308953254,6.87877476506638,6.38040530400453,4.38775702299594,9.02819692829154,5.53034712145433,5.10779014122984,6.43952555416212,5.6555766215919,-2.73175198917728,0.73104455254213,2.0362766886403,-0.68154236933475,2.89263673355808,-1.58951031990257,1.80605926509682,3.33858676542988,2.10116384741241,4.4951212927627,4.33173490608283
Serbia,SRB,Tax revenue (% of GDP),GC.TAX.TOTL.GD.ZS,..,..,..,..,..,..,..,..,..,..,..,..,21.3021144678086,21.1478438150125,20.0048064707481,20.2292670544804,19.0547409429858,18.5525002126608,20.8387384343401,21.9701414004315,22.3552132868459,23.2899150584378,24.068038298589,23.5981870443934,24.0497349284773
Serbia,SRB,Crop production index (2014-2016 = 100),AG.PRD.CROP.XD,..,..,..,..,..,..,..,..,..,..,..,97.6,85.48,100.08,104.39,99.66,102.1,74.42,98.25,98.77,92.07,109.16,86.02,107.24,108.25
Serbia,SRB,"Foreign direct investment, net inflows (% of GDP)",BX.KLT.DINV.WD.GD.ZS,..,..,..,..,..,..,..,..,..,..,..,..,10.2457521056537,7.77058852051005,6.48591448744733,4.04895225075509,10.0095789398861,2.94472813454546,4.25525297815994,4.248715709604,5.90867133839822,5.78781171105959,6.55200660992173,8.04076178686372,8.28646410409572
Serbia,SRB,Fuel exports (% of merchandise exports),TX.VAL.FUEL.ZS.UN,..,2.12200808262573,1.95727599776042,2.73035224557089,2.38372375310051,0.255219813841744,2.63905877065734,3.40802673811775,..,2.40451085264827,3.65981095135982,3.50689025126194,2.62105665377349,..,..,..,..,..,..,..,..,..,..,..,..
Seychelles,SYC,Trade (% of GDP),NE.TRD.GNFS.ZS,53.3925777094071,98.0553434635995,76.647187022948,78.9739492859688,88.3643279187233,151.302447835167,179.884914877473,156.9298895573,168.844235034216,149.54093675029,171.101735954764,177.56693551462,174.928462798259,208.842968505327,221.891390788899,198.101860007734,210.009692779745,222.081862503577,196.429267215963,213.159120640954,192.996805094437,194.447400625155,216.236610685273,208.691246429047,196.972328714042
Seychelles,SYC,Exports of goods and services (% of GDP),NE.EXP.GNFS.ZS,10.3150676680143,27.3117170080515,19.8102552473618,19.7999560140923,22.9336832471045,74.3224695850101,82.5137647126717,76.6793001313966,87.528383299959,72.881704642054,77.107535101306,83.0810386236547,86.8437263258592,98.1354103896525,105.366758218882,91.3389030256219,97.930124831111,103.002519717997,94.660399379271,98.9597163028761,92.7396852303217,91.761004282631,102.849875694649,97.8178448525991,93.5458627871567
Seychelles,SYC,GDP growth (annual %),NY.GDP.MKTP.KD.ZG,0.485036699253456,9.99794595219808,12.193641751411,2.4674409352512,1.87200510893879,4.25319834931828,-2.27116288552982,1.21283290259314,-5.88712848764477,-2.8504539768538,9.0057617374238,9.40612855732827,8.87606645570879,-2.72594626154864,-2.47937594726137,4.50513204312067,9.5097833517957,3.1106784939243,1.25373496242949,4.0636918123521,4.19458692437438,5.10482682890945,2.78671033812937,3.70668006027121,4.87698566447115
Seychelles,SYC,Tax revenue (% of GDP),GC.TAX.TOTL.GD.ZS,25.9736557691361,25.3182096721425,25.3436766978578,24.8466651315736,25.5816131823445,24.5127813836835,..,..,..,..,25.6585989027018,23.2079124270583,22.3072095857786,22.084701660805,25.1328843626305,27.5116423052441,31.6865083869496,29.5575287179753,28.1333013667108,29.1159275241246,29.3021461652399,30.9923089559067,31.9562550564698,32.4801701291455,32.211262557282
Seychelles,SYC,Crop production index (2014-2016 = 100),AG.PRD.CROP.XD,144.58,152.01,141.47,133.73,126.94,119.52,119.89,118.02,109.53,107.56,98.9,99.88,95.3,93.22,86.62,84.25,88.74,94.89,93.19,99.25,101.71,99.04,100.15,103.1,100.97
Seychelles,SYC,"Foreign direct investment, net inflows (% of GDP)",BX.KLT.DINV.WD.GD.ZS,8.48557775386518,5.3830836436149,8.91512880316029,8.2204242534424,8.33034350115746,3.71851665514147,9.77854727943918,6.42979491804749,7.78128204836837,4.25692407405115,8.25542388019619,12.997071189638,16.3299180561318,18.3570766112752,19.7695582609366,16.2738007947044,13.5228392111074,56.26384469855,4.32397984923484,7.80897103657075,7.61042610104614,4.68463985115455,12.8980693931695,19.2167963222491,15.6274892674152
Seychelles,SYC,Fuel exports (% of merchandise exports),TX.VAL.FUEL.ZS.UN,0.00290752284248818,0,0,0,0,0,0,0.000511482906087217,0,0,0,0,0,0.00387831635301445,0.0564994412706798,0.00559864131435949,2.17181210393764,0.00150958117338773,0.00216450373450432,0.00217217284401373,0.00220439189802751,0.00188380561331842,0.00647778733484981,0.00456395366876338,0.00302736980155321
Sierra Leone,SLE,Trade (% of GDP),NE.TRD.GNFS.ZS,45.029250437578,49.5955306540939,28.2780240362665,35.3326795564082,33.7491637023642,57.5299628959222,35.9381601690033,38.9169122484112,46.4464369839096,46.1719997388859,47.5479835972493,42.4303937742536,40.8982451696722,40.0701004573506,42.0340911005676,51.2749040965103,72.3496416825114,85.5115626336331,87.4528010181363,83.1854137624193,66.2793573605817,75.5523052186785,74.4863435952051,56.6958341347335,56.1906488750949
Sierra Leone,SLE,Exports of goods and services (% of GDP),NE.EXP.GNFS.ZS,18.5884363827694,17.4452345968339,13.1996946634407,14.061562197109,13.8278916025781,18.1348435554968,7.95364588944526,8.66771566393396,14.0852362568935,16.6816645059873,17.8261814216377,17.0736620372813,15.8370263119013,13.8145203673797,13.6944504341791,16.7940992248159,16.3236802882097,33.0148360456903,28.6267570608164,30.7598983140638,19.2108806711263,23.701988596199,26.1923724759545,17.4673004044489,18.2469355821227
Sierra Leone,SLE,GDP growth (annual %),NY.GDP.MKTP.KD.ZG,-7.99975232656381,1.75382010464673,-5.87708078884501,1.78501279504479,-1.97928687397459,6.6527296593931,-6.34545540326558,26.5241348883313,9.48363148565836,6.47884601647948,4.35349994988402,4.28311044472468,7.97656533438349,5.43589304424921,3.20943156226375,6.63749245827168,6.00983104607886,15.2017482734639,21.0790141636427,4.55925353270443,-20.4910741068,6.34672785193587,3.75380321400363,3.47290262012461,5.25374631307365
Sierra Leone,SLE,Tax revenue (% of GDP),GC.TAX.TOTL.GD.ZS,..,..,..,..,..,..,..,..,..,..,..,..,..,..,..,..,..,..,..,..,..,..,..,..,..
Sierra Leone,SLE,Crop production index (2014-2016 = 100),AG.PRD.CROP.XD,35.96,38.03,40.62,36.53,31.29,29.01,34.74,41.89,60.28,66.79,66.32,80.42,68.69,72.96,90.27,102.26,109.17,112.75,118.71,110.39,96.14,93.47,83.94,88.77,77.07
Sierra Leone,SLE,"Foreign direct investment, net inflows (% of GDP)",BX.KLT.DINV.WD.GD.ZS,0.836862793111099,0.0704999668239503,0.211714174849717,0.0155991534575685,0.0796555005207353,6.13342020363546,0.915079176008031,0.842348137750932,0.628980051055444,4.27580645064743,5.57642358424635,3.16141071351213,4.48916582678889,2.16546944255687,4.56508968876245,9.24706874173877,32.4143545620798,19.0657015892026,8.73241057514887,7.47908498326089,5.93683176733013,3.58580026165693,11.1232899546601,6.13069867294037,8.39920004737159
Sierra Leone,SLE,Fuel exports (% of merchandise exports),TX.VAL.FUEL.ZS.UN,..,..,..,..,..,..,..,..,..,..,..,..,..,..,..,..,..,..,..,0.0128489031725622,0,..,0.0564669332343084,0.143317650742994,..
Singapore,SGP,Trade (% of GDP),NE.TRD.GNFS.ZS,345.459263895462,334.911163288092,323.86442214814,312.079255674686,336.484846412882,364.364520468218,349.292105694978,349.746013985676,377.218564301581,401.523712538509,420.430512920559,425.363399543019,394.288471919078,437.326714891057,358.192811828842,369.685555787646,379.098631377539,369.212965787665,367.041780049019,360.467319166237,329.471398940262,303.136506542074,316.47756986259,325.197359076865,321.703497216311
Singapore,SGP,Exports of goods and services (% of GDP),NE.EXP.GNFS.ZS,181.120940871727,175.64311239295,169.296886140865,166.787570508849,176.745012905762,188.350890284751,182.894180709771,184.086118066532,202.586206389804,213.951695442646,225.159667736916,228.037617061062,212.779393731371,228.993770935119,190.844935011128,197.998960793027,203.327708649538,196.719612875759,195.077796338143,191.953535787505,178.384608499682,164.672004632055,171.564619507331,177.350436934209,175.594437290153
Singapore,SGP,GDP growth (annual %),NY.GDP.MKTP.KD.ZG,7.17540112091071,7.47139086002002,8.31620911124497,-2.19101500611274,5.71837175710837,9.03831632555163,-1.07086275100448,3.92336076702013,4.54825542643229,9.93998268434957,7.36632239250758,9.00676607871758,9.02151951268893,1.86348345462035,0.127953382778088,14.5197497108994,6.21493416858989,4.43549759378537,4.81763099120676,3.93554027709007,2.97679931634806,3.60165603913242,4.54472821784424,3.57543271019112,1.33126132689951
Singapore,SGP,Tax revenue (% of GDP),GC.TAX.TOTL.GD.ZS,15.7685036472599,15.8973671573725,15.312341085021,14.0310256358429,14.5317174065401,14.8557890847443,14.5855191514965,12.6887393397993,12.4460741638593,11.6045115798244,11.5770274018324,11.8310221766032,12.8204281959211,13.7543914469361,12.9549265300847,12.7858239691039,13.1057219512653,13.5806687357042,13.2712500808714,13.5565571344028,13.1397745298612,13.3096646648419,13.9894443458814,13.0139495678677,13.1537372461007
Singapore,SGP,Crop production index (2014-2016 = 100),AG.PRD.CROP.XD,24.61,28.24,32.07,36.23,40.39,44.56,48.69,53.23,65.17,70.23,74,80.96,75.12,74.91,79.16,86.89,90.85,94.75,96.59,100.1,100.94,98.96,100.12,106.15,107.18
Singapore,SGP,"Foreign direct investment, net inflows (% of GDP)",BX.KLT.DINV.WD.GD.ZS,13.6003946544885,11.8724659997364,15.6823709085457,6.95062480351291,21.8492034558928,16.148890451527,18.9398606857353,6.65366588247058,17.4624153696896,21.2027237505542,15.1133588478776,26.3271523046736,26.1619888768056,7.02328608228291,12.0710944143276,23.0694716770803,17.5960314065855,18.7435244231802,20.9344810446532,21.8184880782679,22.6541826890492,20.4880347802622,29.7605172286129,21.5355445130797,27.9412497426965
Singapore,SGP,Fuel exports (% of merchandise exports),TX.VAL.FUEL.ZS.UN,6.84447285523953,9.55449625376899,8.80208798615066,7.47074556895319,7.93350282594033,7.35946744148839,7.57471078650487,7.78467758368727,8.48131703942424,10.0011141121373,12.1549708258777,13.0404528247468,13.704672783184,18.3182362913508,15.1717738189152,16.0584094082979,19.4524952663595,18.1822013277449,16.9980670047224,16.5313373923587,12.1908650025812,11.0718628236027,12.8070796280788,13.1200446541319,12.2634428523157
Sint Maarten (Dutch part),SXM,Trade (% of GDP),NE.TRD.GNFS.ZS,..,..,..,..,..,..,..,..,..,..,..,..,..,..,..,..,..,..,..,..,..,..,..,..,..
Sint Maarten (Dutch part),SXM,Exports of goods and services (% of GDP),NE.EXP.GNFS.ZS,..,..,..,..,..,..,..,..,..,..,..,..,..,..,..,..,..,..,..,..,..,..,..,..,..
Sint Maarten (Dutch part),SXM,GDP growth (annual %),NY.GDP.MKTP.KD.ZG,..,..,..,..,..,..,..,..,..,..,..,..,..,..,..,3.19999402154491,4.60000299641921,1.39054666984954,1.30672788274755,1.58038463773187,0.105811101134719,0.967761366552637,-7.53521467064108,-6.85698412712318,10.9649995035887
Sint Maarten (Dutch part),SXM,Tax revenue (% of GDP),GC.TAX.TOTL.GD.ZS,..,..,..,..,..,..,..,..,..,..,..,..,..,..,..,..,..,..,..,..,..,..,..,..,..
Sint Maarten (Dutch part),SXM,Crop production index (2014-2016 = 100),AG.PRD.CROP.XD,..,..,..,..,..,..,..,..,..,..,..,..,..,..,..,..,..,..,..,..,..,..,..,..,..
Sint Maarten (Dutch part),SXM,"Foreign direct investment, net inflows (% of GDP)",BX.KLT.DINV.WD.GD.ZS,..,..,..,..,..,..,..,..,..,..,..,..,..,..,..,..,-5.17904034375746,1.37020456734856,4.62971054068815,3.50338475463389,1.95861279394491,2.91188309229653,4.74783628354819,-3.80519906523239,5.24677626460558
Sint Maarten (Dutch part),SXM,Fuel exports (% of merchandise exports),TX.VAL.FUEL.ZS.UN,..,..,..,..,..,..,..,..,..,..,..,..,..,..,..,..,..,..,..,..,..,..,..,..,..
Slovak Republic,SVK,Trade (% of GDP),NE.TRD.GNFS.ZS,108.551829367,111.818028658475,117.588008984748,102.070148472294,97.4838776126657,108.788415121954,121.679291527254,120.373886604428,125.147678981072,139.650377296647,147.727895586359,164.626286507128,166.329552934429,162.070856599542,136.24069102241,153.454051233399,167.994175342031,176.166477823395,181.350683145952,178.033496744738,180.188031986802,184.033445461284,188.059113396374,189.804029706115,183.493447095806
Slovak Republic,SVK,Exports of goods and services (% of GDP),NE.EXP.GNFS.ZS,53.9263117552502,49.2927561722145,53.6089814116398,45.5169214920153,46.3477064742072,53.205468406987,57.1181854095185,56.9704951847734,62.3343488872503,69.0463247537288,72.3018934642515,81.2398533216646,83.3808614210341,80.1479953487459,68.0361180943086,76.5614725188402,84.3382816718493,90.8314078443453,93.4420058595467,91.4000799743051,91.6004742927044,93.4660454954659,95.0743273195023,95.8358511444373,91.908685245264
Slovak Republic,SVK,GDP growth (annual %),NY.GDP.MKTP.KD.ZG,5.84349423365865,6.61989812050714,5.92583708362997,4.07609747887876,-0.105914962121687,1.16652651824111,3.25378398108975,4.50944413787025,5.49908307699157,5.27888071780144,6.62346125850533,8.49317674533845,10.8320288129653,5.574886345113,-5.45553286715979,6.71663274983085,2.67145277909515,1.31880224556281,0.632740007294188,2.69718980707125,5.16718160614154,1.94395086102337,2.93806867784903,4.03038971425349,2.51125619776377
Slovak Republic,SVK,Tax revenue (% of GDP),GC.TAX.TOTL.GD.ZS,23.2417388517194,21.4185779109688,20.4621208989442,20.1627613380391,19.7458565847638,18.5017738031381,17.2753813065232,17.1182469628578,17.683024997072,17.2928761225857,18.0071098995549,16.800847388085,16.7489005333346,16.4458086884117,15.5233082674625,15.0035802397986,15.9694489077972,15.5161062928306,16.6927248921919,17.435784158644,18.1078979459963,18.0917730378479,18.5658708350314,18.5467404044429,18.78383560839
Slovak Republic,SVK,Crop production index (2014-2016 = 100),AG.PRD.CROP.XD,95.51,102.22,102.66,96.74,89.65,72.9,88.43,87.69,74.32,98.05,92.73,82.69,76.33,100.93,87.17,69.05,89.61,70.23,82.1,105.03,86.67,108.31,87.54,96.79,93.5
Slovak Republic,SVK,"Foreign direct investment, net inflows (% of GDP)",BX.KLT.DINV.WD.GD.ZS,0.913822141452238,1.25631433580972,0.637791805449138,2.1657701630621,1.11245691978681,7.46555440418898,4.97935256715276,11.9339962576789,2.06564628576306,7.07465107851263,6.24675700175644,8.05659335755308,5.84334734246993,4.60041224731761,1.70144888103606,2.3209380550694,5.43579525391974,1.8775059075327,1.01470597343894,-0.357767206853192,1.7102056496971,5.27263149273794,4.41775584405629,2.12068480983264,2.1566313678747
Slovak Republic,SVK,Fuel exports (% of merchandise exports),TX.VAL.FUEL.ZS.UN,4.24663247452724,5.54946402505757,4.61413292280796,3.5038502056392,4.75307873489487,6.99870721943942,6.59093219754202,6.05883962338184,5.19410482746844,6.40910906998355,5.87429697719751,5.45263721046917,4.46472981907327,5.03913291432862,4.59005046152452,5.32107029549182,6.3427617336085,5.93405507461835,5.49862698466683,4.49660509450053,3.56775283331613,2.73717751869443,3.34003905555557,3.01754582539472,2.91237113875992
Slovenia,SVN,Trade (% of GDP),NE.TRD.GNFS.ZS,93.1167590364754,93.5093315090574,96.2613100060991,96.6841408755005,92.5418647979271,103.947770560229,104.534076563023,103.651280553018,102.324625859168,111.556541038575,120.262617804629,129.788393459099,137.127148234266,134.73152161893,113.121871683813,127.491480632624,139.277906278572,142.384430845304,143.75635401147,145.549750211855,146.295856696074,146.657774528668,157.27443872417,161.142403438809,158.638466880546
Slovenia,SVN,Exports of goods and services (% of GDP),NE.EXP.GNFS.ZS,45.437679496175,46.1309008556233,47.5618057734269,47.4961450694148,44.1061359520764,50.1351765505999,51.7466342205881,52.3211874668638,51.0035945021183,55.0547884264148,59.8112707812506,64.870215419655,67.8990715941993,66.3132528239823,57.2642885200127,64.2748225995176,70.2471458085713,72.891588930235,74.2164751718266,76.1517421398548,77.1486782584484,77.5981668322775,83.1255055788893,84.7926764008035,83.6146933079979
Slovenia,SVN,GDP growth (annual %),NY.GDP.MKTP.KD.ZG,..,3.20300580852732,5.04979345664498,3.27936544351304,5.3326665718437,3.67237154968245,3.21656033452891,3.50559805692072,2.96026028579455,4.35919277843992,3.79797264198649,5.746396900645,6.98016075450694,3.50984151699558,-7.54843779134178,1.34374847220215,0.861327732719303,-2.63943875676689,-1.02928277204056,2.76815883065036,2.21008160650594,3.19185251782498,4.81538063231366,4.45436574721896,3.52267923999254
Slovenia,SVN,Tax revenue (% of GDP),GC.TAX.TOTL.GD.ZS,19.4254702054104,20.1029695112941,19.8017046324689,20.5020750704414,20.838842986001,20.0958387687726,19.9493968659101,20.5032695128779,20.6655702824195,20.634255108071,21.1489984925583,20.893860031577,20.0747511166279,19.4079592154111,17.9971511182466,18.0573023653755,17.8391642699425,17.8673169141809,17.8998694064708,18.168817949332,18.4938830799173,18.6066578234862,18.3381224192997,18.5207868542288,18.3159416451755
Slovenia,SVN,Crop production index (2014-2016 = 100),AG.PRD.CROP.XD,104.76,109.42,109.48,114.89,102.65,113.76,94.8,117.45,89.01,122.37,112.75,100.64,103.86,98.38,99.15,99.8,102.19,83.63,83.49,98.26,106,95.74,87.31,101.33,93.98
Slovenia,SVN,"Foreign direct investment, net inflows (% of GDP)",BX.KLT.DINV.WD.GD.ZS,0.704376274168364,0.805775446941436,1.61103097300906,0.973980586470562,0.46936813071192,0.66930750249216,2.40080742579028,7.87487714245615,1.80733988688603,2.21736097143392,2.68129421328472,1.7527944132381,3.92054973919648,1.93752757193227,-0.686151700651444,0.662011164638898,1.69810125010742,0.0720040328216091,0.214853463745323,2.0388759570282,4.01356343441891,3.23069044265375,2.46192788841905,2.83905082015686,3.95600273865327
Slovenia,SVN,Fuel exports (% of merchandise exports),TX.VAL.FUEL.ZS.UN,1.18893176139091,0.930158495927621,1.20790528370415,0.977533869099429,0.600335670975655,0.652972324932338,0.952504549462177,1.08354752383758,1.35327299535994,1.59552100048804,2.08257850226108,2.68558003854683,1.93255674677519,3.00499594144832,3.24574769598826,4.23077929584745,5.73633703059595,6.44555755032785,6.64007469250151,6.13707236135344,5.30512694060918,4.51020963826692,4.90399470047748,5.20932753188527,5.29699863123313
Solomon Islands,SLB,Trade (% of GDP),NE.TRD.GNFS.ZS,114.205186316442,98.795453322306,100.91097317163,83.1388019998149,69.1617439923623,58.5523280892414,45.1100685673042,45.1275100252581,55.9585326953748,62.8108138970567,66.5745856353591,69.7892271662763,83.7474625967972,87.3532834580216,71.8854025397608,96.1480049703162,107.247678208992,104.823630628047,99.6070245689517,93.4540064769601,88.1884134973,85.5495968771661,82.1975709060796,88.4946797331694,82.9983376152335
Solomon Islands,SLB,Exports of goods and services (% of GDP),NE.EXP.GNFS.ZS,45.0316178246651,45.1416690555506,45.3205231408788,40.5256278306958,36.4655612843992,27.0997585640854,17.5350933200085,21.5157701826586,22,24.8793856518884,27.3000240211386,27.0640834575261,32.1479588000902,34.7315045719036,29.1563925533226,35.1511804500897,50.1519158619841,49.911098365357,45.9323315477268,42.3367816208643,40.3605204942183,39.7285761190763,38.6791801808019,42.1262386063781,36.4969019192988
Solomon Islands,SLB,GDP growth (annual %),NY.GDP.MKTP.KD.ZG,10.0886153892408,1.6099076346426,-0.914077188158132,1.2915122493724,-0.485730727999851,-14.2769995911798,-7.9566061001623,-2.79998288464989,6.52346685055139,7.6832999660031,7.35784193356017,4.13828031825385,3.63967242948135,6.22596954376191,2.86426790167438,9.70838816928725,7.42994961675907,2.46600138697883,5.23774017780327,1.18921747092358,1.67614615649777,5.55473153366954,3.07534803424636,2.74599542334096,1.74951428706819
Solomon Islands,SLB,Tax revenue (% of GDP),GC.TAX.TOTL.GD.ZS,..,..,..,..,..,..,..,..,..,..,..,..,..,..,..,..,25.1585966331263,26.1766672121594,26.6062570205221,25.595674942286,25.7391419562004,23.8430926877896,24.7650678275309,25.527606522328,22.2321459888922
Solomon Islands,SLB,Crop production index (2014-2016 = 100),AG.PRD.CROP.XD,84.04,86.09,90.62,92.24,86.54,87.25,83.37,85.08,88.06,100.11,113.23,115.69,123.99,129.2,125.13,91.27,93.06,94.77,96.68,98.9,100.49,100.6,102.04,103.96,103.67
Solomon Islands,SLB,"Foreign direct investment, net inflows (% of GDP)",BX.KLT.DINV.WD.GD.ZS,0.431553004153041,1.16423758458683,6.43275577805474,1.92417308012615,2.02868816012206,0.4774050887851,-2.10427182649691,0.04208946552377,-0.241665462639717,-0.642141205400422,0.0991471291469178,7.17812219309666,12.3664722163606,9.68355474357243,6.03099251975606,18.4739645177231,11.2842669442042,2.01495010342449,4.15536744155702,1.57401016882555,2.46368108921111,2.70705945922304,2.91769581574238,1.54706752007295,2.02495081496878
Solomon Islands,SLB,Fuel exports (% of merchandise exports),TX.VAL.FUEL.ZS.UN,..,..,..,..,..,..,..,..,0.000383394351125216,0,0.0190138586134433,0,..,..,0.00012908280404646,0.00230553770936948,0.00377501229815091,0.00286407112644014,0.00744121369103079,0.000758573980473933,0.000461049174268891,4.37407361149661E-05,5.00466251375634E-06,..,..
Somalia,SOM,Trade (% of GDP),NE.TRD.GNFS.ZS,..,..,..,..,..,..,..,..,..,..,..,..,..,..,..,..,..,..,77.168214642177,76.5106390438926,71.9435500242801,71.187989238297,68.0815231163304,75.3906733676099,69.572186456566
Somalia,SOM,Exports of goods and services (% of GDP),NE.EXP.GNFS.ZS,..,..,..,..,..,..,..,..,..,..,..,..,..,..,..,..,..,..,16.1514262149445,16.7915956522182,14.8600132318693,14.4394556550659,12.0491006006361,13.5174112319108,12.0058197867525
Somalia,SOM,GDP growth (annual %),NY.GDP.MKTP.KD.ZG,..,..,..,..,..,..,..,..,..,..,..,..,..,..,..,..,..,..,..,7.52639158294046,9.94679995234841,6.42430700453119,9.5001896424989,2.99402006360616,3.62683006401679
Somalia,SOM,Tax revenue (% of GDP),GC.TAX.TOTL.GD.ZS,..,..,..,..,..,..,..,..,..,..,..,..,..,..,..,..,..,..,..,..,..,..,7.47664603560319E-05,9.04245962822977E-05,7.33770529133372E-05
Somalia,SOM,Crop production index (2014-2016 = 100),AG.PRD.CROP.XD,85.36,85.05,87.1,75.89,85.8,94.97,101.27,106.19,105.59,105.49,102.61,95.51,90.59,93.44,94.19,105.69,87.3,109.93,109.45,101.43,105.63,92.93,100.03,104.66,101.5
Somalia,SOM,"Foreign direct investment, net inflows (% of GDP)",BX.KLT.DINV.WD.GD.ZS,..,..,..,..,..,..,..,..,..,..,..,..,..,..,..,..,..,..,4.42082010917657,3.99243698885485,4.3378996820732,4.4650125977208,4.47142954284792,4.92860033669335,4.74500569821254
Somalia,SOM,Fuel exports (% of merchandise exports),TX.VAL.FUEL.ZS.UN,..,..,..,..,..,..,..,..,..,..,..,..,..,..,..,..,..,..,..,..,..,..,..,..,..
South Africa,ZAF,Trade (% of GDP),NE.TRD.GNFS.ZS,39.4780337793026,42.199251732528,42.3013344291831,44.0357453368965,42.2582960172673,46.2207217354077,49.170945185829,53.4655016294369,45.723862568979,45.6435752240041,47.4277813970329,53.7681412741145,57.125139137747,65.9745237996233,49.5875353278801,50.4060871625999,54.6363504358971,55.5826171933345,58.875027630051,59.4995740550593,56.7266761447156,55.8612575048782,53.535931829298,54.4855451275723,53.8979964086103
South Africa,ZAF,Exports of goods and services (% of GDP),NE.EXP.GNFS.ZS,20.0378606077754,21.7747432189724,21.6605918552042,22.5192718175416,22.2692159746602,24.4043033106919,26.3566606345688,28.4311672176802,23.9152733614034,22.7575187856654,23.5997644915436,26.098249881712,27.958964394702,32.2546736710677,24.9827464883237,25.7834176267221,27.6981484703752,27.1391491937679,28.379280320361,29.0006193033471,27.7136384124829,28.1560881698955,27.3400757806733,27.4970371511922,27.2021294049063
South Africa,ZAF,GDP growth (annual %),NY.GDP.MKTP.KD.ZG,3.10000000054411,4.29999999726792,2.60000000146347,0.50000000034143,2.39999999746338,4.20000000067826,2.70000000019104,3.70037440406668,2.94907546754213,4.55455990721774,5.27705197295467,5.60380645895889,5.36047405394162,3.1910438863288,-1.53808913525583,3.03973288127956,3.16855627858818,2.39623238465745,2.48546800826588,1.41382645223793,1.32186223678229,0.664552307858116,1.15794695147646,1.5567838465238,0.25993557707082
South Africa,ZAF,Tax revenue (% of GDP),GC.TAX.TOTL.GD.ZS,20.2955260214681,20.9846364817904,21.2498395625278,21.9639431431796,21.7599312426722,20.9760632464162,21.7005914264295,20.8248927712355,20.4927670870354,21.6985960707513,22.9721111805983,24.3780853808343,24.8072372824336,24.322809870073,21.8948743006162,22.5206038776132,22.8746700116825,23.3457659894736,23.831391363238,24.4319342176034,25.0486927031144,24.8283559884696,24.7692872892345,24.8948940727206,24.8673453270019
South Africa,ZAF,Crop production index (2014-2016 = 100),AG.PRD.CROP.XD,63.64,82.99,81.96,77.06,83.57,89.03,81.35,88.83,86.23,86.67,91.91,81.26,80.38,97.99,94.7,93.5,93.82,97.74,101.6,107.89,100.68,91.43,117.28,111.91,106.92
South Africa,ZAF,"Foreign direct investment, net inflows (% of GDP)",BX.KLT.DINV.WD.GD.ZS,0.72694450392697,0.500131495666207,2.25505250994968,0.359738435986599,0.992187596290559,0.638427514423677,5.36834529785161,1.14635726911695,0.397492744432543,0.274199790569949,2.25781874505445,0.205125538574009,1.97755772219349,3.12686614310453,2.31217470344994,0.884904611686012,0.903381424332558,1.06492249485696,2.05358095229684,1.5193274375398,0.438735792056359,0.684612553455795,0.539673956757809,1.3742911715334,1.31407752294385
South Africa,ZAF,Fuel exports (% of merchandise exports),TX.VAL.FUEL.ZS.UN,8.9184206316124,10.8549963972705,7.31132440656591,7.65629290407284,9.83345736326208,10.1307911708615,11.723492255329,12.0727131541814,9.8173484464874,9.10044404774694,10.3556169994696,9.50001852429468,10.5565719826577,9.62652463034354,11.1812947177261,10.7102339507077,10.535512006307,11.4220013827,10.7041857425181,10.1834786043196,9.75395058182496,9.83410485960525,12.0071561154403,10.9922042428029,10.050875262098
South Sudan,SSD,Trade (% of GDP),NE.TRD.GNFS.ZS,..,..,..,..,..,..,..,..,..,..,..,..,..,97.2662973183488,94.8357640879963,90.9434483661131,93.226859754919,71.6198113947489,50.8112465907463,64.6345178070809,65.5513491845003,..,..,..,..
South Sudan,SSD,Exports of goods and services (% of GDP),NE.EXP.GNFS.ZS,..,..,..,..,..,..,..,..,..,..,..,..,..,66.0270601078604,60.3143141293906,61.4344828173072,66.0761203752424,42.8320523585268,9.74075785850552,38.3916172930278,36.6513492804707,..,..,..,..
South Sudan,SSD,GDP growth (annual %),NY.GDP.MKTP.KD.ZG,..,..,..,..,..,..,..,..,..,..,..,..,..,..,5.04164187983342,5.49341639529945,-4.64031673600859,-46.0821223743007,13.1297311406943,3.37364847715736,-10.7933646271143,..,..,..,..
South Sudan,SSD,Tax revenue (% of GDP),GC.TAX.TOTL.GD.ZS,..,..,..,..,..,..,..,..,..,..,..,..,..,..,..,..,..,..,..,..,..,..,..,..,..
South Sudan,SSD,Crop production index (2014-2016 = 100),AG.PRD.CROP.XD,..,..,..,..,..,..,..,..,..,..,..,..,..,..,..,..,..,91.55,88.31,98.25,103.33,98.41,96.58,100.9,110.17
South Sudan,SSD,"Foreign direct investment, net inflows (% of GDP)",BX.KLT.DINV.WD.GD.ZS,..,..,..,..,..,..,..,..,..,..,..,..,..,..,..,..,..,1.34937246395858,-4.30359174766787,0.00741877910985015,0.0012502291294692,..,..,..,..
South Sudan,SSD,Fuel exports (% of merchandise exports),TX.VAL.FUEL.ZS.UN,..,..,..,..,..,..,..,..,..,..,..,..,..,..,..,..,..,..,..,..,..,..,..,..,..
Spain,ESP,Trade (% of GDP),NE.TRD.GNFS.ZS,44.7753740870366,46.2452192648042,51.1662571157861,52.6614543708284,54.636466948565,60.0823337464942,57.9971554637493,55.0991792430679,53.4636891006225,54.5241826916923,54.7622975833471,56.1771348136076,57.7476037596033,55.9833300436847,46.9948743270275,52.928240557318,58.7931710352776,60.8450747936193,61.9763157198604,63.8382619541975,64.1832051439024,63.7398826295293,66.6570608657952,67.5749402546311,66.8738905174013
Spain,ESP,Exports of goods and services (% of GDP),NE.EXP.GNFS.ZS,21.8270992731031,23.0323607990957,25.6697890106843,26.101947326675,26.3515090067028,28.5633579326111,27.8616191602484,26.553994919632,25.6289061234055,25.4119848226223,24.9792690409411,25.2413025005404,25.984738814678,25.6239291743162,23.0616941747255,25.9516793464024,29.5349622049272,31.4551199491031,32.9519524786,33.4679762310577,33.6108606686628,33.8624576012634,35.1305643393675,35.1450626692993,34.9069018147542
Spain,ESP,GDP growth (annual %),NY.GDP.MKTP.KD.ZG,2.75749404598304,2.66056160429645,3.70249462716615,4.39310073452258,4.4905533784064,5.24594382377803,3.93300276489272,2.73094832930995,2.98193631644672,3.12273351662624,3.65208419190144,4.10268574072705,3.60473846199818,0.887067045576416,-3.7631070424473,0.162919517758226,-0.814384776648922,-2.95892213230024,-1.40334186790638,1.39577536727975,3.83851887667484,3.03777414172446,2.97576072924863,2.28446941947622,1.9839662230883
Spain,ESP,Tax revenue (% of GDP),GC.TAX.TOTL.GD.ZS,..,..,..,..,..,..,..,..,..,..,..,..,..,..,..,..,..,11.7629259512135,13.6117498483849,14.1352768911339,14.199623037737,13.7887869923368,13.7149330920127,14.2257523513966,13.7486320897494
Spain,ESP,Crop production index (2014-2016 = 100),AG.PRD.CROP.XD,58.99,85.39,94.44,86.51,85.44,95.12,94.07,92.29,105.08,97.08,84.07,96.05,94.7,92.77,94.21,97.54,100.81,81.38,111.56,94.65,99.16,106.19,98.65,121.45,102.04
Spain,ESP,"Foreign direct investment, net inflows (% of GDP)",BX.KLT.DINV.WD.GD.ZS,1.34745945271764,1.52529522405733,1.59871604967868,2.53783621300102,3.0915641750746,6.77009273042178,4.60465661678133,5.5533457146155,3.38790004154804,2.3635993180717,2.34093823726441,2.61249350717978,4.62887025092435,4.54012423037454,0.640294112308163,2.57430062720058,1.81210524220555,1.57376618001706,3.49468567383381,2.40142613065937,1.92592371859084,3.58746392265577,2.4036144121704,4.12365956451029,1.85614863696109
Spain,ESP,Fuel exports (% of merchandise exports),TX.VAL.FUEL.ZS.UN,1.74529195796685,2.47270283652583,2.50584213038411,2.06351957889155,2.19212737841003,3.68059055780505,2.89993091324509,2.60672035617192,3.05533457844303,3.78571549652604,4.34620832186207,4.60264900576493,4.8114865843448,6.61111921226571,4.60706504658886,5.21853657306203,6.34959376901464,7.66160598985677,7.07385916029595,7.49300278485712,5.17263082839127,4.06976370711053,5.82886249970551,6.55643130447885,6.17053086130782
Sri Lanka,LKA,Trade (% of GDP),NE.TRD.GNFS.ZS,81.6350490886111,78.8739637143809,80.1375533095503,78.4949891255872,78.7514783496374,88.636441704913,80.8986015327576,76.3351317826517,75.336247330543,79.4829449011187,73.6039729580533,71.2611784883009,68.6065116601391,63.369043608222,49.1491415308235,..,..,..,..,..,46.9179708092755,46.4715370258015,47.14040980146,49.8093967507459,49.4255258543722
Sri Lanka,LKA,Exports of goods and services (% of GDP),NE.EXP.GNFS.ZS,35.597629130901,34.9733377770372,36.5381180807663,36.2438186772706,35.4837047170656,39.015700886425,37.3311884768914,34.9133301978336,34.6535028324228,35.3309027324412,32.3368729874893,30.1285270937972,29.1149996870361,24.8414870988205,21.328366243783,..,..,..,..,..,19.893383820639,19.8240360429774,20.2242000365558,21.4462486139875,21.8235328944217
Sri Lanka,LKA,GDP growth (annual %),NY.GDP.MKTP.KD.ZG,5.5000852341585,3.79996720568178,6.40539969571286,4.69842304772052,4.30054049813373,6.00003315828934,-1.54540813366026,3.96467568513113,5.9402690780223,5.44506127885352,6.24174804376447,7.66829190107919,6.79682611892866,5.95008814473897,3.53891205317842,8.01596737040464,8.66948301160571,8.63218138024038,4.05174632926911,6.37797889289399,4.2059554759927,5.05362489256818,6.4606812707036,2.31008425192161,-0.220483886072614
Sri Lanka,LKA,Tax revenue (% of GDP),GC.TAX.TOTL.GD.ZS,17.7520171555561,16.950690509915,16.0076920311995,14.4764269842611,15.0120754491787,14.5027655060765,14.6255003915026,14.0203617835683,12.7106758527447,13.4659689569891,13.7325290221471,14.5772591775899,14.2216085895166,13.2773344349014,12.8003204769597,10.9318686865706,10.8476049114868,10.1110307052525,10.1212570540829,9.74785982267564,11.7202648575883,11.4234897677955,11.6086827384764,11.1537606464574,10.9039513329268
Sri Lanka,LKA,Crop production index (2014-2016 = 100),AG.PRD.CROP.XD,72.98,69.67,73.07,75.17,77.5,80.6,77.18,79.81,80.45,78.85,84.12,84.97,83.47,90.9,86.16,98.64,96.07,97.45,103.51,96.87,105.04,98.1,86.26,99.37,101.09
Sri Lanka,LKA,"Foreign direct investment, net inflows (% of GDP)",BX.KLT.DINV.WD.GD.ZS,0.42975354803099,0.862545735590984,2.84957994822129,1.22459231183785,1.12676594982183,1.05898829001768,1.09074720867871,1.1882779089504,1.21132740876657,1.12667735136244,1.11612854301768,1.6962636199314,1.8639738781084,1.84752962305149,0.960390452698523,0.81444451886013,1.41088363979556,1.33591734742632,1.21109651353017,1.08281211166124,0.798271103654762,1.0192320360306,1.45452189573742,1.7080938570071,0.835214752952834
Sri Lanka,LKA,Fuel exports (% of merchandise exports),TX.VAL.FUEL.ZS.UN,..,..,..,..,0.432362605125832,0.501162220025128,0.42870794782658,0.304586211573665,0.0186247651649952,0.150369711535244,0.00821077727954495,0.11625628378638,0.0283395744133274,0.0214090522245665,0.0294628619921436,0.15783503417986,0.440288017795888,0.359491962840932,0.316453474817973,2.6384817081413,1.80834526900714,1.60024589595184,2.5584319412636,..,2.85971752760838
St. Kitts and Nevis,KNA,Trade (% of GDP),NE.TRD.GNFS.ZS,..,..,..,..,..,..,..,..,..,..,..,..,..,..,..,..,..,..,..,..,..,..,..,..,..
St. Kitts and Nevis,KNA,Exports of goods and services (% of GDP),NE.EXP.GNFS.ZS,..,..,..,..,..,..,..,..,..,..,..,..,..,..,..,..,..,..,..,..,..,..,..,..,..
St. Kitts and Nevis,KNA,GDP growth (annual %),NY.GDP.MKTP.KD.ZG,5.38314265701612,5.84283802585985,6.82396677607342,-0.486745779185156,3.21988642181456,10.042808415173,5.25344983010886,1.36771507253633,-3.93339486032939,3.99634666125431,9.73282070298016,3.15038119968223,0.600602326543751,11.1785279683724,-3.37930611341334,0.0439776540971621,1.61660730423688,-0.525762355415353,5.70982297813258,7.58147888339975,0.714014853728685,3.92265802209508,0.0181152216463687,2.05283385607633,4.0494855356965
St. Kitts and Nevis,KNA,Tax revenue (% of GDP),GC.TAX.TOTL.GD.ZS,..,..,..,..,..,16.5283443522296,15.7303370786517,21.0250383397169,21.5039688175606,21.2547584080431,20.6618133270161,20.8500422433215,21.6321300112301,20.0366358013314,18.8689624041168,16.3117664263224,18.0751717127733,17.9045451831476,17.8330570484544,18.452720949661,19.6391598973672,18.3444614389082,17.389828491841,..,..
St. Kitts and Nevis,KNA,Crop production index (2014-2016 = 100),AG.PRD.CROP.XD,466.45,510.79,727.3,596.15,488.68,475.23,477.43,482.19,484.6,625.43,290.38,84.19,88.82,92.85,90.75,87.4,108.78,104.63,105.43,102,98.04,99.96,104.33,106.26,111.06
St. Kitts and Nevis,KNA,"Foreign direct investment, net inflows (% of GDP)",BX.KLT.DINV.WD.GD.ZS,6.52993230231213,10.5329118837687,5.25045422158889,8.33015400092864,14.2001176245315,22.8161678857786,19.2373112117048,16.5818833424527,16.0921497230507,11.0024608550156,16.9944918609767,17.1342476665593,19.5107106664445,22.8761745233971,16.886914627789,14.9307454792774,13.1125078739285,11.197152382961,12.6632117245641,16.4355930195953,13.4036708228455,12.0529576331036,4.537757816586,3.72145057310969,5.6414137709831
St. Kitts and Nevis,KNA,Fuel exports (% of merchandise exports),TX.VAL.FUEL.ZS.UN,0.00547824248744767,0.00654152966716817,0.0010820812295051,..,0,0.00209716735122969,0.0981121195869003,0.0137734167481874,0.00599353607026028,0,0,0.110972709836761,0,6.97416001647576E-06,0.000106885636857759,0.00330405564570371,0.00659375773280658,0.00891954955625865,0.000574331406451465,0.00157014128585019,0.000655443099748196,0.000382770768561946,0.0268583062948506,..,..
St. Lucia,LCA,Trade (% of GDP),NE.TRD.GNFS.ZS,..,..,..,..,..,..,..,..,..,..,..,..,..,..,..,..,..,..,..,..,..,..,..,..,..
St. Lucia,LCA,Exports of goods and services (% of GDP),NE.EXP.GNFS.ZS,..,..,..,..,..,..,..,..,..,..,..,..,..,..,..,..,..,..,..,..,..,..,..,..,..
St. Lucia,LCA,GDP growth (annual %),NY.GDP.MKTP.KD.ZG,1.74822586503767,2.92258795742219,-0.694130142059308,6.28647121511862,2.67060351127419,0.0487485535201131,-3.40806396189404,0.416450493043214,4.26461148738223,7.2674088699471,-0.410304726290235,6.19525729141048,1.69161857433913,4.94932194028057,-2.82889954830628,0.330018546071486,4.32694280532142,-0.108756148262358,-2.00502437372521,1.32800257162373,0.101913353821743,3.42785383786526,3.38701955301912,2.88076820485463,-0.650152680551955
St. Lucia,LCA,Tax revenue (% of GDP),GC.TAX.TOTL.GD.ZS,..,..,..,..,..,17.0513314535346,16.489850746888,16.6644444444444,16.1669542385596,17.2120653125,17.6395305283757,17.6326852295447,18.2691189469052,18.6849027299701,19.1338695705866,18.2143708337914,18.0488000991829,17.1543882729725,18.1647017579084,18.1132527926692,18.719092695783,19.1764911430806,18.2414785795901,..,..
St. Lucia,LCA,Crop production index (2014-2016 = 100),AG.PRD.CROP.XD,469.56,445.36,393.83,334.72,251.32,215.3,177.29,211.18,171.8,161.85,123.45,135.8,128.3,158.87,148.65,108.74,110.83,92.31,101.35,102.31,101.3,96.39,100.37,104.21,96.11
St. Lucia,LCA,"Foreign direct investment, net inflows (% of GDP)",BX.KLT.DINV.WD.GD.ZS,4.29271844660195,2.33427230046948,5.93428308823529,9.50485436893204,9.02008838891121,5.76330420969022,6.58838174273859,5.77060164609053,10.778319579895,7.17377673611111,6.88944096542726,18.4444685585338,20.3497754834329,11.2128551055495,10.4457200898936,8.18255429188198,6.14755478675672,4.74026865747736,5.030353232499,3.73908762000034,8.42397034723422,8.66344653643579,4.50447997161777,2.21296672500474,3.5913805814328
St. Lucia,LCA,Fuel exports (% of merchandise exports),TX.VAL.FUEL.ZS.UN,0,0.00014383174640053,0.000815660785958375,0.00114779707596956,0,0.00530763351270797,0.000576927269876012,4.65779722708289E-06,0,0,0.00100535863731771,0.00131823671963586,0.00988460952761213,0.0244756326544062,0.043728191256287,0.0148817020539109,0.0119591230817601,0.00748242101936943,0.015304192223615,0.217435779830686,0.333602934278503,2.23779823283694,5.61684465419438,3.45461978250823,3.50822670156863
St. Martin (French part),MAF,Trade (% of GDP),NE.TRD.GNFS.ZS,..,..,..,..,..,..,..,..,..,..,..,..,..,..,..,..,..,..,..,..,..,..,..,..,..
St. Martin (French part),MAF,Exports of goods and services (% of GDP),NE.EXP.GNFS.ZS,..,..,..,..,..,..,..,..,..,..,..,..,..,..,..,..,..,..,..,..,..,..,..,..,..
St. Martin (French part),MAF,GDP growth (annual %),NY.GDP.MKTP.KD.ZG,..,..,..,..,..,..,..,..,..,..,..,..,..,..,..,..,..,..,..,..,1,5,-8,-8,6.5
St. Martin (French part),MAF,Tax revenue (% of GDP),GC.TAX.TOTL.GD.ZS,..,..,..,..,..,..,..,..,..,..,..,..,..,..,..,..,..,..,..,..,..,..,..,..,..
St. Martin (French part),MAF,Crop production index (2014-2016 = 100),AG.PRD.CROP.XD,..,..,..,..,..,..,..,..,..,..,..,..,..,..,..,..,..,..,..,..,..,..,..,..,..
St. Martin (French part),MAF,"Foreign direct investment, net inflows (% of GDP)",BX.KLT.DINV.WD.GD.ZS,..,..,..,..,..,..,..,..,..,..,..,..,..,..,..,..,..,..,..,..,..,..,..,..,..
St. Martin (French part),MAF,Fuel exports (% of merchandise exports),TX.VAL.FUEL.ZS.UN,..,..,..,..,..,..,..,..,..,..,..,..,..,..,..,..,..,..,..,..,..,..,..,..,..
St. Vincent and the Grenadines,VCT,Trade (% of GDP),NE.TRD.GNFS.ZS,..,..,..,..,..,..,..,..,..,..,..,..,..,..,..,..,..,..,..,..,..,..,..,..,..
St. Vincent and the Grenadines,VCT,Exports of goods and services (% of GDP),NE.EXP.GNFS.ZS,..,..,..,..,..,..,..,..,..,..,..,..,..,..,..,..,..,..,..,..,..,..,..,..,..
St. Vincent and the Grenadines,VCT,GDP growth (annual %),NY.GDP.MKTP.KD.ZG,7.76665024455248,1.28791200314089,3.50515087270627,4.0901949332585,2.71031071289156,1.63903190394467,1.74823102028898,5.34212707436718,6.69133665352797,4.11469880444737,2.48855733938132,6.99692626758825,3.3229685982929,0.404640808638888,-1.3781936056056,-4.47046793507802,-0.60627665148327,1.16911218376478,2.4624841721544,1.1457271877622,2.78509791763551,4.1496810046981,1.54810173239956,3.1756114423991,0.661727443679865
St. Vincent and the Grenadines,VCT,Tax revenue (% of GDP),GC.TAX.TOTL.GD.ZS,19.221302829282,19.9548613438806,20.5648682613048,21.1743013769244,20.6931199878666,19.6990915175096,19.3628494753066,20.7166127142278,19.8270642788518,19.5929833730768,19.7244699900457,20.8183285638041,20.8950764281722,22.6447081848728,22.4310790663974,21.6672659337995,21.3847933703678,21.8446859298012,20.3705811015244,22.4999159231874,22.6595093468946,24.3520935859767,23.7996401772785,..,..
St. Vincent and the Grenadines,VCT,Crop production index (2014-2016 = 100),AG.PRD.CROP.XD,84.99,79.62,63.66,69.93,67.6,70.66,74.52,78.69,81.53,76.57,87.57,89.15,91.26,91.23,94.69,92.7,95.87,98.73,97.73,102.13,100.21,97.66,99.49,102.54,105.3
St. Vincent and the Grenadines,VCT,"Foreign direct investment, net inflows (% of GDP)",BX.KLT.DINV.WD.GD.ZS,9.69620965284451,12.8645169940336,26.5894907239771,23.8082020678648,14.5363717367812,8.81990745977577,4.55347980230449,6.98047339848123,10.8358741733812,11.9451072096923,6.912214683528,16.9560450293593,16.7331078713933,21.7348635935421,15.4307190663206,13.4941208640119,11.9955583867627,15.807821111995,16.57140671644,16.1399244753357,15.7495814618355,8.66074512206484,19.5954830588719,4.52412383276845,7.55828893565454
St. Vincent and the Grenadines,VCT,Fuel exports (% of merchandise exports),TX.VAL.FUEL.ZS.UN,0,0,4.24255707588636E-05,0,0,0,0,0.00178779058218407,0,0,0.000330114442424327,0,0,0.00922107011131294,0,0.000984389652510453,0.000406347277908394,0.00213569092699155,0.00117666872751556,0.000481629370627451,0.000885660871928843,0.0075001228049118,4.936099721061E-05,0.000156746171494033,0.0355111551676567
Sudan,SDN,Trade (% of GDP),NE.TRD.GNFS.ZS,14.7723984872323,20.0298432137309,17.858606720307,21.8751479870534,24.7143682332999,29.4042344599492,20.2933456223411,25.6255617213052,26.4402280670553,30.4323376195052,35.8715914021946,36.2025936172703,34.4033361615632,36.7410978273835,32.7808783344833,32.728309950035,27.512339023518,21.8561745247301,26.8585245020134,20.8451090041313,18.3782728546541,15.2816698903461,17.8313898297102,21.8679187274323,26.1196204552625
Sudan,SDN,Exports of goods and services (% of GDP),NE.EXP.GNFS.ZS,4.96944197111298,6.16027363926995,5.34364674504041,6.70210650697895,7.77940723822228,15.9845570577283,9.5605178619468,11.4095829536873,12.2525341182648,14.300391937677,14.458821843369,15.0949253001601,16.9005341241689,20.2654316259622,14.5541979940253,17.4756063457453,12.4787060282521,6.85645263673087,9.50689116839014,7.60891112283276,6.42291092918573,5.00449100738247,6.11214425821293,7.65020198466392,8.45298341762853
Sudan,SDN,GDP growth (annual %),NY.GDP.MKTP.KD.ZG,5.99709226051246,5.9191237633176,18.3126571850273,4.30850425525036,3.10409561549652,6.34586743997545,6.50036053396883,6.0064715363132,6.28880816146516,5.14088851762675,5.64351551343631,6.5314117467792,5.73527423664484,3.84674473121058,-2.76770436599138,3.85824195230107,-3.21353209253371,-17.0046884048945,1.95514463302422,4.66137954229873,1.91017689052751,3.46764218409288,0.70925628476644,-2.6809305497999,-2.17825104530091
Sudan,SDN,Tax revenue (% of GDP),GC.TAX.TOTL.GD.ZS,..,..,..,6.19716328234893,6.3866172236467,..,..,..,..,..,..,..,..,..,6.46948438245235,5.86247467546648,3.85621016052459,6.89440699516488,7.68401639387585,7.98231786209787,8.19443800491008,7.39027026174951,..,..,..
Sudan,SDN,Crop production index (2014-2016 = 100),AG.PRD.CROP.XD,..,..,..,..,..,..,..,..,..,..,..,..,..,..,..,..,..,69.54,91.93,106.94,85.36,107.7,103.4,131.5,125.21
Sudan,SDN,"Foreign direct investment, net inflows (% of GDP)",BX.KLT.DINV.WD.GD.ZS,0.0867656128706244,0.00443542538902241,0.838100557144089,3.29504622454876,3.47125085431825,3.19972610023634,3.65224475988548,3.93215499570306,6.31782319761386,5.67090591014718,4.4387993666553,4.06910716037147,2.53091571467554,2.54980980762297,2.96028103481886,2.78314075232482,2.21213569370496,3.65759205376787,2.55634900808435,1.62887390729238,2.03374734481754,1.03335075627628,0.821238153211105,3.51269523880448,2.55226968828806
Sudan,SDN,Fuel exports (% of merchandise exports),TX.VAL.FUEL.ZS.UN,0.250503251297163,0.000422813183356645,0.000113168879237632,..,0.000108977670565365,66.686198997444,81.6761559902472,69.154548147896,79.3941833513699,82.4299602575403,85.9564188906075,89.8084265113846,94.5522940026881,94.4501109296076,91.2006730418623,84.9525613268194,82.485132408608,..,..,..,..,..,..,..,..
Suriname,SUR,Trade (% of GDP),NE.TRD.GNFS.ZS,..,..,..,..,..,..,..,..,..,..,..,98.1681931723564,101.377000372162,109.166838523407,87.9206617785298,90.9613941465855,..,..,..,..,..,..,..,..,..
Suriname,SUR,Exports of goods and services (% of GDP),NE.EXP.GNFS.ZS,..,..,..,..,..,..,..,..,..,..,..,52.7477102414654,54.1247984121077,56.9086409568983,44.1248354953939,52.5473192695739,..,..,..,..,..,..,..,..,..
Suriname,SUR,GDP growth (annual %),NY.GDP.MKTP.KD.ZG,0,1.00000122281456,5.6999976832949,2.30000165105389,-1.4000004700581,2.09999886750489,4.20000042083539,2.80000068850687,6.29999943314137,8.50000018479413,4.50000021086888,5.79354358463304,5.11148777773458,4.14340681165626,3.01369898266211,5.16882515225814,5.84936767173009,2.69034974668847,2.9334416518612,0.255503031645475,-3.41109601307089,-4.91578646874108,1.56839798246668,4.94827108468886,1.16758977233877
Suriname,SUR,Tax revenue (% of GDP),GC.TAX.TOTL.GD.ZS,..,..,..,..,..,..,..,..,..,..,..,..,..,..,..,..,..,..,..,..,..,..,..,..,..
Suriname,SUR,Crop production index (2014-2016 = 100),AG.PRD.CROP.XD,79.5,78,75.7,65.81,67.07,62.02,68.43,53.17,59.29,61.87,63.16,69.44,70.83,74.46,85.18,87.47,87.49,87.33,99.93,102.88,97.92,99.2,102.18,95.88,89.67
Suriname,SUR,"Foreign direct investment, net inflows (% of GDP)",BX.KLT.DINV.WD.GD.ZS,-2.97864127216757,2.21739064227939,-0.993067407149546,0.819192501237791,-6.93903255008462,-10.2567136211785,-3.21235324229173,-6.73022295672983,-5.97242022781276,-2.51332036478539,1.56127119820371,-6.22149014709964,-8.40083736509118,-6.54973190348526,-2.41006768189509,-5.85344056449596,3.28538383339053,3.40245351551793,3.62949532348678,-1.13866864622319,3.58285872355072,6.98334038383413,2.67494793416759,3.27713336345246,2.09560541663346
Suriname,SUR,Fuel exports (% of merchandise exports),TX.VAL.FUEL.ZS.UN,2.23158972801277,3.19949279906926,4.9464562866896,4.45956726458997,..,0.528036150969712,0.806963862987819,2.3515328254537,1.47668364193191,2.11062852087501,2.87744571746287,4.73431803965722,4.50358008606127,10.9907802662005,4.49743857000698,13.0155883378502,8.96836701330816,5.31565595692279,8.01445757640754,10.6347481949111,0.000786774138635102,..,6.82415992288861,0.0125714234070272,0.00152713645779294
Sweden,SWE,Trade (% of GDP),NE.TRD.GNFS.ZS,68.6004574220424,66.5385083268845,72.0087101401916,74.3403912388145,74.8983658159395,81.4775319321754,80.5882900359504,77.2186507056824,75.2455936655162,78.5911495819721,83.7514776951197,88.1954134776664,89.1620822111883,92.5641504308151,81.5088560374264,84.2483771880363,85.7910274001081,85.2822510623587,80.8156652769752,82.9335316938536,83.7238145087279,82.3206450872032,84.9347494342818,89.1311983954621,91.4338289680865
Sweden,SWE,Exports of goods and services (% of GDP),NE.EXP.GNFS.ZS,37.1240310199484,36.028866805627,39.1319850981967,40.0209948883021,40.1114332826671,43.2584584604537,42.9207450800425,41.2470904455775,40.3257049709808,42.6906424082589,45.01548061554,47.4874330005625,47.6102603456699,49.0869229216005,43.4539788044118,44.6788529489048,45.2711911918356,45.027525416194,42.5268091342415,43.2661612480684,43.7667675162599,42.691478270481,43.734721932138,45.6830615126713,47.8092109523511
Sweden,SWE,GDP growth (annual %),NY.GDP.MKTP.KD.ZG,3.93519292606446,1.57945640649923,3.07052659296374,4.31183635326269,4.24718414367548,4.7663488714872,1.44949861796981,2.1969210621746,2.30981059032811,4.33685615384474,2.85880323990261,4.66277355175126,3.43922177600065,-0.450559256743361,-4.33979057452935,5.95210700755608,3.1953332348894,-0.588304568990736,1.187775715906,2.65779827531642,4.48928158790491,2.07059315052096,2.56792452526476,1.95002284569983,1.98619587380391
Sweden,SWE,Tax revenue (% of GDP),GC.TAX.TOTL.GD.ZS,26.7323902740389,27.3112203120576,27.5148502712638,29.6705614042422,30.2978502040632,29.8589249594398,27.8928127662277,26.763166888347,26.8944806293649,27.2535027634148,28.5568654610835,28.5603081429543,28.5070406755097,27.4719371629243,27.2335384612622,27.3995188579747,26.6327333985174,26.3039107303439,26.4675406280059,26.5148908140545,27.1368417099522,28.120504703138,28.1273850866599,27.9091466033843,27.4127018295836
Sweden,SWE,Crop production index (2014-2016 = 100),AG.PRD.CROP.XD,83.24,96.94,97.75,94.47,85.33,91.58,88.79,89.21,86.67,93.56,87.69,75.82,84.53,87.21,91.82,79.38,85.27,89.96,88.68,99.87,103.91,96.22,103.35,64.14,105.2
Sweden,SWE,"Foreign direct investment, net inflows (% of GDP)",BX.KLT.DINV.WD.GD.ZS,5.5888691383617,1.88243367340226,3.83039863626584,8.61672277532109,22.9539642927039,8.68141509900555,7.51572681587293,6.8884054834351,1.79689343407486,4.37648926549524,5.29875780977657,5.21224259891122,9.39303090626209,8.0038751828389,2.05271748500075,0.126076302691436,1.2157159597585,0.773512654107363,0.224393964985766,-1.48192890421348,2.03013931833984,3.03347241465821,4.54101429590326,-0.246421087777435,3.09382236180391
Sweden,SWE,Fuel exports (% of merchandise exports),TX.VAL.FUEL.ZS.UN,1.87513121284386,2.1758397938844,2.17679298733637,1.82634559158328,2.13463141544205,3.31858715765176,3.33532324710113,2.89073046611425,3.12791621451129,3.84503652460961,4.97850612726257,5.57557405608037,4.97189729555259,7.36848254501507,6.14691587571342,6.98170290674573,7.30520174490473,9.38407844374559,7.84874568644373,8.08175321120022,6.17712163770696,5.64525345959308,6.43406589912351,7.4346745116462,6.36260198244691
Switzerland,CHE,Trade (% of GDP),NE.TRD.GNFS.ZS,76.2521729078802,78.7524849566866,88.4699784559434,88.2156167655547,89.8170140994489,97.9368562124093,96.0398378851633,91.7818508640225,90.3354961093127,95.5170944588529,102.261172141836,106.245154784945,113.331857768509,116.778000147488,109.775984598968,120.065123269341,125.556273159907,126.453860464505,133.693708414477,120.213423375239,117.138482218872,123.565924513577,123.621807602301,124.428504325808,124.127612180467
Switzerland,CHE,Exports of goods and services (% of GDP),NE.EXP.GNFS.ZS,40.0197082968532,41.0277878722281,46.4944808079071,45.9946832411421,46.7810147907464,51.4377228768854,50.2026964781874,48.5596411646909,47.7207184344473,51.2999852986173,53.8541740314548,56.6091852245621,61.5528145502156,63.1293186926904,58.009669038461,64.8376280081055,66.4499236497689,67.7773730536667,72.0682136205549,65.3372701216929,63.8289557538988,66.817725925772,66.3484902889967,67.4781861031999,66.9653936798419
Switzerland,CHE,GDP growth (annual %),NY.GDP.MKTP.KD.ZG,0.480866448949428,0.471280020946296,2.26132523902862,3.0299691703928,1.66270128418284,3.95871971933516,1.57566196744156,-0.0732170840426534,-0.0323984765377787,2.70170920967028,2.74969898498485,4.07362844994275,3.9163758177818,2.80798363168692,-2.29737463071545,3.24339733550173,1.81310819203695,1.17925383325108,1.79214405707484,2.34988127508626,1.64462768699285,2.0686896670996,1.36279955711416,2.86044579461633,1.14198232505277
Switzerland,CHE,Tax revenue (% of GDP),GC.TAX.TOTL.GD.ZS,7.91546148574552,8.33804506820865,8.32392921234567,9.26195695886805,8.91888653246466,10.032345418206,8.97063263009422,8.9557042716729,8.97757718629271,9.020393896535,9.12616072837828,9.19403806543004,9.0656237703257,9.58714189507603,9.34852798673042,9.36400803897084,9.32195218828286,9.1690747420643,9.25621409876975,9.08733953197482,9.55617901664748,9.40460314074152,10.0616352922898,9.69102394496102,9.90716918660662
Switzerland,CHE,Crop production index (2014-2016 = 100),AG.PRD.CROP.XD,110.45,131.58,111.37,127.4,103.27,122.28,99.27,106.94,93.01,111.3,99.93,96.44,107.09,102.59,109.82,95.61,117.03,101.73,92.17,110.22,96.5,93.29,96.02,107.56,98.23
Switzerland,CHE,"Foreign direct investment, net inflows (% of GDP)",BX.KLT.DINV.WD.GD.ZS,1.17852210155719,1.43491990572582,2.84676290925378,3.7387354465294,4.88171062927881,8.26631602875868,3.40739822340102,2.6699038482556,5.44667518652089,1.7583727359017,0.637104289050499,12.1731323129404,9.92138923782949,0.527253063961112,8.59932509165808,2.95077318898271,2.90052077420682,5.81910221569192,-3.52948637026792,2.89084632358215,17.1083833328203,24.2480735008832,20.6035378169251,-22.1051198346507,1.21642491474438
Switzerland,CHE,Fuel exports (% of merchandise exports),TX.VAL.FUEL.ZS.UN,0.100227817143182,0.119050012386532,0.237382048453701,0.202739377477747,0.219329699351279,0.359210741124484,0.323285806119116,2.01166143611286,2.01154346324827,1.85628442811306,2.13026998220451,2.53655172319853,2.10764465051033,2.55296088355365,2.39168704251515,2.81909988892528,3.11448555253805,2.34454491424553,1.01914238115344,1.11392904766745,0.949399913937568,0.61728947027059,0.691126392932899,0.936365801100422,0.812850763704472
Syrian Arab Republic,SYR,Trade (% of GDP),NE.TRD.GNFS.ZS,68.9765751565305,69.9141790558683,66.2229786914424,61.424844770787,64.3084049166638,65.2849861212903,67.3681324999384,71.6443076814108,61.5469905405418,78.1149285929097,80.1330024866606,74.2052265865927,76.3793535157197,74.2279600990172,59.9438252393676,64.0101646947258,50.6960943456553,35.3686903315942,44.705254783599,54.2644225207985,51.0862078228369,67.1119365330928,61.0508521719631,50.6590991144828,41.9994711236162
Syrian Arab Republic,SYR,Exports of goods and services (% of GDP),NE.EXP.GNFS.ZS,31.0397127720128,31.8259784586391,32.420741742213,30.5291709469615,32.3167605104189,36.1161500426144,36.886555346568,39.753511739574,32.2077747976797,40.4490204761104,41.0423794407735,39.011436488794,38.5943851016262,37.5620695571187,29.0594099666562,32.1667853817776,19.369327824098,7.71461782136059,7.77801797227006,7.01577957143612,14.2911046581269,21.6800989026841,19.3396755851813,14.9170277126093,13.0100664640827
Syrian Arab Republic,SYR,GDP growth (annual %),NY.GDP.MKTP.KD.ZG,7.02658954303115,9.82556940470964,5.0238045081104,6.78530452433867,-3.55344987109004,0.675642589410501,1.04728710191981,3.95483192702744,7.20443505274413,6.90295943489203,6.21507783539282,5.04619555585526,5.67459177685805,4.47667273608019,5.91204279337705,5.19190584075331,2.8500028435797,-26.3390170772532,-26.3000876641997,-10.3103399024413,-4.17979161679355,-6.4055907393619,-0.723281777470547,1.39317607830837,1.22070522070523
Syrian Arab Republic,SYR,Tax revenue (% of GDP),GC.TAX.TOTL.GD.ZS,..,..,..,..,..,..,..,..,..,..,..,..,..,..,..,..,..,..,..,..,..,..,..,..,..
Syrian Arab Republic,SYR,Crop production index (2014-2016 = 100),AG.PRD.CROP.XD,106.25,123.98,104.43,137.52,105.63,126.27,125.37,153.84,144.43,148.22,157.79,162.47,133.1,126.17,145.8,135.56,157.18,138.46,114.59,85.07,113.44,101.49,112.54,107.35,129.66
Syrian Arab Republic,SYR,"Foreign direct investment, net inflows (% of GDP)",BX.KLT.DINV.WD.GD.ZS,0.196593546127239,0.144606626262743,0.120444921932108,0.116447211946703,0.360420441171444,0.335029067357341,0.126770005995844,0.126989756217051,0.167199950100683,0.243657504868217,0.37256760649957,0.428478791754421,0.689861882403,0.672026931976832,1.14425049134795,0.581818164878863,1.19065656493497,..,..,..,..,..,..,..,..
Syrian Arab Republic,SYR,Fuel exports (% of merchandise exports),TX.VAL.FUEL.ZS.UN,..,..,..,..,..,76.3427907452439,77.4366457103699,72.166474936787,71.3450037704146,67.6287275526281,67.8265560151955,40.3468565868188,41.1071680586458,38.5735492232992,37.8241187413365,49.8858724288123,..,..,..,..,..,..,..,..,..
Tajikistan,TJK,Trade (% of GDP),NE.TRD.GNFS.ZS,137.515902578797,156.670590142672,181.590119644925,106.89554276797,133.60594795539,175.351206134214,146.657305562056,138.6839688324,137.669592976856,128.338170674363,126.994699303416,141.153912074728,145.528099715723,114.480149093579,85.9781370434108,73.493044509473,79.7842446734572,83.1759445401528,71.7437428882341,54.6071596053705,49.9378160689555,55.7246446907573,53.7861046057767,55.8461114113303,56.0450159145896
Tajikistan,TJK,Exports of goods and services (% of GDP),NE.EXP.GNFS.ZS,65.5830945558739,76.605804150454,87.4179853338479,48.8637471959427,66.0966542750929,86.7521128337158,68.1410406427958,62.8092317719906,63.9307766623262,58.7453180484166,54.2419448838565,58.1562258976776,45.8592358876636,34.0147964082001,24.4709988607994,14.9390256242133,16.4476856516722,17.2772798792139,11.088143661398,9.17009118973376,9.80269842951246,13.2003292553609,14.9285396132184,14.3754784742862,14.9799392742745
Tajikistan,TJK,GDP growth (annual %),NY.GDP.MKTP.KD.ZG,-12.416322231899,-16.6999984353389,1.68067413588066,5.31286765940042,3.69955071665851,8.32432449473859,9.58083617842951,10.8000037591665,10.9999990780572,10.2999989410117,6.69999851655409,7.00000321108996,7.80000011872161,7.89999827154939,3.90000114826496,6.49999908585235,7.40000059956709,7.49999946321525,7.39999974700379,6.70000069016253,6.01930331771186,6.89999999999999,7.09999999999999,7.59999999939372,7.40000000004744
Tajikistan,TJK,Tax revenue (% of GDP),GC.TAX.TOTL.GD.ZS,..,..,..,7.68906661464937,8.20944237918216,7.70308389768848,8.20192682736563,..,9.70218843197379,9.82102378674623,..,..,..,..,..,..,..,..,..,..,..,..,..,..,..
Tajikistan,TJK,Crop production index (2014-2016 = 100),AG.PRD.CROP.XD,43.74,38.4,42.17,40.22,38.19,44.72,49.4,55.81,58.57,66.75,63.61,66.47,67.99,70.17,77.57,81.21,87.34,94.92,101.56,98.91,99.16,101.93,109.07,119.26,131.18
Tajikistan,TJK,"Foreign direct investment, net inflows (% of GDP)",BX.KLT.DINV.WD.GD.ZS,0.811973592965616,1.72470817120623,1.95329988420301,2.26786922364186,0.616861980590652,2.7358692795307,0.878575113190701,2.95358452440172,2.03493377139192,13.102213714539,2.35601213339369,11.9647296045474,9.67778088025471,9.42813566158299,2.99350113993398,1.66495890888637,2.23653429383906,3.16697521675601,3.35140820140247,3.58397814337114,5.48892046396497,3.45540459636672,2.46572638279427,2.84432999754195,2.56372126311277
Tajikistan,TJK,Fuel exports (% of merchandise exports),TX.VAL.FUEL.ZS.UN,..,..,..,..,..,13.306930349854,..,..,..,..,..,..,..,..,..,..,..,..,..,..,..,5.81923896321381,5.25489929874802,7.36663067485168,3.98604005919133
Tanzania,TZA,Trade (% of GDP),NE.TRD.GNFS.ZS,65.5824201291177,51.8806723144078,41.9076258557798,25.9355690831737,25.0134522316518,23.9808676998549,28.0205064680228,27.4897630455618,30.4383675184056,33.5982316955781,36.9592732894013,42.7681664691467,48.0583947796554,49.0265445510865,43.5326006456317,47.6404394295683,56.1661241821809,54.3689490815138,48.6316275295495,45.3560223433065,40.7576808778314,35.4204704002636,33.1125919853124,32.6426099043737,33.0185892502311
Tanzania,TZA,Exports of goods and services (% of GDP),NE.EXP.GNFS.ZS,24.0747227280252,19.9371649429537,16.2181067167801,10.0250361806256,10.1633516307338,10.809087756096,13.8322827978866,14.2767316005066,15.0879337473248,16.0400668390079,16.9833670564514,18.4149914479089,19.8306255869655,19.4646113550857,18.1942658314265,19.6075287366869,21.6342823266739,22.372111684507,19.0127876013666,18.0692092760813,17.1049115530965,16.349975063904,15.6634915658043,14.7391433931711,16.0367461484986
Tanzania,TZA,GDP growth (annual %),NY.GDP.MKTP.KD.ZG,3.56991186849274,4.54436680394159,3.52527818941029,3.70851159859494,4.86386375362284,4.52078463603272,6.0708082870693,7.09319498357334,6.67278983055097,7.50381465861516,7.47631925976344,6.53222138849077,6.76853520294939,5.68641685906199,5.26910524874316,6.33652342667861,7.67215543487166,4.50015356010735,6.78158560065316,6.73246186832483,6.16062877406682,6.86711619644551,6.72726996832438,5.50267599384966,5.79999999996723
Tanzania,TZA,Tax revenue (% of GDP),GC.TAX.TOTL.GD.ZS,..,..,..,..,..,..,..,..,..,..,..,..,..,..,11.5341744643449,9.91226158242781,9.79398200038448,10.4330040159572,10.7219234484868,11.3637968874428,10.4924954944653,11.3903399368077,11.8367190192838,11.695083058288,..
Tanzania,TZA,Crop production index (2014-2016 = 100),AG.PRD.CROP.XD,36.94,38.66,36.54,39.43,39.06,38.87,43.28,55,46.08,56.06,56.33,61.12,63,63.54,65.1,76.41,84,87.84,95.52,99.9,104.41,95.69,96.86,103.51,104.94
Tanzania,TZA,"Foreign direct investment, net inflows (% of GDP)",BX.KLT.DINV.WD.GD.ZS,2.28223804138315,2.31006555426527,2.05476437660051,1.40423753998077,4.06572270662334,3.46432553593464,4.04808254405128,2.79859080026338,2.09244380589948,2.65330621777744,5.08562696835774,2.16456512450246,2.66011088834969,4.94943766923668,3.24017488387777,5.66396796617806,3.54720849735785,4.53878496380622,4.5724283931935,2.8329281892962,3.17633492826527,1.73591210997565,1.76011643802415,1.70440979499363,1.99459353959394
Tanzania,TZA,Fuel exports (% of merchandise exports),TX.VAL.FUEL.ZS.UN,..,..,0.346825306985033,1.54079143166946,0.324892268252249,0.102821315130766,0.122563598729357,0.0812585603414405,0.0582492548746596,0.12217167726015,0.129026854555102,0.145882226834011,0.644600677919283,2.21753896919901,0.710369569143214,1.90135698578723,0.757162545025763,1.25025665065363,2.25065372364093,1.67367486325445,2.19577000835359,0.872530009193527,1.13284838395326,0.886836468069654,0.824331183688424
Thailand,THA,Trade (% of GDP),NE.TRD.GNFS.ZS,89.7561749368245,84.2741479979753,95.0517906464755,100.240473732828,100.706288704433,121.297955351472,120.267966273533,114.969743021067,116.692819704865,127.411873720393,137.853866832247,134.086946191268,129.873226989717,140.437011540931,119.269418854589,127.250522638251,139.675407224576,137.67493851024,132.462274174269,130.905495444398,124.839662152526,120.57522728913,120.891427433638,120.841864730984,109.689514715166
Thailand,THA,Exports of goods and services (% of GDP),NE.EXP.GNFS.ZS,41.532345065243,39.018420197111,48.2370587073887,57.9373028444006,56.4385428614735,64.840250738685,63.250689756653,60.6457526009701,61.522551633189,65.9718573391185,68.402716900887,68.6753420333013,68.8722751702483,71.4164181071068,64.4386124917652,66.4861731592239,70.8549093801611,68.9512356297981,67.1711410731483,68.3941351612178,67.6366902705865,67.0708839693011,66.6728324663767,64.838096899332,59.5188906218859
Thailand,THA,GDP growth (annual %),NY.GDP.MKTP.KD.ZG,8.12031534625378,5.65194446499471,-2.75357515314082,-7.63403528600102,4.57230775115542,4.45524704335014,3.44424900968372,6.14903605210036,7.18924330340971,6.28934214285795,4.18763842884337,4.96781089246107,5.43515169050809,1.72569884866334,-0.690618232300579,7.51339053261624,0.840132083053334,7.24279620249642,2.68749556320556,0.984468863619426,3.13404724911635,3.43515771692182,4.1776810321001,4.22287028746071,2.11455779628278
Thailand,THA,Tax revenue (% of GDP),GC.TAX.TOTL.GD.ZS,16.4409308201272,16.7262176292695,16.1054792572039,13.7881674416943,12.8892155998986,12.9767329017598,13.0702183217552,13.4703127620992,14.4815688032319,14.8533309059365,16.0618602656932,15.6369927115112,15.1431565568396,15.3848864043407,14.1942308395144,14.9326475542288,16.3618347937093,15.4409356740255,17.0125247967255,15.808339070115,16.1406165886422,15.3620878369337,14.7796769747412,14.914909411556,14.6553837829326
Thailand,THA,Crop production index (2014-2016 = 100),AG.PRD.CROP.XD,60.57,63.13,64.34,61.82,65.91,74.25,78.38,78.55,83.18,83.03,80.6,82.61,90.59,89.89,91.13,91.09,99.16,106.02,105.05,103.14,96.15,100.71,102.94,106.34,102.49
Thailand,THA,"Foreign direct investment, net inflows (% of GDP)",BX.KLT.DINV.WD.GD.ZS,1.22161487733782,1.27616818910848,2.59338342691777,6.43480671140772,4.81780662046842,2.66312868727133,4.21223509530842,2.48815301889834,3.43593984811892,3.38947495269123,4.33958708070528,4.0212567065949,3.28356939351343,2.93824905393328,2.27590224065624,4.32320928209174,0.667087644548593,3.24456444314608,3.79126450872817,1.22145318013998,2.22468548959784,0.843364340718618,1.81550260101987,2.71279835138662,1.01451188952294
Thailand,THA,Fuel exports (% of merchandise exports),TX.VAL.FUEL.ZS.UN,0.712209611067757,1.64432746355133,2.35021505110974,1.54998056285062,1.81982875296307,3.20587080220916,2.78708983762126,2.6712090250728,2.64684449404633,3.54811625679733,4.3299915080277,4.98295530009268,4.45405635204966,6.42325899751744,5.10728746220298,4.9376917798405,5.62505333864812,6.50877994657611,6.26560639926067,5.26621612167818,3.93607403286042,2.90326663511656,3.48826255211954,4.22547410116581,3.63363746733088
Timor-Leste,TLS,Trade (% of GDP),NE.TRD.GNFS.ZS,..,..,..,..,..,175.648464819583,166.696373497597,180.403744337855,122.311964931018,107.330819562041,74.6712513087646,98.8757193818142,128.760892225689,135.250760342415,157.686448551719,134.4005216863,140.766349625231,128.500493298465,79.6341248298199,82.7357773406823,59.8915274280404,59.8676137539811,58.1457024002627,64.3983311509215,70.8064146926001
Timor-Leste,TLS,Exports of goods and services (% of GDP),NE.EXP.GNFS.ZS,..,..,..,..,..,10.6180757175254,8.97046456805884,7.80444578879148,6.86607164885508,7.47443122521394,7.13646629228067,9.22930837977895,9.99695281131712,9.3464139161628,9.16632757300556,8.56463357399678,6.40579219145341,7.12282485534938,5.58459338120037,4.57179901393762,3.04089423986922,3.13323756929747,2.38891874176109,2.91249818345183,21.2720506908123
Timor-Leste,TLS,GDP growth (annual %),NY.GDP.MKTP.KD.ZG,..,..,..,..,..,..,16.3513809203446,-6.70365182412642,-2.18226413236545,0.400003981151968,2.98457963807486,-4.11609268942114,10.2653884542201,11.3948048266465,10.1469544183475,9.33151176629212,5.95853971210654,4.86062186827468,3.10436683211147,4.47249846569638,2.7972661120109,3.36817482791557,-3.1445700238548,-0.692800735541169,23.4120167614743
Timor-Leste,TLS,Tax revenue (% of GDP),GC.TAX.TOTL.GD.ZS,..,..,..,..,..,..,..,..,..,..,..,..,..,..,..,110.17258804732,135.484450541018,147.640195539203,93.8650341033643,62.7906664376797,36.0545083513086,14.9771220880118,20.0598047857839,25.0862771757522,22.8754754641511
Timor-Leste,TLS,Crop production index (2014-2016 = 100),AG.PRD.CROP.XD,96.05,96.02,86.69,75.04,82.02,92.03,93.89,99.89,96.73,97.42,105.9,108.86,102.77,113.78,129.69,128.17,99.11,100.67,99.73,104.53,102.75,92.72,87.16,95.38,92.16
Timor-Leste,TLS,"Foreign direct investment, net inflows (% of GDP)",BX.KLT.DINV.WD.GD.ZS,..,..,..,..,..,..,..,..,0.921419193534936,..,0.196422854275009,1.86827378816856,1.60190408547442,6.1212839058885,6.5968162145372,3.43944743183908,4.70566334584962,3.47958036025867,4.00200681164531,2.3422913323763,2.6952960468845,0.331519286807841,0.420216629267372,3.06008008460556,3.67928327906685
Timor-Leste,TLS,Fuel exports (% of merchandise exports),TX.VAL.FUEL.ZS.UN,..,..,..,..,..,..,..,..,..,0,0,..,..,..,..,..,..,..,..,..,..,..,2.00942216935424,0.00850496745962208,83.1835532250999
Togo,TGO,Trade (% of GDP),NE.TRD.GNFS.ZS,69.8464666590345,77.4224272306893,73.7805556335465,72.9878224887194,67.8895280769516,68.6660318077529,72.6030501025113,72.8769323937738,78.2179323340136,81.7168437127658,86.77530132651,87.0059941653751,61.7740721086659,62.3076674472105,62.210419994299,66.7974885937104,77.732312664143,75.7132085684163,82.1477877564195,70.9156517502517,69.1281378813376,66.4450409805081,58.2088602526732,57.5737388499452,56.3421740349757
Togo,TGO,Exports of goods and services (% of GDP),NE.EXP.GNFS.ZS,32.4369128104169,33.2820379210083,28.9750122634569,29.686342329128,28.8746893485824,28.217465289608,28.9567242068499,30.2727543774742,32.8028929849841,33.2882746815687,35.5580660902413,35.3707038016228,24.6220782432091,25.3265405456755,25.861394271016,27.725448533842,31.4946443044053,32.9891841943212,34.1111182093587,29.138898093163,26.7106298715077,26.7314987347852,25.3020773539116,24.3300490503804,23.9077019130487
Togo,TGO,GDP growth (annual %),NY.GDP.MKTP.KD.ZG,7.84583231910369,8.83621163151354,14.3773775705839,-2.29987656784617,2.48175143584939,-0.783479606389932,0.82343874878093,3.82662257962269,6.72017142301196,-0.978665335392478,-4.66629938241915,2.65013209953133,-1.17512039095263,4.03564527277381,5.45382399431951,5.85435269284599,5.82325223894063,6.30269541987442,5.82426583399493,5.63324021651326,5.46803129300602,4.21489560918502,4.00791259566937,4.79518333086139,4.92283321360694
Togo,TGO,Tax revenue (% of GDP),GC.TAX.TOTL.GD.ZS,..,..,..,..,..,..,..,..,..,13.1463520817601,12.8777437969426,13.8859156240639,10.8835244768274,10.3419113744916,10.3162178596308,10.507793254332,11.4052385672697,11.3616620345372,12.1000763248412,13.1664000700405,13.7687186077561,13.8673821156382,13.05865998156,12.859589627012,13.5836337317592
Togo,TGO,Crop production index (2014-2016 = 100),AG.PRD.CROP.XD,56.71,69.1,70.63,69.86,70.01,64.37,72.4,72.59,71.05,74.1,70.06,73.51,75.88,82,88.08,89.46,100.01,96.9,90.19,102.73,97.19,100.08,104.43,109.04,109.57
Togo,TGO,"Foreign direct investment, net inflows (% of GDP)",BX.KLT.DINV.WD.GD.ZS,-0.596716798014488,0.153804372414967,0.817929740055339,0.700298657174295,0.957028023166255,3.5403608878785,4.89852947232958,3.38702607346308,2.16338160344081,3.53840473717325,4.20794709203081,3.88660250393809,1.65977178667302,1.11146694137374,0.980635149082811,2.63493273204289,13.4388023170829,2.24458540176674,3.04894540679557,0.844950465027458,4.48026975109969,-0.76275824996834,1.38645400988561,-2.57457902571647,4.9437244573784
Togo,TGO,Fuel exports (% of merchandise exports),TX.VAL.FUEL.ZS.UN,0.000210312372761015,0.0191129096658626,0.00265822940682513,0.00415459077180286,0,0.646721411165284,0.409219102211552,0.533479697726589,0.346442128078205,0.366559632933694,1.24822513505645,..,0.00463204022037913,7.3944656246369,0.0360564758677565,0.0996200817549501,0.71761312236754,1.84495321763101,0.995086030122525,1.39324210617526,1.43740800982113,1.90111905444501,8.28761016730883,13.029113502464,15.2883516784544
Tonga,TON,Trade (% of GDP),NE.TRD.GNFS.ZS,71.1193987681528,77.8331737971833,71.8501614442849,78.2915618602903,50.5284858403347,52.8179790272479,58.231431149838,73.5146338383934,76.072622497597,76.1814066549823,74.70957781801,66.4809745971954,70.4414052130533,68.6624461443502,78.1388602594987,73.1896104241153,78.7838092467914,78.041441525229,82.9404221721051,74.9208095812253,81.451405104512,84.9477353336123,87.9674817359412,87.5947736062266,87.1654471936074
Tonga,TON,Exports of goods and services (% of GDP),NE.EXP.GNFS.ZS,16.9591832890697,20.1194638854381,20.8601992992976,19.5879748835682,15.4351928499161,14.268589417129,13.0475135415864,18.256309233981,19.3879646837218,19.5663092843806,17.8432109424067,14.5603954314436,12.2199493872796,15.9565620303597,13.6227975727734,12.5024431255217,16.2376556771541,17.0714125723399,20.3548864820685,16.9701818532139,16.9603182865436,21.6766233475186,22.157027423774,21.4120288357904,21.9718329230219
Tonga,TON,GDP growth (annual %),NY.GDP.MKTP.KD.ZG,7.37853582610855,1.80553121695688,1.22344961737785,2.45875910300609,3.71088096709073,0.875990063008445,3.74892569298142,4.84801281438973,2.30804549370431,-2.41070060920023,0.0810338937330641,-0.148635322896695,0.271095291096827,4.75016965581759,-5.19910903711188,0.803490182523831,6.81827614447295,0.823102717964815,0.312307909294702,2.01870046039205,1.17188825589601,6.57100050107448,3.32243254438831,0.241227960275054,0.706483433860413
Tonga,TON,Tax revenue (% of GDP),GC.TAX.TOTL.GD.ZS,..,..,..,..,..,..,..,..,..,..,..,..,..,..,..,..,..,..,..,..,..,..,..,..,..
Tonga,TON,Crop production index (2014-2016 = 100),AG.PRD.CROP.XD,94.85,95.66,94.18,88.65,87.7,90.56,90.88,94.51,92.44,92.24,92.27,102.02,141.09,137,136.5,135.25,134.58,130.79,131.95,94.25,107.67,98.07,98.07,96.04,96.04
Tonga,TON,"Foreign direct investment, net inflows (% of GDP)",BX.KLT.DINV.WD.GD.ZS,0.492384306944461,0.128316022177579,-0.00489607800061625,0.0238680850086429,0.480975935147416,4.49717592301814,4.21200290501146,2.56728324951136,0.0901243029612134,2.39908131658248,2.29389038196155,3.75986177428551,5.89036737393459,6.24723344296416,0.0790730265785499,1.27060978011796,1.84341169183834,-0.178777286652862,1.39121368758816,3.01025718356886,1.45288570981683,1.36122746487151,-1.21938880808244,4.07261155087847,0.340279568811314
Tonga,TON,Fuel exports (% of merchandise exports),TX.VAL.FUEL.ZS.UN,..,..,..,..,..,0,0,..,..,..,0.00015220791276173,..,..,0,0.0577899536538936,..,..,0.000627710156638937,0.163251711013709,0.000136818670385216,..,..,..,..,..
Trinidad and Tobago,TTO,Trade (% of GDP),NE.TRD.GNFS.ZS,..,..,..,..,..,..,..,..,..,..,..,..,..,..,..,..,..,..,..,..,..,..,..,..,..
Trinidad and Tobago,TTO,Exports of goods and services (% of GDP),NE.EXP.GNFS.ZS,..,..,..,..,..,..,..,..,..,..,..,..,..,..,..,..,..,..,..,..,..,..,..,..,..
Trinidad and Tobago,TTO,GDP growth (annual %),NY.GDP.MKTP.KD.ZG,3.80991314364765,7.13447746480871,7.52285462627518,8.1245639965458,8.02481764350063,6.90135959072803,4.16852398185424,7.93670968715332,14.4409895389734,7.95005151069972,6.20893787954175,13.2080586051735,4.75420970092722,3.39173707807387,-4.3917292474614,3.32322471027371,-0.294354409043763,7.44666581015142,3.53192565369508,3.85364078923793,-0.777478729405431,-7.52712257987442,-4.8008157464911,-0.602435915455416,0.361250889870604
Trinidad and Tobago,TTO,Tax revenue (% of GDP),GC.TAX.TOTL.GD.ZS,..,..,..,..,..,..,22.1212859407496,20.4554983123112,21.3015498320898,22.0250564559057,26.3787007953218,30.2575876543509,25.9952903378909,29.48840531425,26.8274060612857,26.2440184613642,25.6437422012934,24.7902102377612,24.1349032357956,24.8438518366111,24.540336230391,21.3082002104303,18.2430228153345,19.3226636953602,16.5468805109092
Trinidad and Tobago,TTO,Crop production index (2014-2016 = 100),AG.PRD.CROP.XD,225.24,229.43,221.7,183.94,198.89,212.7,177.47,214.57,166.12,150.22,139.89,182.54,177.33,103.74,95.27,92.35,92.75,97.49,96.6,98.04,101.49,100.47,105.18,106.93,101.05
Trinidad and Tobago,TTO,"Foreign direct investment, net inflows (% of GDP)",BX.KLT.DINV.WD.GD.ZS,5.6093498949729,6.17063297008399,17.4170608673158,12.0748575508837,9.44781394340287,8.33298811676719,9.46075960583206,11.1874930893587,7.14964286416839,7.51565755041278,5.87963579177132,4.80528416565147,3.83520271627024,10.0489432656806,3.69859111717232,2.47947143018943,0.161394393305952,-6.96680739398901,-3.93579404516874,2.22698384219163,0.654292958628612,-0.0995129849575253,-1.95872172216298,-2.84986542345152,0.773783085518185
Trinidad and Tobago,TTO,Fuel exports (% of merchandise exports),TX.VAL.FUEL.ZS.UN,47.8634353599253,52.5689064358333,48.2283799457016,44.5407151488861,54.0829141608523,65.2767623958138,51.8908191008227,60.0829711319212,68.2654581398313,60.2063701255845,70.197056162298,76.4552383952739,66.0755016748446,69.9704650947023,78.9953016332006,66.1219789511805,59.0819297966593,57.7826792923969,63.7733597433398,59.6473978210789,49.3249076151988,37.9854222651475,52.8728277639535,54.8147436915782,43.1589413099804
Tunisia,TUN,Trade (% of GDP),NE.TRD.GNFS.ZS,93.7144465686907,85.7203547620671,80.5007104439621,79.9794582620079,77.9051139411665,82.639110670191,89.5522011944661,85.3421759692656,82.390340709916,86.9253446966283,90.2512478803945,93.9409304094309,104.059400976647,114.343660218696,93.0168787876722,100.151009836799,100.106379304237,101.550723929668,98.9549566862038,96.1071038558701,87.2485306596052,87.0926643641466,95.8091979825804,103.87164039343,100.936008262245
Tunisia,TUN,Exports of goods and services (% of GDP),NE.EXP.GNFS.ZS,44.9043502738714,42.1093762292631,39.1140807378157,38.5197865270366,37.9790415861375,39.7300345865581,42.8168233248494,40.7848345956986,39.4835638279828,42.198076650746,44.9322920398366,46.0285163540679,51.0782219815701,55.6528299429018,45.039811033928,47.9597286942428,46.0546537716688,45.9128477724564,44.889705324588,42.947465118132,38.3998387567342,38.2952955757822,41.7207863819275,45.4856676552874,45.4464133236832
Tunisia,TUN,GDP growth (annual %),NY.GDP.MKTP.KD.ZG,2.35166985086541,7.14608096782061,5.44094350107467,4.78376247825665,6.05463447898158,4.7099729138049,3.79627166202512,1.32255714828946,4.70239953285241,6.23579072222647,3.4865455430439,5.24409983246916,6.70952097453554,4.23778147502819,3.04345012371552,2.97113275066512,-2.04663389535644,4.21667711535632,2.42993096446429,3.09032803070775,0.967703153193497,1.11742585932831,2.23783869165773,2.62493009339495,1.5878467320356
Tunisia,TUN,Tax revenue (% of GDP),GC.TAX.TOTL.GD.ZS,20.4858138143774,19.8376192549157,18.4410331511459,19.18316383043,19.1311664547799,19.2923685337066,19.597497669027,19.5406246580672,18.7452647767236,18.6721938282889,18.8775047168685,18.5107154877372,19.067873938373,20.4998082253244,20.0481618073119,19.199750829309,20.1748559350054,20.1154877238471,..,..,..,..,..,..,..
Tunisia,TUN,Crop production index (2014-2016 = 100),AG.PRD.CROP.XD,43.97,89.68,55.31,73.11,81.57,64.62,50.84,51.15,89.55,73.71,83.11,87.99,85.49,89.44,87.69,85.14,86.25,99.56,94.43,86.94,119.88,93.17,90.7,119.02,106.28
Tunisia,TUN,"Foreign direct investment, net inflows (% of GDP)",BX.KLT.DINV.WD.GD.ZS,1.5305492758972,1.21680620022798,1.65189067777703,2.98459369650589,1.51382652723785,3.49602747137556,2.04621697501892,3.41507220577273,1.96504647635127,1.89888949723214,2.20844919497597,9.42473369729129,3.89395159860218,5.79738619600755,3.50988118042442,2.88814231758981,0.899077534980039,3.28518933963283,2.17441280743922,2.03842746868013,2.11999260597179,1.40344558640993,1.9233125677007,2.31675365081389,1.93333257157672
Tunisia,TUN,Fuel exports (% of merchandise exports),TX.VAL.FUEL.ZS.UN,8.46757485226644,10.5068542518327,9.07238272997987,6.43503899084677,7.16274487264385,12.0878012010152,9.23624419584617,9.35398364910013,10.0082146574565,9.57818211201145,12.9344851365638,12.9823968293614,16.1951851598677,17.3145503371259,13.6321769184984,14.1724455435595,14.5522463732087,16.7803635249074,15.2132858501248,13.186068132323,7.20969744410097,5.6449759317471,5.96058193974094,5.68962559679174,5.52195852371031
Turkiye,TUR,Trade (% of GDP),NE.TRD.GNFS.ZS,44.2426347506171,49.3693148863728,54.9703235724023,40.3954105883847,37.6649220129325,42.3544370390114,49.8714751387935,47.9823940487577,46.2250976270923,48.8258381508865,46.1423570520464,48.7628710706907,47.8508167487862,50.5482538951665,46.7870669467638,46.6944652263085,53.3041756356468,52.830802656723,52.5272987998138,53.7663011662543,51.0885436007552,48.3281862338973,55.762168749568,62.6142111728118,63.1932903231036
Turkiye,TUR,Exports of goods and services (% of GDP),NE.EXP.GNFS.ZS,19.8916075029397,21.5426581369532,24.5817176843052,20.6662298719224,18.8109124989818,19.8811989046161,27.1819418753369,25.1051190164424,23.0061778959535,23.6247532110161,21.8762675597935,22.3948339423242,21.8895256942149,23.5662909262571,23.3701991459541,21.1941333155525,22.9937012536403,24.3608755208614,23.7930095050818,25.2055416974053,24.5312773389092,23.0835091311263,26.0394223439924,31.2326925586374,33.0742147083823
Turkiye,TUR,GDP growth (annual %),NY.GDP.MKTP.KD.ZG,7.87826687618991,7.37966447375686,7.57766364407608,2.40415025686937,-3.26316840597104,6.93323970455904,-5.75000655464257,6.44772204681594,5.76320606654714,9.79593638920282,8.99230493626517,6.94798808571993,5.04350793157104,0.815024573007705,-4.82315395301769,8.42710432276191,11.2001105833504,4.78849271108008,8.48581699653026,4.9397151613658,6.08448690443663,3.32308420845746,7.50199748917491,3.01317990846508,0.81852593620826
Turkiye,TUR,Tax revenue (% of GDP),GC.TAX.TOTL.GD.ZS,13.976774696349,15.1995210542093,19.050538393081,14.6683801012076,..,..,..,..,..,..,..,..,..,17.5022873062229,18.0739349464114,18.859020486632,18.5709178655187,18.1071816357094,18.3638081029172,17.9458170478531,18.1807806755588,18.2655872255633,17.7181577427261,17.2700725912401,16.524385163859
Turkiye,TUR,Crop production index (2014-2016 = 100),AG.PRD.CROP.XD,71.02,76.12,73.26,83.38,79.21,82.57,77.35,83.57,82.11,83.27,89.4,90.77,83.86,88.9,90.17,92.7,96.05,98.56,99.43,94.98,102.18,102.84,108.25,107.21,109.98
Turkiye,TUR,"Foreign direct investment, net inflows (% of GDP)",BX.KLT.DINV.WD.GD.ZS,0.522680250649018,0.397874164247705,0.42395554230848,0.340651307688551,0.305387059629681,0.358009205092114,1.66143648076133,0.450365943798731,0.541012064598093,0.68115320938217,1.98117883010132,3.62338249776751,3.23591904225539,2.57654907421017,1.32221487006924,1.17109180715754,1.92921838268011,1.56083222274036,1.41605893309676,1.42043970559208,2.22870440882429,1.59080974143791,1.30269498288905,1.59825986143659,1.25478651517783
Turkiye,TUR,Fuel exports (% of merchandise exports),TX.VAL.FUEL.ZS.UN,1.3351202005954,1.15433351411723,0.733053541974595,0.963152688359028,1.26662402852161,1.06880006174656,1.41871774710539,1.91007933015807,2.07422147897293,2.26412471797319,3.59438376037657,4.16931750474639,4.79888088392976,5.70452546862763,3.83892447047593,3.83635976512141,4.75328243521876,4.90475359189769,6.11133521147795,4.36813821626103,3.26418101924191,2.13742856858285,2.75372472293348,3.12270042185464,4.49416367984142
Turkmenistan,TKM,Trade (% of GDP),NE.TRD.GNFS.ZS,168.179524539877,152.516129032258,103.690369036904,96.3201143265452,90.4761904761905,103.580317825005,81.9858549438358,63.7046861184792,63.201750694386,59.3199674884855,53.9723419741336,52.4473010022922,56.2777777777778,94.7240751970891,104.95217927132,96.8630558404027,111.062833823441,109.333652637251,98.5928226795449,91.0934829576602,81.2999305660859,62.0460846966262,53.5753567069955,50.9002726399821,44.2857594037204
Turkmenistan,TKM,Exports of goods and services (% of GDP),NE.EXP.GNFS.ZS,83.9729294478528,74.5806451612903,39.018901890189,29.7249017506252,35.6768885564697,55.2364541451273,41.4921647483012,35.4111405835544,32.6066829391465,29.6938499051748,30.6869716141313,35.1161849970785,36.7777777777778,57.3741661613099,47.0830223394838,45.9044156489854,59.7971553741823,58.8327446167355,49.8393204013857,46.7801747766921,35.6754642894197,22.1505138514768,22.4683973422127,29.8999852816462,24.7336007327164
Turkmenistan,TKM,GDP growth (annual %),NY.GDP.MKTP.KD.ZG,-7.2000409344549,6.69999216064754,-11.4000002276613,7.10000034386493,16.4999994972271,5.46906413252854,4.34384571432727,0.257179925006284,3.26882855955344,5.00040743766748,13.034034870022,10.9733083254017,11.05929947045,14.7,6.10000011485643,9.19999998805483,14.6999999278723,11.0999999615545,10.200000101399,10.2999999705459,6.49999990951666,6.1999999664301,6.50000004682975,6.19999994137119,6.30000004226711
Turkmenistan,TKM,Tax revenue (% of GDP),GC.TAX.TOTL.GD.ZS,..,..,..,..,..,..,..,..,..,..,..,..,..,..,..,..,..,..,..,..,..,..,..,..,..
Turkmenistan,TKM,Crop production index (2014-2016 = 100),AG.PRD.CROP.XD,102.57,46.94,58.6,72.79,108.44,101.42,107.18,101.38,107.72,125.82,132.47,124.52,108.98,103.95,109.91,127.54,112.86,90.46,93.7,99.47,103.26,97.27,95.67,93.59,129.47
Turkmenistan,TKM,"Foreign direct investment, net inflows (% of GDP)",BX.KLT.DINV.WD.GD.ZS,9.38664800613497,4.54270296774194,4.40181902520252,2.39092219694824,5.1008663674894,4.50998914417002,4.80936153099431,6.18552665782493,3.78088241730494,5.17229951086494,5.16047701573036,7.1122230202863,6.75922962962963,6.62635738831615,22.5235632084151,16.0841101892421,11.6000011402509,8.89999999988026,7.30000002613841,8.80000108809374,8.49997845126457,6.20181210651458,5.49999583590725,3.94118312453129,4.09797710355936
Turkmenistan,TKM,Fuel exports (% of merchandise exports),TX.VAL.FUEL.ZS.UN,..,..,76.5301378305115,58.5146934818278,64.1385878655064,81.0096342435514,..,..,..,..,..,..,..,..,..,..,..,..,..,..,..,..,..,..,..
Turks and Caicos Islands,TCA,Trade (% of GDP),NE.TRD.GNFS.ZS,..,..,..,..,..,..,..,..,..,..,..,..,..,..,..,..,..,..,..,..,..,..,..,..,..
Turks and Caicos Islands,TCA,Exports of goods and services (% of GDP),NE.EXP.GNFS.ZS,..,..,..,..,..,..,..,..,..,..,..,..,..,..,..,..,..,..,..,..,..,..,..,..,..
Turks and Caicos Islands,TCA,GDP growth (annual %),NY.GDP.MKTP.KD.ZG,..,..,..,..,..,..,..,..,..,..,..,..,..,..,..,..,..,-0.97229935533214,1.07087701348118,8.71129658152685,11.3148341336331,7.25118054973062,-2.49021899245794,5.61095637443547,5.32455148316902
Turks and Caicos Islands,TCA,Tax revenue (% of GDP),GC.TAX.TOTL.GD.ZS,..,..,..,..,..,..,..,..,..,..,..,..,..,..,..,..,..,..,..,..,..,..,..,..,..
Turks and Caicos Islands,TCA,Crop production index (2014-2016 = 100),AG.PRD.CROP.XD,..,..,..,..,..,..,..,..,..,..,..,..,..,..,..,..,..,..,..,..,..,..,..,..,..
Turks and Caicos Islands,TCA,"Foreign direct investment, net inflows (% of GDP)",BX.KLT.DINV.WD.GD.ZS,..,..,..,..,..,..,..,..,..,..,..,..,..,..,..,..,..,..,..,-8.2672072479104,-7.41855700744106,1.60685436223669,2.15852459737961,3.79337356649161,2.25165599228338
Turks and Caicos Islands,TCA,Fuel exports (% of merchandise exports),TX.VAL.FUEL.ZS.UN,..,..,..,..,0.0426853921073602,0.254008583589767,..,..,..,..,0.0717247314212899,0.00156157219542911,0.0189464937483337,1.93235129326059,0.171452697169157,..,0.0217987202276068,0.0104815937297078,..,..,..,..,..,..,..
Tuvalu,TUV,Trade (% of GDP),NE.TRD.GNFS.ZS,..,..,..,..,..,..,..,..,..,..,..,..,..,..,..,..,..,..,..,..,..,..,..,..,..
Tuvalu,TUV,Exports of goods and services (% of GDP),NE.EXP.GNFS.ZS,..,..,..,..,..,..,..,..,..,..,..,..,..,..,..,..,..,..,..,..,..,..,..,..,..
Tuvalu,TUV,GDP growth (annual %),NY.GDP.MKTP.KD.ZG,-5.00445203133808,-5.96137047461905,10.0033027825943,15.5011661260488,-1.56387082399142,-0.970489205783323,0,9.52380952380953,-4.34782608695652,-2.27272727272727,-4.65116279069767,2.4390243902439,7.14285714285714,6.66666666666667,-6.25,-2.22222222222223,6.81818181818181,-2.12765957446808,4.34782608695652,0,10.4166666666667,5.66037735849056,2.44839285714286,1.38728384151602,13.8220984406966
Tuvalu,TUV,Tax revenue (% of GDP),GC.TAX.TOTL.GD.ZS,..,..,..,..,..,..,..,..,..,..,..,..,..,..,..,..,..,..,..,..,..,..,..,..,..
Tuvalu,TUV,Crop production index (2014-2016 = 100),AG.PRD.CROP.XD,77.68,78.92,77.68,80.91,78.17,85.51,82.74,87.62,90.65,89.35,91.69,92.62,94.63,94.45,95.24,94.65,95.78,97.85,101.06,98.97,100.14,100.89,101.66,101.06,115.73
Tuvalu,TUV,"Foreign direct investment, net inflows (% of GDP)",BX.KLT.DINV.WD.GD.ZS,..,..,..,..,..,..,-0.0666666494262609,-0.0580645319026113,-0.0563999939036814,-0.0513057875857508,-0.0498350273142284,-0.0439171144323177,-0.0388537261065432,5.29515256931844,6.23669078552397,1.41793409770446,-0.303818658053084,3.36770368726286,0.8726977275,0.773974186046512,0.81495306122449,0.720650357142857,0.662593990689801,0.622431287005829,0.552188355301927
Tuvalu,TUV,Fuel exports (% of merchandise exports),TX.VAL.FUEL.ZS.UN,..,..,..,..,..,..,..,0.138592595817551,0.172228202368138,3.09877920075449,7.16310807131073,..,..,..,..,..,..,..,..,..,..,..,..,..,..
Uganda,UGA,Trade (% of GDP),NE.TRD.GNFS.ZS,32.62314586277,35.3854868820104,34.1585669652784,30.043921931244,36.0247101570245,32.7490333383822,35.3299767819725,36.2777941561831,36.5857264641268,35.4600862456436,38.9942854839061,43.6332857896204,46.7774166522822,56.2582682050634,47.0638780748379,38.2692490371291,39.7552255606122,43.5021371397314,43.1091548734687,36.0144010819085,37.6892983324358,31.2093620232119,36.8370529334101,36.6384055999567,39.3610539647435
Uganda,UGA,Exports of goods and services (% of GDP),NE.EXP.GNFS.ZS,11.7919923330531,11.9611132735901,13.359513678728,9.63904758759618,12.2515738969733,10.651409293254,11.5180826373161,11.2132791661446,11.3867248339712,12.6968807487592,14.1796999798574,15.2754133833713,16.7250685273524,24.2801423442251,18.6135663082242,13.8244828747602,12.8557239406741,15.4917287700064,16.5130356713113,14.9482109075764,12.8773253147369,12.4271644156806,16.6611294211705,15.0870530611511,17.1090580167383
Uganda,UGA,GDP growth (annual %),NY.GDP.MKTP.KD.ZG,11.5232438119529,9.07211457909349,5.10000186476283,4.90526548451564,8.05394837724197,3.141907338187,5.18366112490236,8.73268576440127,6.47325867166543,6.80723334361883,6.33256511623156,10.7847443857453,8.41242596551071,8.70875190154499,6.80151734860395,5.63761163749757,9.3916554927176,3.83745560605229,3.58690582623025,5.10630732539796,5.18785986002466,4.78100029254482,3.13140551723596,6.30392378262997,6.43874503276439
Uganda,UGA,Tax revenue (% of GDP),GC.TAX.TOTL.GD.ZS,..,..,..,..,..,..,..,..,..,..,..,..,..,..,..,..,..,..,..,..,10.8017708078475,11.1195629663514,11.6047236723344,11.6828686475731,12.2363794693037
Uganda,UGA,Crop production index (2014-2016 = 100),AG.PRD.CROP.XD,96.61,95.79,96.56,104.26,109.82,110.86,118.26,122.91,122.5,121.96,120.14,117.55,122.39,88.73,93.08,95.82,96.22,96,98.95,103.15,104.94,91.92,105.08,103.86,122.71
Uganda,UGA,"Foreign direct investment, net inflows (% of GDP)",BX.KLT.DINV.WD.GD.ZS,2.10569518111373,2.00179157800548,2.79136538541262,3.18915524586374,2.33722633189323,2.59476174980504,2.59388837097761,2.98852729237692,3.06033199910157,3.72085072270847,4.11082611076276,6.45705802026041,6.65659725038112,5.04737190164171,3.3491615513943,2.03900471067451,3.2086060344385,4.41438584859015,3.79031709675384,3.24589612959277,2.27760507458345,2.1425304891559,2.61088918011351,3.20512810607337,3.6030428562421
Uganda,UGA,Fuel exports (% of merchandise exports),TX.VAL.FUEL.ZS.UN,0.0847361579136495,0.00819367379602146,0.00758368720725879,2.31970782168828,0.226241146857721,5.0240653767444,2.55881071072934,3.63329549166036,2.9815736307981,2.15744861584744,1.66663556012777,4.38781819523582,1.29891752827692,1.2724566456655,1.37508672939007,1.20826334740248,5.74523774419087,6.61880937018064,1.07267010214049,2.11407660369841,1.05985415174367,1.14300324387532,2.45925296695196,5.40337893135784,4.97635328996552
Ukraine,UKR,Trade (% of GDP),NE.TRD.GNFS.ZS,97.2296964841051,93.8566450766079,84.2414161623735,86.0497284415116,101.951706965548,115.735714934593,99.9261276192731,95.994669810112,102.590182257396,109.981708544962,94.6475701087848,89.181052639031,88.0465606718626,94.1718921417534,87.4761626200316,95.72973045329,104.805073904259,102.622788356626,94.0016694501782,100.691782483624,107.806616298156,105.521204913122,104.034982911399,99.1998150718675,90.5112342910763
Ukraine,UKR,Exports of goods and services (% of GDP),NE.EXP.GNFS.ZS,47.0732494907039,45.6519320649174,40.5912261554116,41.8878472215453,53.7037907269131,60.2970566860465,50.6489878063218,50.1187333965439,52.5431306448415,58.6968317186137,47.7297326846335,43.2186231235111,41.2899111443658,43.2598688559666,42.9288246983766,46.4565383259637,49.4061569340739,47.38283156146,42.8973826672717,48.5929618158503,52.5976795082231,49.2986194577187,48.1249163515559,45.2352356625927,41.2316912560049
Ukraine,UKR,GDP growth (annual %),NY.GDP.MKTP.KD.ZG,-12.2000000007385,-10,-2.99999999842365,-1.90000000214164,-0.200000000106499,5.90000000024899,8.80000000367222,5.33964720719075,9.51660986436364,11.7953525281136,3.07123039245209,7.57142076322967,8.21584445165715,2.24349159628288,-15.1364679101502,4.09200436668087,5.44528081048476,0.152314967200653,0.045439094492707,-10.0788949840953,-9.7729872128676,2.44098194492067,2.35997228099491,3.48836234022659,3.19950386354134
Ukraine,UKR,Tax revenue (% of GDP),GC.TAX.TOTL.GD.ZS,..,..,..,..,12.9917511231045,13.6153819949128,11.6624126908962,12.6327971410023,13.161625947039,12.8140914560614,16.5287705679768,17.0921634355012,15.8179537908098,17.0917178616882,15.7892363802239,14.997505767077,17.8400492744471,17.6333154227001,16.8986843392832,17.294347838416,20.4513654211322,19.6301198096561,20.0523676996082,20.1425525138036,19.1961400966208
Ukraine,UKR,Crop production index (2014-2016 = 100),AG.PRD.CROP.XD,53.82,47.64,53.29,44.34,40.74,49.15,55.37,55.48,52.85,63.07,63.11,62.6,56.54,79.62,74.17,70.18,91.9,83.67,99.56,100.14,96.11,103.75,100.82,111.06,112.83
Ukraine,UKR,"Foreign direct investment, net inflows (% of GDP)",BX.KLT.DINV.WD.GD.ZS,0.553782708035487,1.16924072792846,1.2422352423285,1.77400963613502,1.57058250563469,1.83783307310592,2.01477599147626,1.57657070830023,2.73791628490563,2.55131815944331,8.7495509827803,5.00872538573992,6.8531805098082,5.68814936936009,3.9234187670663,4.56840018285092,4.256089748054,4.47720109403357,2.36694390135139,0.634438528402592,-0.217508398305494,4.42178946686191,3.28306130596563,3.80086991777664,3.76649676088543
Ukraine,UKR,Fuel exports (% of merchandise exports),TX.VAL.FUEL.ZS.UN,..,4.34658941214644,4.24247076886311,4.11637172083702,6.0525862481321,5.5427931435479,7.2943003260882,9.17967636907921,11.9347721509607,10.4198172781886,9.76678612675717,6.65543968377137,5.33567920429434,6.13750401903014,5.36779503400886,7.11920021246899,8.32111642019338,5.29842708103909,4.52519470348902,3.73321431712067,1.27997250942501,1.22784536008362,1.81994769039643,1.81962240086264,1.72417464016213
United Arab Emirates,ARE,Trade (% of GDP),NE.TRD.GNFS.ZS,..,..,..,..,..,..,89.8645799289427,93.0716588147781,102.300169490783,116.622612523831,119.552871642254,119.470669577786,136.798152865771,148.513544025723,153.461944358373,138.892096909526,147.392662015533,159.970470622298,161.100482455799,164.029509861227,169.47623670322,170.903087759838,172.803424996025,157.920573135862,167.383564925995
United Arab Emirates,ARE,Exports of goods and services (% of GDP),NE.EXP.GNFS.ZS,..,..,..,..,..,..,49.1592253276122,49.5033473840813,55.9231992151745,63.5677298138648,67.5853113898841,68.6277976715135,72.3840975003088,78.86788870154,79.6533178621862,79.3926734584927,87.5386024447076,97.6349633792212,98.0075860877962,96.9237967420901,97.5631880734885,97.6631210860929,98.3423922101414,91.9947768689725,96.6641687543316
United Arab Emirates,ARE,GDP growth (annual %),NY.GDP.MKTP.KD.ZG,6.68788646362944,5.79840406132152,8.1903986407705,0.291994348685435,2.902213644646,10.8527042125985,1.39908503032635,2.43345681036158,8.80054081486436,9.56643663716162,4.85514119630901,9.83731977348512,3.18439017367184,3.19183627610396,-5.24292190667536,1.60285004831225,6.21612181337187,1.82448078870188,5.05555965425988,4.16569184256178,6.78677287945216,5.56149075496799,0.735068713165646,1.31391388141118,1.10834813893099
United Arab Emirates,ARE,Tax revenue (% of GDP),GC.TAX.TOTL.GD.ZS,..,..,0.992336343973077,1.07587239217888,1.1224470054107,..,..,..,..,..,..,..,..,..,..,..,0.312357810728047,0.35430930265957,0.361091644806412,0.346301233370404,0.0558410691344118,0.042056449990256,0.0656213981934939,0.0586388626972548,0.972238389500718
United Arab Emirates,ARE,Crop production index (2014-2016 = 100),AG.PRD.CROP.XD,118.42,126.86,160.53,163.52,275.44,355.97,214.47,202.8,186.66,203.61,200.53,180.5,177.96,188.11,180.16,192.08,70.02,65.99,67.83,90.32,104.59,105.09,98.67,99.16,102.55
United Arab Emirates,ARE,"Foreign direct investment, net inflows (% of GDP)",BX.KLT.DINV.WD.GD.ZS,0.608195467069962,0.408474866570238,0.294815985875101,0.340485312002994,-1.16683578609984,-0.485281532816973,1.14589216989256,0.0867813661375527,3.42266271330333,6.76715211324682,6.03481603924168,5.76543753210014,5.50043971843078,1.6048746086738,0.447367363952641,2.93040987389577,1.98210834037767,2.4873633634704,2.43989565736958,2.67360384789356,2.30933522457138,2.60111969076035,2.65141548161459,2.43186975983804,4.27633945790034
United Arab Emirates,ARE,Fuel exports (% of merchandise exports),TX.VAL.FUEL.ZS.UN,..,..,..,..,91.2876718951178,93.843835816671,91.783197076844,55.7261089954946,48.2728267331956,54.0586347867889,57.7303108639363,62.2532759092846,63.7197610075105,62.304908634584,43.5246022231876,49.9895856498744,53.5351069475687,47.2314196497577,55.8450474819963,50.7904126785472,37.6515533891839,31.5589751074458,35.9974179478646,68.5381737167988,77.8387271988389
United Kingdom,GBR,Trade (% of GDP),NE.TRD.GNFS.ZS,50.9957797486632,52.2438084688564,50.9734058453648,49.3364553465645,49.6314395043173,52.521730598718,52.8216135097523,51.3796342070387,50.2395230519083,50.4517112404991,52.6807168405482,56.9144274808123,52.9643534370859,56.6986069277108,55.004384033595,59.2727749722888,63.5654009707745,62.2259827334183,61.9991119149908,59.0948041195932,57.2035496863734,59.7003984143761,63.1216500310687,64.542648250433,64.6651336372235
United Kingdom,GBR,Exports of goods and services (% of GDP),NE.EXP.GNFS.ZS,25.7806291050602,26.3611917893874,25.7690068753573,24.4296200003806,24.3053425455884,25.6598216491998,25.5471650372775,24.5103610004373,24.0564905660977,24.0722889197868,25.2715104711424,27.5121294423106,25.5115603212923,27.5059613453815,26.881551031055,28.8567426749383,31.3875940550587,30.6185684317404,30.2894247712844,28.5762147291242,27.845950666101,28.9023395233588,30.8903510330461,31.5801113597336,31.63478028095
United Kingdom,GBR,GDP growth (annual %),NY.GDP.MKTP.KD.ZG,2.53167004513035,2.58202252914914,4.92492865169534,3.41426987375397,3.06617612499225,4.31872705812104,2.5787410460365,1.79198561607272,3.14657252830963,2.42649654912002,2.73884240379734,2.38627536792974,2.62033122218656,-0.225726974764584,-4.61495740242552,2.23868863381415,1.14510154098662,1.51293674929991,1.79232221590813,3.19578246561922,2.2202583222271,1.9210634135702,2.65506966811928,1.40379208588568,1.64161099628876
United Kingdom,GBR,Tax revenue (% of GDP),GC.TAX.TOTL.GD.ZS,23.2315738191807,23.0650125880089,23.7371316491942,25.0251126438531,25.4816687882459,26.089164498452,25.7414702456517,24.9615800725006,24.5554042090574,25.1523282654273,25.488132609925,25.770394514272,25.9947159105991,26.4578940763052,24.172876842876,25.2732735570416,25.8242260569353,25.0871936115398,25.1201188304897,24.8652090668849,25.0491664018543,25.4399754976414,25.5822619355173,25.5309194240219,25.0889355532268
United Kingdom,GBR,Crop production index (2014-2016 = 100),AG.PRD.CROP.XD,91.56,102.32,101.22,97.59,99.94,98.79,87.05,98.1,93.17,94.9,94.68,91.65,86.94,100.23,96.2,95.04,99.4,85.73,89.63,104.18,102.87,92.95,101.62,91.35,101.09
United Kingdom,GBR,"Foreign direct investment, net inflows (% of GDP)",BX.KLT.DINV.WD.GD.ZS,2.16696826540955,2.28315170813365,3.28729864677002,6.64074193589353,7.69577208616152,9.85451206947804,3.3998059098334,5.02654863681235,1.7528640877232,3.59523929838674,9.93454640049509,7.51858312899467,6.77930004470465,8.65204820165557,0.602903980683404,2.6849735901,1.01403975166563,1.72697599448212,1.95605174026818,1.92156774768545,1.54832168533284,12.0788528134648,4.67730914435461,-0.872604333652357,0.694070007703287
United Kingdom,GBR,Fuel exports (% of merchandise exports),TX.VAL.FUEL.ZS.UN,6.19592254258388,6.72122587769505,6.02927111333643,4.14103276192785,5.54940163815323,8.31363399667227,8.02728595472992,8.09048122385878,8.18486315684614,8.74180115519692,9.34667587729113,9.51966616894902,10.283154066959,12.907975568673,11.0096977437667,12.3740599458975,12.6153872741119,13.8690044776246,11.4223263327095,10.8953001970876,7.02213106641059,6.25609635660007,7.96909103032825,9.45873392804059,8.59897730540144
United States,USA,Trade (% of GDP),NE.TRD.GNFS.ZS,22.4533816490568,22.6870719902412,23.4283210916839,22.8258909523693,23.3135637046602,25.1029953595813,22.967181335596,22.2863741094897,22.6273130062789,24.4480622643257,25.6385530316517,26.9752780973197,28.0120176822667,29.8677957945319,24.7595311689876,28.2198952346731,30.8424862411943,30.6818353657295,30.0079539684645,30.0044781614855,27.8235649187872,26.6079620604584,27.3130208877206,27.6103792720958,26.450635221347
United States,USA,Exports of goods and services (% of GDP),NE.EXP.GNFS.ZS,10.639223880261,10.7466355642836,11.1197545265553,10.5152611335588,10.309334558667,10.6927769053241,9.70344749898923,9.131381513844,9.03565868264667,9.62875008142275,9.98205473154167,10.641386468295,11.4637901622698,12.4258473646734,10.9322206193664,12.3413608086534,13.5634671535102,13.6440493967794,13.5836612014366,13.5524377198989,12.4718192531032,11.957982056879,12.2617381180006,12.3609892157496,11.8724701148898
United States,USA,GDP growth (annual %),NY.GDP.MKTP.KD.ZG,2.68421727207786,3.77256549921414,4.44717494524525,4.48139443155316,4.79449904467508,4.07715947941618,0.954338728708379,1.69594292274957,2.7962091006717,3.85255260064351,3.48322032025258,2.78281062584327,2.01050755163328,0.122188442974647,-2.59988835108558,2.70885669419681,1.54989495017045,2.28068760319185,1.84187539518688,2.28777593255359,2.70636958176399,1.66747207596187,2.24192121597748,2.9453848312678,2.29443907769311
United States,USA,Tax revenue (% of GDP),GC.TAX.TOTL.GD.ZS,10.980989035111,11.373914577285,11.8281965458351,12.3298291446849,12.2599793135157,12.9708003629433,11.8577039046602,9.86801220227667,9.39069910317543,9.53747297857866,10.6817311353578,11.310475666951,11.2899135181825,10.2761909366076,7.90351822026163,8.56322576078511,9.5389309882013,9.763916029528,10.4835093346258,10.9354320229891,11.2374940636678,10.9182669054538,11.5834831642617,9.98924207356735,9.95934417656322
United States,USA,Crop production index (2014-2016 = 100),AG.PRD.CROP.XD,67.22,74.56,78.1,77.55,77.8,79.88,77.73,74.57,77.93,87.3,84.04,80.84,86.81,86.09,89.74,89.55,87,85.99,92.94,97.81,95.48,106.71,100.53,100.21,93.69
United States,USA,"Foreign direct investment, net inflows (% of GDP)",BX.KLT.DINV.WD.GD.ZS,0.904218188320061,1.20969310261879,1.42406557267981,2.32984922894518,3.24414224201686,3.40578256861876,1.63009964802286,1.01613919132561,1.02218472001084,1.74869134454691,1.09166213272067,2.16033528740671,2.39469093772646,2.30937902080946,1.11260034220261,1.75453268550496,1.68911277121237,1.54020811932936,1.71066753395925,1.43502130688419,2.80914762910409,2.53749765919682,1.95521086285051,1.0457039920427,1.47787452846554
United States,USA,Fuel exports (% of merchandise exports),TX.VAL.FUEL.ZS.UN,1.89191251927575,2.07124626296476,1.91675770574592,1.56887699110576,1.52518599921472,1.84678858931191,1.88077482714846,1.83394389932985,2.10931027144065,2.5706533002655,3.31136445717427,3.7372185207955,3.96254132636237,6.48428941235738,5.80419155097004,7.18456843300661,9.92432604469065,10.0636570136531,10.7639934435291,10.9856792186563,8.0034184342575,7.57865354567164,10.510450824598,13.5299938279588,14.1993655796366
Uruguay,URY,Trade (% of GDP),NE.TRD.GNFS.ZS,38.0976748425287,39.5284364552889,37.706397080707,35.6400154006956,33.3864489469027,36.7137381507902,36.3095126435057,40.02906730756,51.7591995826472,61.4766880860242,58.8776963255774,61.9715745165876,59.2104478374095,65.2080950071821,53.3944192683736,51.6990372012256,53.2470340109018,55.0611541633768,49.7178464746233,49.0876240632174,45.3282408087534,48.4705339533002,46.3779559876727,47.9167109925625,49.5573052535871
Uruguay,URY,Exports of goods and services (% of GDP),NE.EXP.GNFS.ZS,18.9968128121984,19.6699797975865,17.457847722398,16.4199105812284,15.0976530821748,16.6980989454195,16.8046592733471,20.6216724821799,27.4324201365808,32.1122956028892,30.4040198202399,30.2975044020751,29.0904872479399,30.2030239718046,27.0992157546178,26.3429945409681,26.4221494211811,25.9196294244279,23.3531364247538,23.5426616139817,22.4778512515741,26.9316810976575,25.9311612176478,26.500573202942,27.8103969981142
Uruguay,URY,GDP growth (annual %),NY.GDP.MKTP.KD.ZG,-1.44759896894408,5.57795776385868,8.54768320111596,4.51889009679091,-1.52094591992036,-1.92993063549235,-3.84412995940374,-7.73200721540044,0.805283915893824,5.00416035564457,7.4601321302473,4.09857735445401,6.54151084504817,7.17614466455107,4.24349419462426,7.8034096507169,5.16213302463606,3.53817872056869,4.63753862902416,3.23879122952364,0.370741257681345,1.68979815933486,1.74037649262446,0.156000001137912,0.744431644977666
Uruguay,URY,Tax revenue (% of GDP),GC.TAX.TOTL.GD.ZS,16.8787580283368,17.3511022349298,16.780792455572,16.9828417745635,15.278285168979,14.6991370386579,15.3059815839749,15.7776762187295,17.2060058985691,17.8462046174237,17.8969219665738,18.8323064186538,18.1109425946772,17.8002013221528,18.1226990471616,18.1364190185862,18.1987734858938,17.7918744506058,17.8597397264673,17.275289380084,17.0956158572883,21.7322478761254,18.0774621980573,18.3644729852422,17.9151143571178
Uruguay,URY,Crop production index (2014-2016 = 100),AG.PRD.CROP.XD,37.39,44.05,44.16,42.47,48.51,39.8,39.56,38.7,44.04,53.93,56.84,58.74,61.09,62.23,72.77,85.87,84.13,100.93,95.74,107.55,103.42,89.03,104.17,65.18,97.46
Uruguay,URY,"Foreign direct investment, net inflows (% of GDP)",BX.KLT.DINV.WD.GD.ZS,0.811497222313885,0.666814258997262,0.472262125571725,0.646422164194213,0.981072955803878,1.15156587871402,1.48526947201505,1.32180928215272,3.34326299269859,2.57711736584849,4.76089085880272,7.64053554410063,5.70951115694382,6.88302281006264,4.89964589428753,5.22300143125049,5.34359480768244,11.7901578728278,1.60901257578737,6.64305841999452,4.63423394449932,-0.897082473910076,4.13270680081771,2.64795812395409,2.36872631991584
Uruguay,URY,Fuel exports (% of merchandise exports),TX.VAL.FUEL.ZS.UN,1.04603955623649,1.11078860301007,0.648663078282303,0.8160925165737,0.575112781078327,1.52303122084986,1.94499804550468,0.792127333951963,1.55435490637551,4.36951736745661,4.73090812106706,3.49958264014888,4.25463973756081,3.29761276550623,1.46614251404475,3.09950322555501,0.739500301482631,1.09385511085502,0.491961483180946,1.11127050427265,0.285686399278086,0.4822512401636,1.99960987465139,1.19423274285302,1.08564402005782
Uzbekistan,UZB,Trade (% of GDP),NE.TRD.GNFS.ZS,..,..,57.1985913618542,45.4179547762326,36.6188588125863,44.0540299791129,56.776277587152,58.954524710746,70.4592746850874,76.5956691950086,69.5252584247083,67.4712921717973,74.4141929762327,79.7479920348578,68.673142199791,49.2558698039194,49.6434727185933,44.2279549958194,42.3669055878349,36.3590791417622,30.7505086634936,29.1922970389217,47.7846593573224,71.2055619132955,72.5183267330503
Uzbekistan,UZB,Exports of goods and services (% of GDP),NE.EXP.GNFS.ZS,..,..,27.1091182703234,22.5642195291768,18.1790891922618,24.662704263423,29.6751060849085,30.9204450887224,38.2375863470134,41.7898866324117,37.8090294786289,36.5136876387581,39.6709294075913,41.1685228048386,34.6626309351177,24.2754045967885,23.6693940866343,19.2673657193775,18.6299316786396,16.0444480266768,13.7662913529249,12.33306570863,20.7480654926338,26.8410539302304,28.2980025068381
Uzbekistan,UZB,GDP growth (annual %),NY.GDP.MKTP.KD.ZG,-0.90000000546145,1.70000000306203,5.19999999656402,4.30000000106287,4.30000000179396,3.83500000014033,4.1638382499889,3.97348819235724,4.23262738154364,7.44900060559664,6.95000719569097,7.45141847621768,9.4730053054454,9.02916101784777,8.05093332733964,7.5971679610016,7.52513989422977,7.10244488753446,7.29655036878682,6.87383844617584,7.21877350346286,5.9321508024275,4.39527463456371,5.87974286685132,5.98156194197317
Uzbekistan,UZB,Tax revenue (% of GDP),GC.TAX.TOTL.GD.ZS,..,..,..,..,..,..,..,..,..,..,..,..,..,..,..,..,12.3662567573144,13.1744077704128,13.8004798918479,13.4703929830448,13.5577540324739,13.4329630615828,11.6417474023832,14.0941921761377,12.616227036276
Uzbekistan,UZB,Crop production index (2014-2016 = 100),AG.PRD.CROP.XD,49.06,44.21,46.83,43.74,48.53,46.55,48.75,50.88,50.83,56.84,60.53,65.34,68.04,69.87,72.35,76.41,80.29,85.22,90.28,95.4,101.34,103.26,95.76,89.37,95.7
Uzbekistan,UZB,"Foreign direct investment, net inflows (% of GDP)",BX.KLT.DINV.WD.GD.ZS,-0.179768966531952,0.645212527339969,1.13126132489788,0.931351444581184,0.7096656112296,0.542857629929967,0.726225244285648,0.674044440727725,0.815041486213592,1.46799380065313,1.49216056466348,1.19530557570436,2.99176207276698,1.85438789059302,1.81985173937585,3.34115466012919,2.68375111593279,1.10230120247607,0.945033981578281,1.00027476943025,1.20794015171285,1.93048466439633,2.89668356812091,1.1815495684952,3.84264818715085
Uzbekistan,UZB,Fuel exports (% of merchandise exports),TX.VAL.FUEL.ZS.UN,..,..,..,..,..,..,..,..,..,..,..,..,..,..,..,..,..,..,..,..,..,..,16.1883074086756,24.9394912096299,16.5598854216671
Vanuatu,VUT,Trade (% of GDP),NE.TRD.GNFS.ZS,91.9615068150109,92.9417808219178,96.196924634563,94.7409334170479,91.232330240222,87.1557917790657,87.7721451440768,91.6997236888901,91.5679895901106,98.7059775016543,100.173820339297,89.5414618090556,90.1716511021211,105.774852580058,108.489179063187,103.823312203828,96.9987664175314,104.451629665983,106.410757127713,105.390156062425,113.047189826381,109.543485190126,105.524349503104,98.3408089548684,99.3829688227082
Vanuatu,VUT,Exports of goods and services (% of GDP),NE.EXP.GNFS.ZS,41.8845919937037,43.1130136986301,48.911599063469,42.2907884115167,37.3775041193305,39.1789749205417,37.9562433297759,42.3111646102919,43.2765126870527,45.5995882655687,45.3833317882637,41.2725514801177,41.5875836515558,46.4777909560162,50.5556697282514,48.7183826697028,45.6062695014876,51.3106613932273,51.6821960609273,51.4272375616913,46.0336191420716,48.8660913501836,47.6598973537502,41.596872147025,50.3452768729642
Vanuatu,VUT,GDP growth (annual %),NY.GDP.MKTP.KD.ZG,1.00394504149095,2.3273354164422,4.90681267768768,1.17685436113621,0.337293221894313,5.92480905652914,-3.39758248938256,-5.19831875936035,4.28833511695458,3.98739280216962,5.30532647259227,8.46069747205426,2.8758922877538,5.60099182147214,3.03730354099602,1.25886720329326,3.13980290023412,1.01004768692042,0.463390415135095,3.13686729438693,0.366522075389213,4.68875636558563,6.31730538443077,2.90023027256446,3.24118765540442
Vanuatu,VUT,Tax revenue (% of GDP),GC.TAX.TOTL.GD.ZS,17.9014774800558,18.5719178082192,18.0915016136177,17.7355218704219,17.1248518486399,..,..,..,..,..,..,..,..,..,16.4961980492278,16.1945350483107,16.4423481605108,17.3819159040388,18.2298178318362,18.3375700947045,16.9067087638249,16.8001853447767,17.1291719798923,17.8372704957726,17.5946605537459
Vanuatu,VUT,Crop production index (2014-2016 = 100),AG.PRD.CROP.XD,82.24,84.78,102.55,107.79,84.78,79.73,84.16,76.77,78.61,81.58,82.13,82.98,83.63,84.78,85.62,113.3,107.53,108.9,117.26,103.94,97.59,98.47,109.15,109.89,110.91
Vanuatu,VUT,"Foreign direct investment, net inflows (% of GDP)",BX.KLT.DINV.WD.GD.ZS,12.4511731408336,12.523285011715,11.0837578711861,7.77121291962937,5.00112608347965,7.44669130551293,6.98039768364935,5.3932717652808,5.72730354776944,5.4358941630547,3.35516527658254,9.88873620776164,6.61419496414564,6.38080367466041,5.42349577313271,9.40930036151551,7.93578473613464,8.07506480226511,7.83052394467406,1.71771189425046,4.24442263225858,6.27844762711595,4.51041243192602,4.10866391285911,3.96283923161648
Vanuatu,VUT,Fuel exports (% of merchandise exports),TX.VAL.FUEL.ZS.UN,..,..,..,..,..,0.0204389916461194,..,..,..,..,..,0.00186384167853004,0.4619863953749,..,4.13564904274566,0.222817847925324,0.068762290574745,..,..,..,..,..,..,..,..
"Venezuela, RB",VEN,Trade (% of GDP),NE.TRD.GNFS.ZS,47.3423429413769,55.9724277883021,51.2450364065399,43.5993929334366,42.0702304843238,47.8572215529808,42.141268017362,48.5757106494068,50.5770073781941,55.367455602322,60.1273297561422,58.6655915584603,56.1990954818909,51.8290123789932,38.5209296583297,46.1368935240203,49.6381215967995,50.4035673803654,54.2777612672313,48.0908135255646,..,..,..,..,..
"Venezuela, RB",VEN,Exports of goods and services (% of GDP),NE.EXP.GNFS.ZS,26.2312623568888,35.3343058736758,29.2590106069999,20.920486481036,22.9117089002201,29.7442196597828,22.7356315651648,30.4335705492145,33.8533894084396,36.1983535672104,39.6586527436252,36.5186216079437,31.1305388597077,30.8216690057259,18.0715188695789,28.5304069880193,29.9430146096987,26.1710142521782,24.7649783030385,16.6938273502942,..,..,..,..,..
"Venezuela, RB",VEN,GDP growth (annual %),NY.GDP.MKTP.KD.ZG,3.95166272391241,-0.197837256663462,6.37093140101881,0.29405516051952,-5.97045814641,3.68694416687683,3.3942361077907,-8.85564735286779,-7.75530004959883,18.2866066891245,10.3179138043148,9.87214910851037,8.7535788078585,5.27785412398782,-3.20230265749002,-1.48879125078348,4.17642535923927,5.62595697508641,1.34309403607476,-3.89438647450662,..,..,..,..,..
"Venezuela, RB",VEN,Tax revenue (% of GDP),GC.TAX.TOTL.GD.ZS,..,..,..,..,..,..,..,..,..,..,..,..,..,..,..,..,..,..,..,..,..,..,..,..,..
"Venezuela, RB",VEN,Crop production index (2014-2016 = 100),AG.PRD.CROP.XD,81.41,84.4,88.44,91.6,94.08,97.17,98.19,90.46,92.07,95.67,102.57,100.98,104.32,102.45,101.15,102.22,109.25,96.96,104.21,107.27,99.85,92.88,92.31,83.09,83.63
"Venezuela, RB",VEN,"Foreign direct investment, net inflows (% of GDP)",BX.KLT.DINV.WD.GD.ZS,1.28699650133227,3.09455717335353,7.22526529614492,5.50052336097173,2.99266605554676,4.01463241741596,3.01356175819466,0.819216932585211,1.88111477594963,1.32412757366554,1.68369269808689,0.107915126446007,1.89178854425804,0.659274461280102,-0.344767329112459,0.402601927997842,1.85002511047875,1.3076789836805,0.57815873215477,0.23530176692753,..,..,..,..,..
"Venezuela, RB",VEN,Fuel exports (% of merchandise exports),TX.VAL.FUEL.ZS.UN,76.2539922437174,80.7622668694753,78.9184411868888,70.6379310406942,81.403534775883,86.0857594456901,83.0445636085282,80.1191539247763,82.2427109948815,83.4198338154401,87.8247886816393,92.5603892681709,..,93.7428917187714,95.8996773647734,93.3969113313162,67.1966073193092,98.7637309978349,97.6778068113493,..,..,..,..,..,..
Viet Nam,VNM,Trade (% of GDP),NE.TRD.GNFS.ZS,74.7212659206088,92.7057468018939,94.3444840684516,97.0012485118429,102.787406603958,111.417094419512,111.955937998525,116.696868652499,124.327954439125,133.016497868747,130.714846045026,138.313621869598,154.605383996554,154.317479627758,134.706317721758,113.977688000295,125.260578298881,123.22411674148,130.846355271514,135.410520598482,144.914227878445,145.409507144464,160.980083499995,164.663936753937,164.704214531318
Viet Nam,VNM,Exports of goods and services (% of GDP),NE.EXP.GNFS.ZS,32.8128553339566,40.8684874244585,43.1027067530124,44.8483033762953,49.9662459731661,53.9214970089166,55.0619332820827,54.7391336880928,56.6732579147533,59.7310414143857,63.6994926701393,67.7168143260187,70.517874602272,70.3366919402715,62.6088840664865,54.1758454006694,61.1801557832457,63.4739244935178,66.8004461496768,69.5985750693016,72.9228516057117,74.1072855078048,81.7625221215025,84.4234560193748,85.1575871009316
Viet Nam,VNM,GDP growth (annual %),NY.GDP.MKTP.KD.ZG,9.54048017491264,9.34001749939179,8.1520841433542,5.76445545848843,4.77358688344989,6.78731640463151,6.19289331233377,6.32082099160833,6.89906349055258,7.53641060890386,7.54724772895918,6.97795481056711,7.12950448605439,5.66177120891362,5.39789754014181,6.42324482239482,6.41316889681683,5.5045447041189,5.55351081026072,6.42224312118567,6.98715430598611,6.69000892660424,6.94019037359206,7.46500685572751,7.35926270105006
Viet Nam,VNM,Tax revenue (% of GDP),GC.TAX.TOTL.GD.ZS,..,..,..,..,..,..,..,..,..,..,..,..,..,..,..,..,..,..,..,..,..,..,..,..,..
Viet Nam,VNM,Crop production index (2014-2016 = 100),AG.PRD.CROP.XD,43.39,46.55,49.21,51.37,55.85,58.98,60.51,64.59,67.07,70.93,71.73,74.28,77.54,80.53,80.85,83.27,87.26,94.36,96.35,99.4,100.98,99.63,101.53,104.66,105.37
Viet Nam,VNM,"Foreign direct investment, net inflows (% of GDP)",BX.KLT.DINV.WD.GD.ZS,8.58596585460392,9.71308063712156,8.2700967582097,6.14121440264586,4.92266345680124,4.16392407955693,3.97733545270572,3.99268705133996,3.66601229989583,3.54408107288199,3.39040363930871,3.61600090432522,8.65471771434805,9.6630390545572,7.16881988884276,5.4347392933443,4.30487434902161,4.27832287681174,4.16454517277325,3.94086189051961,4.93190773329022,4.90089302916746,5.01148721749681,4.99828319622328,4.821074861051
Viet Nam,VNM,Fuel exports (% of merchandise exports),TX.VAL.FUEL.ZS.UN,..,..,17.960909117159,15.4073486360175,20.48745051064,26.4090649126343,22.9046197135305,21.2354911123902,20.6017912786283,23.5351549250109,25.7588869664945,24.3794368857707,20.7181172099468,20.1729533963251,14.8994835142997,11.0465855531952,11.3593523993831,9.91288499039707,7.33546515638199,6.14993473897265,3.08352977817506,2.02635621812933,2.25277351299626,1.6139127032886,1.37705086993892
Virgin Islands (U.S.),VIR,Trade (% of GDP),NE.TRD.GNFS.ZS,..,..,..,..,..,..,..,283.169834457388,362.968341562591,435.159336318146,503.206865401987,552.118644067797,560.367892976589,863.195098963242,508.402761247322,586.401480111008,679.232772910253,157.177794081683,142.241840556447,164.291725105189,84.7665847665848,113.296471827278,157.696362677913,159.240377262299,155.399174957535
Virgin Islands (U.S.),VIR,Exports of goods and services (% of GDP),NE.EXP.GNFS.ZS,..,..,..,..,..,..,..,147.424892703863,189.369735695614,226.599947326837,262.691960252936,283.898305084746,295.589464882943,433.836003770028,255.1059271602,299.375578168363,340.303102060147,80.166299828809,67.5494917067951,78.3730715287518,41.6325416325416,47.0247498683518,63.3368476541908,53.1226102472598,54.9623877699587
Virgin Islands (U.S.),VIR,GDP growth (annual %),NY.GDP.MKTP.KD.ZG,..,..,..,..,..,..,..,..,-0.396080883885759,3.28589367936377,3.4853090172239,3.50499314666143,4.01059402194477,1.21862495452891,-6.59478885893981,0.596383224317051,-8.20424555364315,-14.8125,-6.28515529469308,-1.77453027139875,-0.425079702444208,1.6008537886873,-0.735294117647058,1.9047619047619,2.93354101765317
Virgin Islands (U.S.),VIR,Tax revenue (% of GDP),GC.TAX.TOTL.GD.ZS,..,..,..,..,..,..,..,..,..,..,..,..,..,..,..,..,..,..,..,..,..,..,..,..,..
Virgin Islands (U.S.),VIR,Crop production index (2014-2016 = 100),AG.PRD.CROP.XD,..,..,..,..,..,..,..,..,..,..,..,..,..,..,..,..,..,..,..,..,..,..,..,..,..
Virgin Islands (U.S.),VIR,"Foreign direct investment, net inflows (% of GDP)",BX.KLT.DINV.WD.GD.ZS,..,..,..,..,..,..,..,..,..,..,..,..,..,..,..,..,..,..,..,..,..,..,..,..,..
Virgin Islands (U.S.),VIR,Fuel exports (% of merchandise exports),TX.VAL.FUEL.ZS.UN,..,..,..,..,..,..,..,..,..,..,..,..,..,..,..,..,..,..,..,..,..,..,..,..,..
West Bank and Gaza,PSE,Trade (% of GDP),NE.TRD.GNFS.ZS,91.4859266479834,89.2685358986391,90.3372519814884,88.9915925070062,96.3452893800337,87.6390949554896,82.7259784699153,76.2528826143203,76.398689516129,81.1235906237101,83.8363540589578,82.6374735897388,91.9992434272745,79.4799190194791,75.1511928466305,68.4976501575169,67.2495329024414,66.9293273483831,66.2713181162369,67.7398371659149,70.7809681944405,65.4225141833383,68.4486607142857,71.4012754506469,68.9934922812035
West Bank and Gaza,PSE,Exports of goods and services (% of GDP),NE.EXP.GNFS.ZS,17.1225782868283,16.0136086344439,17.2961327730198,18.0539849550125,17.5969282637198,20.5165059347181,15.3832704748108,13.437201192418,12.9813508064516,12.9651756425018,14.1112433423727,13.7669913804386,18.334852210396,15.9362004815058,14.0161025019479,14.1228115477973,16.0860353474401,15.3263326889683,15.6198438829492,15.8230698299463,16.0623801208096,14.3267945006296,15.7242063492063,15.961564454493,15.5210552426533
West Bank and Gaza,PSE,GDP growth (annual %),NY.GDP.MKTP.KD.ZG,7.11851182374288,1.2151507733079,14.667225162375,14.3342034755528,8.28042940371661,-8.55618329065622,-9.31063816755331,-12.4891917608064,14.0158654945752,21.9252394933447,11.2906511829271,-0.996556103477076,3.78828152085981,7.42918225547835,8.59349087893864,5.77736205629419,9.60080848913594,6.09645656326154,4.69856986552234,-0.157866650855297,3.72129967114788,8.86461881995935,1.41936756294787,1.22707737782703,1.36268746558062
West Bank and Gaza,PSE,Tax revenue (% of GDP),GC.TAX.TOTL.GD.ZS,..,..,..,..,..,..,..,..,..,..,4.65694670534971,4.22383405988821,4.38650148144021,4.6189425782633,4.69053007441648,5.01744634175378,4.9135802937843,4.21521231323315,4.43594040817464,5.19240936431071,5.07613321942922,5.3138898775539,5.74072201287886,18.7818419132978,18.5343072791262
West Bank and Gaza,PSE,Crop production index (2014-2016 = 100),AG.PRD.CROP.XD,127.26,139.29,120.58,130.85,105.32,152.03,116.76,157.98,127.49,150.41,134.29,150.41,128.41,143.32,123.86,98.5,109.87,122.25,124.85,101.93,84.78,113.29,101.49,92.16,128.99
West Bank and Gaza,PSE,"Foreign direct investment, net inflows (% of GDP)",BX.KLT.DINV.WD.GD.ZS,3.73461679054466,5.19709056780854,4.33533698600989,5.13725120968612,4.44188476235941,1.43744162248919,0.478966972250668,0.265481748129816,0.324395161290323,0.445786535161087,0.707064400959869,0.347548940784922,0.33694998022594,0.70458524841322,3.7160419011341,1.85860711452246,2.13515604683715,0.51591827025569,1.40253913684002,1.14163752860063,0.751035803856388,1.92447798073354,1.14056698202946,1.29446294401352,0.769720046510608
West Bank and Gaza,PSE,Fuel exports (% of merchandise exports),TX.VAL.FUEL.ZS.UN,..,..,..,..,..,0.66106047911043,0.804329991519607,1.29639661721514,1.35597857111999,1.12385659559811,0.849675033573036,0.666981017605001,0.232426668538088,0.494543763671543,0.471025789209267,0.265654761783648,0.0865829589723565,0.239558505403332,0.232120460276173,0.191229879607219,0.164371699319662,0.163523332201154,0.0951480976091428,0.0718070742204247,0.0862921520107982
"Yemen, Rep.",YEM,Trade (% of GDP),NE.TRD.GNFS.ZS,87.4446919919663,85.9391074430979,80.145988654048,72.6619985509799,72.0039277350986,75.4388386400923,70.8923979741483,74.7304558644148,74.3826165969879,71.8466740075989,76.7732856780313,82.0761626559707,79.1234205855044,81.2447188504664,68.0713910149437,64.385636779009,63.0594579554594,61.3616371823488,52.5118781366933,49.837171254394,31.6375376299038,32.6462708048237,44.9524329173266,58.9022786113933,..
"Yemen, Rep.",YEM,Exports of goods and services (% of GDP),NE.EXP.GNFS.ZS,45.4863396845948,38.5060950534406,36.2842007165864,26.5435324068379,34.8393536828826,41.4089049403312,35.8969256355878,37.0011733412925,36.4390068695527,36.3824952503206,40.896819540631,41.2585503219256,35.9034235358326,37.8369534950832,28.3251581191567,29.9950775628898,30.3404241702407,24.8637169660475,22.3595984891636,21.4840870790274,9.05157754571894,4.80919476812704,9.68821806232096,8.75559691342809,..
"Yemen, Rep.",YEM,GDP growth (annual %),NY.GDP.MKTP.KD.ZG,5.66937129321295,4.6349673509918,5.23111202878309,6.00669458925762,3.77553048493171,6.18191560990542,3.80364587817267,3.93523149283872,3.74739819937196,3.9726963894191,5.59174806676343,3.17040937125677,3.33842794733555,3.64756947436693,3.86622951714142,7.7023070491292,-12.7148969007968,2.39299020273916,4.82351908167425,-0.188690238506624,-27.9945462449555,-9.37512382197683,-5.07179564170332,0.7524475922704,..
"Yemen, Rep.",YEM,Tax revenue (% of GDP),GC.TAX.TOTL.GD.ZS,..,..,..,..,..,..,..,..,..,..,..,..,..,..,..,..,..,..,..,..,..,..,..,..,..
"Yemen, Rep.",YEM,Crop production index (2014-2016 = 100),AG.PRD.CROP.XD,55.29,52.52,57.19,64.93,63.74,68.09,71.26,71.4,70.56,71.82,74.5,85.04,94.19,91.69,108.58,119.65,109.19,116.09,112.01,108.59,98.61,92.8,92.49,88.36,104.67
"Yemen, Rep.",YEM,"Foreign direct investment, net inflows (% of GDP)",BX.KLT.DINV.WD.GD.ZS,-1.70126695043145,-0.925161426893741,-2.02535761463574,-3.47032437981897,-4.02653360193704,0.066115307019514,1.57455745909129,1.06889926368752,-0.756584611536129,1.03534601430648,-1.80531053895267,5.88029989730047,4.2368480480166,5.77696231058235,0.51412084934502,0.610357927076417,-1.58233916832173,-0.0402221829316489,-0.330496410065,-0.539237328373746,-0.0363882533416132,-1.79131214149119,-1.00531890240846,-1.30563840660694,-1.69494383154926
"Yemen, Rep.",YEM,Fuel exports (% of merchandise exports),TX.VAL.FUEL.ZS.UN,..,..,..,..,..,..,94.7388599829907,93.2586484850577,93.7927848102152,94.0273532608415,94.897638723333,94.9954827270536,93.3320541179736,93.7148311827874,92.6942841646448,91.4220414145968,90.737252598481,92.1393209494491,84.9361805839103,69.6394754134209,0.191164987703412,..,..,..,0.145219187999619
Zambia,ZMB,Trade (% of GDP),NE.TRD.GNFS.ZS,69.2267746955964,63.8214821755312,58.272862622336,56.2503070199594,59.7675342029156,60.3874689884965,64.668282708979,64.9164969990648,62.3128446757629,70.8130749317722,62.200282191364,57.8568188739027,65.7714586909068,59.4548891205874,56.1213809555165,67.9009190299719,76.2147282587101,79.1007044966056,80.4560202470082,76.1936630889598,79.8654168098113,73.958561254616,71.5856946542566,74.8883695274665,68.791204936096
Zambia,ZMB,Exports of goods and services (% of GDP),NE.EXP.GNFS.ZS,32.9010267147932,28.4789092185853,27.371257557966,24.6177635661228,25.037219399921,23.9238608307712,25.109699098695,27.1336783308698,25.6839640308427,33.5399822510719,30.6107123143813,32.5929586871888,33.5911932050133,28.9193597052566,29.2509976693348,37.0259333072124,40.4712226732921,40.0829109943526,40.4827166938697,38.8222899319378,37.1385258014734,35.3246757489657,34.9928577635918,37.9574045480394,34.6361926031881
Zambia,ZMB,GDP growth (annual %),NY.GDP.MKTP.KD.ZG,2.89766889341698,6.21854648894293,3.81400749718355,-0.38574614579035,4.6501897463741,3.89732294341896,5.31686827418419,4.50601428032604,6.94497398221223,7.03239511515218,7.23559900655543,7.90369444480079,8.35243624447406,7.77389581542363,9.2203484058663,10.2982233241213,5.56460233670752,7.59759321053191,5.05723173979734,4.69799236252986,2.92037511217961,3.77667914626731,3.50433609558682,4.03449389667165,1.44130602603785
Zambia,ZMB,Tax revenue (% of GDP),GC.TAX.TOTL.GD.ZS,15.6895001581762,16.1056179545653,16.0500956738796,16.1881871288854,16.9543084891968,..,16.5407044588153,15.4400128684589,14.8595198791408,15.3170586338543,14.7947685977681,13.7115292955915,14.0825145811532,13.2593037826464,11.6875158256987,12.834842405292,14.7159433183957,14.8923642974021,14.3471093166635,15.7610303316911,14.3939639330138,13.3531814269452,15.1848569608409,16.5870654729348,16.6776226628035
Zambia,ZMB,Crop production index (2014-2016 = 100),AG.PRD.CROP.XD,34.49,45.03,39.83,36.63,46.37,44.27,43.34,43.37,53.25,56.6,59.75,61.74,60.25,60.92,80.45,94.3,103.64,103.48,95.85,102.68,91.37,105.95,128.97,117.93,109.64
Zambia,ZMB,"Foreign direct investment, net inflows (% of GDP)",BX.KLT.DINV.WD.GD.ZS,2.81062427616587,3.53328309110399,4.81956998648727,5.59679036097289,4.7587086630329,3.37996207983055,3.54138670780308,7.11494136195091,7.07893144253237,5.85168864010044,4.28403218909524,4.82712872237459,9.41811167277731,5.24050811284723,4.53277977632725,8.53319643791576,4.72516156867912,6.78938124085044,7.48932505567266,5.55542791808588,7.44741668984248,3.16251974813899,4.28050117059574,1.55231886738395,2.35091904331731
Zambia,ZMB,Fuel exports (% of merchandise exports),TX.VAL.FUEL.ZS.UN,3.25976744039326,3.72686574479687,0.783547830813075,1.48959857824548,0.977858760915913,1.29289752455278,1.15597239860319,1.79506605084816,2.52218765663852,1.98338581633262,0.844028120274815,0.838501559249603,0.475593312463412,0.422881513813277,0.476964741628746,0.471335444562423,0.56400396096872,1.27488246954256,2.05442419748138,1.19101690163409,1.55534660742447,0.87637995732854,0.918958909317112,1.0153043053029,1.36783074917823
Zimbabwe,ZWE,Trade (% of GDP),NE.TRD.GNFS.ZS,79.1567926109183,72.0696205534464,82.2050640855163,88.5140416661239,70.9226598006936,74.0674111297806,67.8978721688913,66.8073515648499,70.4519882160597,76.0396085957306,76.0437072796166,82.820648776111,84.1729044270467,109.521637189894,61.7784377822356,83.1241904352153,89.4665267679892,74.1625347237197,58.6564939956063,54.6716154208067,56.7488111052137,51.2190246437312,50.0297122591029,54.5502703965288,55.7959609917419
Zimbabwe,ZWE,Exports of goods and services (% of GDP),NE.EXP.GNFS.ZS,38.2363436115574,36.130072878676,37.5952726629319,43.3930849578416,37.4085797532233,38.1597545550961,34.9589126909086,31.834798869349,32.3970590920952,34.469799013311,33.5486481895586,35.9561685274509,37.7853732974542,41.4668487199818,19.4774980342276,29.6408952151362,34.8008015617561,25.1632536958446,21.987758642545,20.9301459192706,19.1601757893503,19.9435315500903,19.6589047990109,26.1639731327864,27.5541564298889
Zimbabwe,ZWE,GDP growth (annual %),NY.GDP.MKTP.KD.ZG,0.158025687180441,10.3606967662626,2.68059417871629,2.88521179619663,-0.817821033045107,-3.05918974918634,1.43961539576736,-8.89402363141309,-16.9950747276622,-5.80753802273949,-5.71108370650353,-3.46149518781378,-3.65332683535506,-17.6689463301054,12.0195599748423,21.4520609184971,14.6202072551987,15.7448770803376,3.1967308868621,1.48454262162193,2.02364999592871,0.900955396308504,4.08026390333053,5.00986678330221,-6.33244642559313
Zimbabwe,ZWE,Tax revenue (% of GDP),GC.TAX.TOTL.GD.ZS,..,..,..,..,..,..,..,..,..,..,..,..,..,..,9.19689233898681,17.434923710737,17.9282541990398,17.8354892203875,..,..,17.6733631953313,15.4583408165803,15.8743745304837,7.21476500513885,..
Zimbabwe,ZWE,Crop production index (2014-2016 = 100),AG.PRD.CROP.XD,99.51,134.29,128.97,122.25,129.26,138.01,138.86,98.05,105.21,141.61,104.06,111.19,115.99,99.44,96.26,103.76,101.85,112.37,110.27,109.51,96.35,94.14,107.07,135.87,103.85
Zimbabwe,ZWE,"Foreign direct investment, net inflows (% of GDP)",BX.KLT.DINV.WD.GD.ZS,1.6551191055067,0.945850735213635,1.58390135209135,6.94005321675918,0.860307484685324,0.346788444518692,0.0560688240111263,0.408381024037969,0.0663455084211832,0.1498553516895,1.78620601363438,0.734767826684435,1.3019775073087,1.16855690559609,1.08630504233936,1.01802173065599,2.44151145854937,2.04413127806631,1.95406007641289,2.4251726022219,1.99968736350769,1.66927435288404,1.74688452657802,2.10172108199503,1.14280558495638
Zimbabwe,ZWE,Fuel exports (% of merchandise exports),TX.VAL.FUEL.ZS.UN,1.27110842285065,1.50052270696608,1.46448479709661,..,1.83158199534957,0.925189465250276,0.66369832201846,1.19632577514898,1.55282575675323,1.04965693349096,1.12418120251908,42.4295272236349,0.664027620284846,1.14466784020454,1.96805479388772,1.78082009073593,0.95621448571552,0.924430158624078,1.49075918807044,1.20678646794349,1.91889022375092,0.584993179560043,0.729202885483256,1.01057156468968,1.12609686820738
Africa Eastern and Southern,AFE,Trade (% of GDP),NE.TRD.GNFS.ZS,49.0078702205249,48.7531953436927,46.5527709618529,47.4404623063192,45.4594389338406,47.1313412120305,48.4816483292369,59.7536006194862,57.124220590119,58.0291633930378,60.460054056669,60.962105562913,67.0878022828939,74.8099038715263,63.9312602432874,63.56645591844,64.4234809163767,61.6596106132037,61.65233603476,59.8942806242893,54.7213117901421,51.7775296677575,51.5352825638203,54.2562449624809,51.6315805117886
Africa Eastern and Southern,AFE,Exports of goods and services (% of GDP),NE.EXP.GNFS.ZS,25.2810033101184,26.4708392541939,25.5133194602412,25.6082223725902,25.5232261350228,26.37102443968,27.761789613042,28.2029468985781,26.032457485808,26.0970756782319,27.9576986894878,29.9130556090153,32.3096248327383,35.8660839641933,27.267940008839,29.4769995658072,31.001827021308,29.3712403733406,28.7813811522607,27.9626334872254,23.3056968607967,21.9650417370392,22.2106435277884,25.131599582443,23.7993267224216
Africa Eastern and Southern,AFE,GDP growth (annual %),NY.GDP.MKTP.KD.ZG,4.35377062654496,5.46232135734843,4.4434469392328,1.85261793104512,2.65355374607267,3.34857351980611,3.63655319337863,3.92883572691505,3.1061387427802,5.5256309031851,6.13157864002733,6.57581607985982,6.59862527115112,4.32909232451118,0.660371253952732,5.15723664348518,3.70185291381635,0.881674422102805,4.21660749893142,4.00757694853084,2.96506232728126,2.21901460787033,2.57194147972019,2.49135469614066,2.04061696561413
Africa Eastern and Southern,AFE,Tax revenue (% of GDP),GC.TAX.TOTL.GD.ZS,..,..,..,..,18.0267480840917,..,..,..,..,..,..,..,..,..,17.3577063405064,17.3214108426008,17.5214609793853,18.0124688502049,18.1782844330301,18.2420894982272,17.4297917003423,17.0950776217955,17.8607979980375,17.6854747560086,18.5886620658598
Africa Eastern and Southern,AFE,Crop production index (2014-2016 = 100),AG.PRD.CROP.XD,..,..,..,..,..,..,..,..,..,..,..,..,..,..,..,..,..,..,..,..,..,..,..,..,..
Africa Eastern and Southern,AFE,"Foreign direct investment, net inflows (% of GDP)",BX.KLT.DINV.WD.GD.ZS,1.01212099105747,0.796685422487706,2.08171092949574,1.58267729826524,2.43639431699293,1.55190675444496,4.81750178981336,2.48531388640041,2.47616204149626,1.8581362896916,2.05651294949217,1.26715446372385,2.47173555984651,3.23176715660779,2.59918748965094,1.63138657412977,1.83349217711105,2.52056185880552,2.18528517990898,2.75125102542778,3.09159094330863,1.88027233490365,0.98338004299264,1.33800956427455,1.4947679328423
Africa Eastern and Southern,AFE,Fuel exports (% of merchandise exports),TX.VAL.FUEL.ZS.UN,..,..,5.56765894857205,..,8.10841620583554,9.25855714577765,9.41700376941651,10.2586355059809,9.55440878334469,8.05887913918278,9.72718870364484,10.159963302837,27.0966189980743,8.7583153818518,27.363394978827,27.1210292713566,27.8365801438345,27.5535642620904,26.2895972321415,26.7434472683518,24.3812444902284,23.9879096498108,25.5630959730758,25.2091210066264,24.8496823012013
Africa Western and Central,AFW,Trade (% of GDP),NE.TRD.GNFS.ZS,..,..,..,..,..,..,..,..,..,..,..,..,..,..,..,..,..,..,..,..,..,..,..,..,..
Africa Western and Central,AFW,Exports of goods and services (% of GDP),NE.EXP.GNFS.ZS,..,..,..,..,..,..,..,..,..,..,..,..,..,..,..,..,..,..,..,..,..,..,..,..,..
Africa Western and Central,AFW,GDP growth (annual %),NY.GDP.MKTP.KD.ZG,1.93159761472698,4.63976374526365,4.25815079738176,3.48174109787645,1.42022400362163,3.73144880217376,5.20351821281744,9.91828089201346,5.53557455976186,7.99655374717159,5.82494133672404,5.37456425526015,5.52431401978295,6.27959172833188,6.284120751633,6.96928259860816,4.84881383868137,5.13646859504537,6.10701277286437,5.92626557116253,2.81354341178161,0.142091829327853,2.28626953562923,2.83882880242301,3.20091866684984
Africa Western and Central,AFW,Tax revenue (% of GDP),GC.TAX.TOTL.GD.ZS,..,..,..,..,..,..,..,..,..,..,..,..,..,..,..,..,..,..,..,..,..,..,..,..,..
Africa Western and Central,AFW,Crop production index (2014-2016 = 100),AG.PRD.CROP.XD,..,..,..,..,..,..,..,..,..,..,..,..,..,..,..,..,..,..,..,..,..,..,..,..,..
Africa Western and Central,AFW,"Foreign direct investment, net inflows (% of GDP)",BX.KLT.DINV.WD.GD.ZS,0.460278166132892,0.506332525413869,0.516607826719409,0.582602470199349,1.56468624128643,1.82690648398182,2.18562605335334,2.49649209308429,2.57375276064706,1.8361339890919,2.99226212864256,2.32337536823591,2.79851682621058,2.87353072228275,3.57129055387563,3.15303833981314,3.59161501840088,2.83469804706589,2.29680159257897,1.85555453951214,2.03352673878029,2.01368892730494,2.57608526143993,2.01688135216757,1.51234540444217
Africa Western and Central,AFW,Fuel exports (% of merchandise exports),TX.VAL.FUEL.ZS.UN,..,60.7462395887592,60.3856555870376,60.577167386953,61.8610279019444,64.2825645326027,62.8924045808753,65.7572568417322,61.6800349603521,..,..,66.2847951150019,63.3881834361039,61.1658816132751,60.2885592712719,58.1250599329443,61.5610811237063,60.3366724202776,60.8801930759685,59.795509881098,53.7606069947333,53.5833864569626,60.6703066194725,63.7184566615866,61.2902265095629
Arab World,ARB,Trade (% of GDP),NE.TRD.GNFS.ZS,61.9851505158208,61.4987939428014,69.5766927621425,67.8780057179371,67.8985500507527,72.3841353918565,73.8531609754297,74.1779693116502,80.8239628469903,85.1728536079178,89.3023656906406,89.626014780879,93.638610320636,97.5420261167189,89.6544836493891,86.4109338895999,89.3390608527217,90.9823064807061,90.1521388812907,88.1399515232421,83.6600813777985,77.9310571864571,81.6549686001427,81.6760341149678,81.375450138496
Arab World,ARB,Exports of goods and services (% of GDP),NE.EXP.GNFS.ZS,..,..,..,..,..,..,38.2390406046185,39.6796347610166,42.1386281613288,47.3168156791531,51.7326090247057,53.0769756309852,52.9646601986332,55.7405435820903,45.0146548752334,47.4671851066751,52.9459928866973,54.4004694335528,52.7258792306657,48.9542583774537,40.8910911277063,37.6710577139327,41.6167525513525,45.3127350344168,43.4705760913342
Arab World,ARB,GDP growth (annual %),NY.GDP.MKTP.KD.ZG,3.02586290985509,4.74173954778536,4.73550682613606,5.10104265224587,1.85965177133716,6.58767124421664,1.74311639774186,0.722964559467812,4.91532644360531,8.83392395286219,5.50193090434439,6.1216618447551,4.5510049035334,5.53604526621065,0.360015564214279,4.71373271098197,3.4321154131059,4.72994497800909,2.61880954670426,2.43324442278173,3.44381323626651,3.68609102851147,1.23944744820474,2.43822540860855,1.35977646255949
Arab World,ARB,Tax revenue (% of GDP),GC.TAX.TOTL.GD.ZS,..,..,..,..,..,..,..,..,..,..,..,..,..,..,..,..,..,..,..,5.24221267557082,5.40822536627735,..,..,..,..
Arab World,ARB,Crop production index (2014-2016 = 100),AG.PRD.CROP.XD,..,..,..,..,..,..,..,..,..,..,..,..,..,..,..,..,..,..,..,..,..,..,..,..,..
Arab World,ARB,"Foreign direct investment, net inflows (% of GDP)",BX.KLT.DINV.WD.GD.ZS,0.0542638942786484,0.596402496808974,1.35688097675866,1.48751982986504,0.424230192071009,0.46894887892267,1.1102415690386,0.763565961328027,1.63565923153436,2.0148203537799,3.5341233120954,4.49658616756662,4.55114914999071,3.92422923995627,3.85843690232367,2.98506104529803,1.74727048962033,1.81453016460277,1.45300713233668,1.07572789806519,1.00449395643506,1.2894734231832,1.14867506936124,1.21372891449841,1.35967464245026
Arab World,ARB,Fuel exports (% of merchandise exports),TX.VAL.FUEL.ZS.UN,..,..,..,..,82.9637654924361,84.7661784457732,84.4706370351967,71.1731585006202,67.3781484370273,71.6622649606191,71.9829481681374,75.8966764858011,76.3031032280954,75.7234321877832,65.6520007355962,69.715687934463,70.9039610957859,66.6908023575315,71.1760925616492,68.533094978437,60.6724166192695,58.8060803422424,38.3388303886126,48.5236928334456,..
Caribbean small states,CSS,Trade (% of GDP),NE.TRD.GNFS.ZS,..,..,..,..,..,..,..,..,..,..,..,..,..,..,..,..,..,..,..,..,..,..,..,..,..
Caribbean small states,CSS,Exports of goods and services (% of GDP),NE.EXP.GNFS.ZS,..,..,..,..,..,..,..,..,..,..,..,..,..,..,..,..,..,..,..,..,..,..,..,..,..
Caribbean small states,CSS,GDP growth (annual %),NY.GDP.MKTP.KD.ZG,2.89176631700209,3.47258501375936,2.99396554014987,2.98895618591446,4.15053665433402,3.75094301719339,2.02310440751444,3.58587128968621,5.61415156334803,3.94719359610211,3.6133583426401,6.78603733083052,3.3758636173244,1.1966414085084,-3.55949299732123,1.26530973237595,1.03910984971594,3.43054036697352,1.38204080011664,2.30307013928086,0.208242455067321,-2.18378140004333,-0.562515289996782,1.60475370906275,0.897429472371101
Caribbean small states,CSS,Tax revenue (% of GDP),GC.TAX.TOTL.GD.ZS,..,..,..,..,..,..,19.0390923294711,18.3152991380084,19.752176964075,20.1860176734505,22.0825704112574,24.1040499590119,22.5371416247515,24.1380328201796,22.8406623716271,22.3015526763196,22.3311774118751,21.8739477177885,21.3837807730533,21.7337352697762,22.1962241321154,21.5153213907376,19.7460333218213,20.3244133165857,19.5660987661611
Caribbean small states,CSS,Crop production index (2014-2016 = 100),AG.PRD.CROP.XD,..,..,..,..,..,..,..,..,..,..,..,..,..,..,..,..,..,..,..,..,..,..,..,..,..
Caribbean small states,CSS,"Foreign direct investment, net inflows (% of GDP)",BX.KLT.DINV.WD.GD.ZS,3.75289497816834,3.4574848907885,5.93098443735092,5.2061256121852,5.17558905940523,4.94416981734716,5.72791058984369,5.71746748944952,5.84046865762731,5.80587810291119,6.6603263690964,6.68627632267703,6.31898584478744,9.34874440428112,5.02439326627727,3.98433032305142,3.19169593507122,0.906308814516104,1.23230727794783,3.99641365316136,3.86660842925695,4.04608295692018,2.5782972018891,3.70171688912817,5.20015649478046
Caribbean small states,CSS,Fuel exports (% of merchandise exports),TX.VAL.FUEL.ZS.UN,34.5244083159373,38.0622081551195,32.5634954022694,29.3622467103216,40.2915284820044,42.1688623391192,34.8390764238898,40.5150742166538,44.4752600129663,39.3965761712484,47.5553388624699,51.5189251834351,45.5068041838158,49.0455709215604,53.4655217786742,46.5684485525682,42.300840991155,40.5361347670322,44.4048672120374,41.809785622508,33.2696013802003,29.0714718439652,36.8389328985286,37.3404002659584,30.7295214944419
Central Europe and the Baltics,CEB,Trade (% of GDP),NE.TRD.GNFS.ZS,65.5160539610615,69.0577699813428,74.191002087539,74.3253568575224,73.9425684708703,80.0811737795656,80.6871908780137,79.5726472090348,83.7898277671172,90.8216912166731,93.6195234267747,101.782150423811,104.540200260409,104.123152416225,92.8663785797934,104.462626880537,112.89539300303,116.179195903898,117.849002708078,120.234086953167,119.78701466797,120.906219991789,124.036631701888,124.570893976088,122.208253920517
Central Europe and the Baltics,CEB,Exports of goods and services (% of GDP),NE.EXP.GNFS.ZS,32.663749773192,32.7245806351616,34.9888668685346,35.2293826363777,35.1830614098183,38.5781047715631,39.0797568311565,39.1162457369929,41.6466155315706,45.3032818870397,46.5815270517926,50.092955254945,50.5637732184766,49.7234050476806,46.6069525722005,52.1905363119081,56.5463805534592,58.6909010898701,60.2891497259201,61.2818774598951,61.3791958615748,62.5448546467349,63.68941095915,63.3019013316856,62.2293092962955
Central Europe and the Baltics,CEB,GDP growth (annual %),NY.GDP.MKTP.KD.ZG,5.71240471511871,4.54691381759767,2.31364218213533,2.68010186617735,1.90692341972472,3.95686089200021,3.0806476560071,3.61473859744621,4.08710098767587,5.83996176617644,5.01902363181092,6.5947649457645,6.43296786344756,3.93523729687115,-3.50665924188731,1.4354513276152,3.51315949573141,0.824034778982011,0.663998194178433,3.21256403738292,4.02542475575089,2.74966903544507,5.10291796588449,4.94031321919648,3.90176981753798
Central Europe and the Baltics,CEB,Tax revenue (% of GDP),GC.TAX.TOTL.GD.ZS,20.2813033950836,19.5361855419659,19.4833830760817,19.3499934115215,18.5857457624637,18.0609895554635,17.2938415409967,17.4355140323926,17.7121526464478,17.308923769277,17.510113204147,17.7920089318499,18.2348990340943,18.1657022274664,16.7307321001714,16.9163127585978,17.1181463246832,17.1257507705183,17.2768607598501,17.2797925642438,17.6472950177462,17.6922642538129,17.6861769316902,17.6087448343256,17.7159198300682
Central Europe and the Baltics,CEB,Crop production index (2014-2016 = 100),AG.PRD.CROP.XD,..,..,..,..,..,..,..,..,..,..,..,..,..,..,..,..,..,..,..,..,..,..,..,..,..
Central Europe and the Baltics,CEB,"Foreign direct investment, net inflows (% of GDP)",BX.KLT.DINV.WD.GD.ZS,3.19205021412489,2.70605401216168,3.48607926730768,4.38082738829353,5.0804156407482,5.49768395927978,4.61483408212821,5.01479948832121,3.21789694368577,5.64073557578715,8.43347172354738,8.14946800659329,12.1205096657582,9.05276879605488,2.37537426036892,1.60620246505535,3.4226123877259,2.87604315415793,1.0987025983235,3.66112009590259,1.77743998199889,8.74027171230998,2.00119057149276,-1.1902313497651,9.10350652968274
Central Europe and the Baltics,CEB,Fuel exports (% of merchandise exports),TX.VAL.FUEL.ZS.UN,5.75629356113111,5.72479044560873,5.27344488124537,4.34923295490889,4.22330186988023,5.21144980920977,5.19014145311855,5.04620351050839,4.41089053875304,5.2573782947758,5.9239326185864,5.69082635997707,4.60400767579909,5.56542154397194,4.79690108376975,5.45624835507118,6.12018250605468,6.30514622889069,5.70682545904161,5.13590631236482,4.37315028792794,3.41007674580305,3.69260096958566,3.67695171387907,3.38977971213647
Early-demographic dividend,EAR,Trade (% of GDP),NE.TRD.GNFS.ZS,44.1558271997006,45.4593765997166,46.3863976090246,47.4112720525086,44.5732562232717,48.7636285711719,47.6693201338021,49.1914680790292,50.0433596006576,54.2354207292771,56.6138787263717,58.0006727949185,58.319149144295,61.3572079264461,53.4128384581488,54.9585065863317,58.1948057358376,57.8942410161373,56.6417265497608,54.7394292455334,51.0374456858118,49.137040101665,51.311784205839,54.9488823028783,52.5228107734728
Early-demographic dividend,EAR,Exports of goods and services (% of GDP),NE.EXP.GNFS.ZS,21.8105005479726,22.7080388353396,22.7354125022819,21.5505387466161,22.0785603205182,24.8213326993227,23.7370975377341,25.6426178983901,26.2208750153311,28.1513241919312,29.8197110989859,30.7006639493594,29.9786808182549,31.4470660080943,26.0461126805366,27.5501139064044,29.0250704619023,28.5848883630861,28.0490858206877,26.3691216928396,23.4885403838893,22.6636096416476,23.5974322163575,25.8382647301952,24.8422677728402
Early-demographic dividend,EAR,GDP growth (annual %),NY.GDP.MKTP.KD.ZG,2.3802115868816,5.7975840707855,4.81611191307864,2.52720805076162,2.10294084370801,4.42715579328193,1.02723573852124,1.76335235586554,5.32665978879099,6.16298613131607,5.86458954480133,6.01374358416993,5.68704634487311,3.44408391745968,0.63707023858062,6.48982850599825,4.91436653299186,4.20431234868701,4.06508342022815,4.12483429473495,4.43449160523377,4.43594480338851,4.53889168458139,3.81739427698729,2.35545529788754
Early-demographic dividend,EAR,Tax revenue (% of GDP),GC.TAX.TOTL.GD.ZS,11.792383145185,12.0626360138247,12.8376104815174,11.5871737575014,11.4871337666079,..,..,..,..,..,..,..,..,13.0900038399832,12.2475793979831,11.9507034018771,11.9758000534349,12.0724384511552,12.2931484541578,12.0449294951844,12.528105198246,12.6298864779321,12.4684182634594,13.0129376420891,..
Early-demographic dividend,EAR,Crop production index (2014-2016 = 100),AG.PRD.CROP.XD,..,..,..,..,..,..,..,..,..,..,..,..,..,..,..,..,..,..,..,..,..,..,..,..,..
Early-demographic dividend,EAR,"Foreign direct investment, net inflows (% of GDP)",BX.KLT.DINV.WD.GD.ZS,1.29352183694524,1.46756266547594,1.93167520430209,1.71453360916368,1.93865409768781,1.49098372579283,1.7557848336622,1.42322517386658,1.16366242465003,1.48487222778545,2.21600786157856,2.70599238360184,2.87538654474363,3.09095489525131,2.32342275285925,2.10318239289005,1.97689537540844,1.81383073717579,2.10646307426346,1.74950325061731,2.1559389382285,1.92277551816967,1.91997188012458,1.97361811963405,1.86828713793919
Early-demographic dividend,EAR,Fuel exports (% of merchandise exports),TX.VAL.FUEL.ZS.UN,21.3777747775479,22.0107761950438,15.5846758655445,21.3907260694313,23.7643584770585,25.4562489988361,25.0966797016959,24.5585892796182,25.7421464470579,26.3309475934648,28.30937945459,29.4137740580645,26.163985061291,28.4763059186927,25.9579929652202,28.2908563623329,28.7252002555415,27.0023819051087,28.6048983008943,26.0192697432432,20.8516770641618,20.7448883311211,13.211041450615,12.5784721134274,12.0352185349182
East Asia & Pacific,EAS,Trade (% of GDP),NE.TRD.GNFS.ZS,45.5393525653386,45.3419224007305,46.7325402765249,48.2064388111879,47.0657255071407,52.8552728407529,51.5746651885653,53.1373334059212,58.714181309776,65.3018715820688,67.8091012735604,70.2789196343295,69.5440171400465,70.0360232719966,57.8851064194695,63.1227861965813,65.2995600722794,63.8876444205461,63.1342988386967,62.1679155939708,56.6136393112047,52.9522830963806,54.9383123590074,55.9566998193192,53.7112082438589
East Asia & Pacific,EAS,Exports of goods and services (% of GDP),NE.EXP.GNFS.ZS,18.8095037788152,20.2896582217371,22.3281424197413,22.848172102683,21.6294015504611,23.6592882426631,23.5074203980863,24.8616888625791,26.4234823822435,29.3023758791893,31.6782858379604,34.8030295910217,36.3126084607401,35.9512574453856,29.293181957421,32.0845995606273,32.6245902160245,31.8645276424166,32.4024600646441,32.2969101261128,30.2134624192895,28.1465597113663,29.1754368878336,29.1031959053036,27.9187654333306
East Asia & Pacific,EAS,GDP growth (annual %),NY.GDP.MKTP.KD.ZG,5.66881672360695,5.62064533840886,4.05460262851133,0.451265019911148,3.74114931467533,5.39368451674144,3.29912905566756,4.37733424856515,4.94766185504065,5.86777580031426,5.8994111126824,6.45398349522246,7.46677817739527,4.38531854839303,2.56043273917396,7.60985508493847,5.46170546387985,5.18297062404042,5.24511395095809,4.75873967143461,4.72833171558867,4.66012591396303,5.05464000036959,4.76021910380931,3.96059103453933
East Asia & Pacific,EAS,Tax revenue (% of GDP),GC.TAX.TOTL.GD.ZS,..,..,..,..,..,..,..,..,..,..,11.2580783286176,11.6979107474967,12.2444966450178,12.5680809030091,12.2216479661035,11.9434696258488,12.1479439574977,12.2092792839906,12.0350163202711,11.7956891725353,11.5508533080587,11.4366621492898,11.6390163108749,11.5760400169321,11.191434695633
East Asia & Pacific,EAS,Crop production index (2014-2016 = 100),AG.PRD.CROP.XD,..,..,..,..,..,..,..,..,..,..,..,..,..,..,..,..,..,..,..,..,..,..,..,..,..
East Asia & Pacific,EAS,"Foreign direct investment, net inflows (% of GDP)",BX.KLT.DINV.WD.GD.ZS,1.06837242868605,1.16507058723065,1.41260728373238,1.41822267906798,1.67674093745728,2.09342828237597,1.63925838281602,1.42945625268979,1.4579082860398,2.03873123897625,1.81822734410541,2.61553489046963,3.21572028429696,2.72622123701018,1.96721716771062,2.91347210741092,2.83493118376262,2.44236390317063,2.76375340299872,2.86068373302363,2.80935381683119,2.32565842322354,2.30867744182659,2.26619537004302,1.97010969372478
East Asia & Pacific,EAS,Fuel exports (% of merchandise exports),TX.VAL.FUEL.ZS.UN,3.89851697485545,4.39956266388111,4.92944099044758,4.02541002911212,4.11880215326598,5.06983240018491,5.09282624525421,4.63051314984023,4.70545783728553,5.06351216872817,5.69928959345234,5.71991754779195,5.66972712880281,7.25835554675357,6.00349279459165,6.08598502543962,6.83124731525434,6.67524811212471,6.49766961247712,6.29056371676652,4.99420054505815,4.44160133155488,5.05573700836114,5.63149826292807,5.36999369003706
East Asia & Pacific (excluding high income),EAP,Trade (% of GDP),NE.TRD.GNFS.ZS,42.6297626117464,42.1294109767901,43.791300350105,45.6394314358196,44.5664379548634,51.1021704985213,49.7996231267847,52.3822962453527,59.6699207873846,67.3591053165733,69.8104728749619,71.1034449065264,68.7349937435371,64.9452684029414,52.2143897634505,56.8939472869174,57.4967852436964,55.0524533455397,53.4835702240242,51.8677792414539,46.7007357515081,44.0877372551129,45.3630302334066,45.6599362202867,43.2887423052987
East Asia & Pacific (excluding high income),EAP,Exports of goods and services (% of GDP),NE.EXP.GNFS.ZS,28.4355417947922,27.8961428247593,29.7127695844862,30.474632585378,29.8991636555839,33.2809078225721,31.0299261914956,31.8314144240081,34.6840195825095,38.3951496967134,40.5942531055428,41.6760549624843,40.4190472443745,37.5808648972535,29.3511324189328,31.2506939249805,30.8219618444813,29.4259950627235,28.352463500565,27.3354775460448,25.0197195660582,23.3828409180401,23.7988599857952,23.3126344000494,22.4063400887719
East Asia & Pacific (excluding high income),EAP,GDP growth (annual %),NY.GDP.MKTP.KD.ZG,9.87477803284176,9.06335933155493,7.34355128216342,2.89511838922691,6.3893138306674,7.63908645147859,6.97953365379742,8.05999478241837,8.94423887291754,9.12116619917036,9.97680989377474,11.0778611972279,12.4862391273657,8.61520145919081,7.98454114456446,9.92114148084026,8.64284262408385,7.58014715153443,7.29844843158926,6.9835143569408,6.70715196644301,6.56526490602552,6.70748483111142,6.52492669200448,5.78169362582067
East Asia & Pacific (excluding high income),EAP,Tax revenue (% of GDP),GC.TAX.TOTL.GD.ZS,..,..,..,..,..,..,..,..,..,..,9.05773651845804,9.55982458491105,10.1777018194279,10.6918448911283,10.6418810771815,10.5276539207978,10.747960125432,10.693115450839,10.440366483009,10.1853132492444,9.90658283384188,9.62711514592942,9.82460938046029,9.52503915194957,9.04106136316818
East Asia & Pacific (excluding high income),EAP,Crop production index (2014-2016 = 100),AG.PRD.CROP.XD,..,..,..,..,..,..,..,..,..,..,..,..,..,..,..,..,..,..,..,..,..,..,..,..,..
East Asia & Pacific (excluding high income),EAP,"Foreign direct investment, net inflows (% of GDP)",BX.KLT.DINV.WD.GD.ZS,3.84184581622595,3.86329771811223,4.04017195722832,4.15852018273271,3.36601224562953,2.77338155721735,2.83696294984602,3.10400567033832,2.96063409571522,3.10640508734151,4.16530834833211,4.08722502963739,4.09532988347303,3.53901226112972,2.40566290083381,3.78211494818652,3.49742125790153,2.83343417587558,3.05055979989701,2.57793560780331,2.2994306339116,1.61925238377529,1.61305000538595,1.87160237568405,1.51870049281137
East Asia & Pacific (excluding high income),EAP,Fuel exports (% of merchandise exports),TX.VAL.FUEL.ZS.UN,4.69405410229914,5.12938654188869,5.71570342517501,4.40457362920778,4.57131229246426,5.89981966627134,5.69846514726877,5.03150943770691,5.13755088615606,5.38704461127215,5.63912550235176,5.28901790608619,4.93936778001874,5.84065551671604,4.79746548655327,4.81300479222916,5.24256690820966,5.1694682243189,5.17335794672236,4.8686599604543,3.74766116594335,3.26703998785592,3.79567299040751,4.11324789723081,3.95543470593169
East Asia & Pacific (IDA & IBRD countries),TEA,Trade (% of GDP),NE.TRD.GNFS.ZS,42.6297626117464,42.1294109767901,43.7913003501049,45.6394314358196,44.5664379548634,51.1021704985213,49.7996231267847,52.3822962453528,59.6699207873846,67.3591053165733,69.8104728749619,71.1034449065264,68.7349937435371,64.946347369982,52.2153975364115,56.8944154749723,57.4975760146465,55.0531631939433,53.4849372742972,51.869357980625,46.7024007818189,44.089106447894,45.3640816563986,45.6609644939841,43.2899677441247
East Asia & Pacific (IDA & IBRD countries),TEA,Exports of goods and services (% of GDP),NE.EXP.GNFS.ZS,28.4332712164904,27.8939153174707,29.7103970195324,30.4721991856558,29.8967762070616,33.2782503417436,31.0274484515732,31.8288726852422,34.6812500631926,38.3920838436191,40.591011654019,41.6727271290711,40.4158197830405,37.5778640648088,29.3487887307103,31.2481985567523,30.8195902604357,29.4238969148083,28.3506693319012,27.333745762193,25.0179205181973,23.38123426514,23.7971326081914,23.3109266979787,22.4047410655745
East Asia & Pacific (IDA & IBRD countries),TEA,GDP growth (annual %),NY.GDP.MKTP.KD.ZG,9.87477803284176,9.06335933155489,7.34355128216345,2.89511838922691,6.38931383066736,7.63908645147862,6.97953365379742,8.05999478241837,8.94423887291751,9.12116619917039,9.97666289396379,11.0777257909879,12.4861283144104,8.61546694158591,7.98444068477586,9.92106971229121,8.64284926964005,7.58028095190522,7.29842950667165,6.98356950686416,6.70706275420309,6.56527405587997,6.70739958761162,6.52493459873857,5.78170782997812
East Asia & Pacific (IDA & IBRD countries),TEA,Tax revenue (% of GDP),GC.TAX.TOTL.GD.ZS,..,..,..,..,..,..,..,..,..,..,9.05773651845804,9.55982458491105,10.1777018194279,10.6918448911283,10.6418810771815,10.5276539207978,10.747960125432,10.693115450839,10.440366483009,10.1854210798635,9.90666030692219,9.62728622672403,9.82474878988116,9.52525079014321,9.04133641920213
East Asia & Pacific (IDA & IBRD countries),TEA,Crop production index (2014-2016 = 100),AG.PRD.CROP.XD,..,..,..,..,..,..,..,..,..,..,..,..,..,..,..,..,..,..,..,..,..,..,..,..,..
East Asia & Pacific (IDA & IBRD countries),TEA,"Foreign direct investment, net inflows (% of GDP)",BX.KLT.DINV.WD.GD.ZS,3.84184581622595,3.86329771811223,4.04017195722832,4.15852018273271,3.36601224562953,2.77338155721735,2.83696294984602,3.10400567033832,2.96063409571522,3.10640508734151,4.1653083483321,4.08722502963739,4.09532988347303,3.53901226112972,2.40566290083381,3.78211494818652,3.49742125790153,2.83343417587558,3.05055979989701,2.57793560780331,2.2994306339116,1.61925238377529,1.61305000538595,1.87160237568405,1.51870049281137
East Asia & Pacific (IDA & IBRD countries),TEA,Fuel exports (% of merchandise exports),TX.VAL.FUEL.ZS.UN,4.69405410229914,5.12938654188869,5.71570342517501,4.40457362920778,4.57131229246426,5.89981966627134,5.69846514726877,5.03150943770691,5.13755088615606,5.38704461127215,5.63912550235177,5.28901790608619,4.93936778001874,5.84065551671604,4.79746548655327,4.81300479222916,5.24256690820966,5.1694682243189,5.17335794672236,4.8686599604543,3.74766116594335,3.26703998785592,3.79567299040751,4.11324789723081,3.95543470593169
Euro area,EMU,Trade (% of GDP),NE.TRD.GNFS.ZS,56.1525106279801,56.8477011120761,60.8774613881066,62.1743203415279,63.0213059230656,70.7864706785476,70.0126866430492,67.6297461222379,66.2750070807329,69.1686392535297,72.4277786782136,76.7507346585639,78.5564168772456,79.6363234882506,69.4048937385567,77.4986457969096,82.941183488544,84.5815741541655,84.0529816672686,84.6239806961715,86.0994554849285,85.0184668545729,88.1243142180098,89.7595271368944,89.9062406696633
Euro area,EMU,Exports of goods and services (% of GDP),NE.EXP.GNFS.ZS,27.7057914284136,28.0787261385996,30.3941768999416,31.0101266118561,31.3522010689829,35.1159239237856,35.1415634957461,34.5284441510263,33.6210116162166,35.1509431441388,36.5169065010056,38.5498472401083,39.6752610095526,40.0229429090581,35.1287026790473,39.1515982649256,42.0192941115662,43.6945795807454,43.8735516943464,44.5009350249662,46.0050695369724,45.5241996928684,47.2026038641733,48.0504207559296,48.2992275823109
Euro area,EMU,GDP growth (annual %),NY.GDP.MKTP.KD.ZG,2.42000747360038,1.69016177984189,2.70739451462978,3.03603740491431,2.96448202694157,3.86481276145901,2.19555529499824,0.940011566892736,0.682041520453879,2.29360206172915,1.68118027395894,3.23071459854964,3.00145885509994,0.417078650091128,-4.52109492701641,2.18020968862045,1.72268324109753,-0.844138991503911,-0.218686414576226,1.40589735306132,2.05219092924742,1.85776561168151,2.6255233869033,1.78364588575117,1.58190225497322
Euro area,EMU,Tax revenue (% of GDP),GC.TAX.TOTL.GD.ZS,18.5529043513736,18.714994743151,19.1368259883406,19.4693164254896,19.9344379258496,19.7461998833883,19.3446666937558,18.9459279626497,18.7348374574009,18.460404236037,18.6331848536586,19.022934774367,19.1323672880113,18.9982998692227,18.4804938026471,18.6664105784336,18.8004539683147,18.5096588959694,18.9799745777484,19.0261871422028,18.92322765345,18.8357711469947,19.0083239082495,19.1566734884653,19.2113397822237
Euro area,EMU,Crop production index (2014-2016 = 100),AG.PRD.CROP.XD,..,..,..,..,..,..,..,..,..,..,..,..,..,..,..,..,..,..,..,..,..,..,..,..,..
Euro area,EMU,"Foreign direct investment, net inflows (% of GDP)",BX.KLT.DINV.WD.GD.ZS,1.06476302423628,1.23460956201292,1.31250227333324,2.42973428832399,4.96739388042551,8.57289109269125,4.87252649029888,3.51768155554738,3.03508570640172,2.65862373872185,6.01487028093117,7.3131926919699,9.94988837390812,4.64126205195475,3.38640783683187,4.24140118316987,5.99975582178334,4.30065156093584,4.57335221208812,2.84886553387558,6.7367126474791,4.95056387033908,3.80041478992645,-0.42203016537404,2.60668211054306
Euro area,EMU,Fuel exports (% of merchandise exports),TX.VAL.FUEL.ZS.UN,2.41971709990413,2.85752130849264,2.67104347499704,2.30717126086907,2.45409234613314,3.38372551082447,2.93637879915014,2.79424246836688,3.02614072375783,3.41509271152532,4.29507921296716,4.7808335132919,4.41188555869136,5.56824880337919,4.36006854867211,5.23143346175091,6.21627375381447,6.74780571616594,6.56697473601627,5.92067246561704,4.81278037363844,3.96456457763602,4.59345384647911,5.01861957681642,4.75289866998616
Europe & Central Asia,ECS,Trade (% of GDP),NE.TRD.GNFS.ZS,57.241665843822,57.5872123231406,60.7106094239729,61.2750708629881,62.9881473311421,69.3218943339381,68.4161202415215,66.2522324294962,65.401927072005,67.8367277775145,70.3002403228123,73.9679731681333,74.7316077952907,76.4914769700412,68.0970877735762,74.4141118080372,79.1270136735277,79.9340707574479,79.4660949327844,79.3616308424286,79.848414237688,79.4640355731853,82.3419793891545,84.4974959825275,84.3698046954109
Europe & Central Asia,ECS,Exports of goods and services (% of GDP),NE.EXP.GNFS.ZS,28.4543629595493,28.7119249990174,30.3890378843315,30.6335429988716,31.1181212777357,34.4860524847215,34.5214883344803,33.6935864340662,33.0674445351348,34.3755738014765,35.6302281989216,37.5162875386006,37.7869347958356,38.8480240423413,34.9510018830501,38.1271831637143,40.5148860868829,41.0860250142669,40.9565107618828,41.2624886872348,42.0861686177781,42.1029553850117,43.6565904912006,45.1191934582652,45.040117023382
Europe & Central Asia,ECS,GDP growth (annual %),NY.GDP.MKTP.KD.ZG,2.13722432643975,1.78777368373029,3.07456107467929,2.62722761598522,2.87764371979647,4.35977348222862,2.25835606974474,1.58429637968393,1.7949496442057,3.19088179452194,2.67184058232945,3.86504386090476,3.65160765875969,1.0165517244783,-4.4578878844523,2.65891597941091,2.34716120464719,0.359782306437651,0.846598488286276,1.92657518081391,2.05779082981128,1.89904414000242,2.90864060824745,2.13305909306347,1.80467812025972
Europe & Central Asia,ECS,Tax revenue (% of GDP),GC.TAX.TOTL.GD.ZS,19.2928840460055,19.4166317131353,19.8380337353625,20.1120240615528,19.8627152333722,20.1703891112736,19.8608022211004,19.3597745692337,19.1599633478961,19.131418667909,19.7725097665587,20.0686951583138,20.2321041350532,20.0109603626492,19.0031177666804,19.2869459611514,19.5104809898456,19.1135250252116,19.3358759088436,19.3243034752171,19.0608868095489,18.9649757311027,19.1607166261261,19.3184123802487,19.2450920213156
Europe & Central Asia,ECS,Crop production index (2014-2016 = 100),AG.PRD.CROP.XD,..,..,..,..,..,..,..,..,..,..,..,..,..,..,..,..,..,..,..,..,..,..,..,..,..
Europe & Central Asia,ECS,"Foreign direct investment, net inflows (% of GDP)",BX.KLT.DINV.WD.GD.ZS,1.39561551793781,1.42379555567451,1.82574184647105,3.30510723374335,5.74873891177545,8.5410505631061,4.51305571513404,3.7415892841236,2.88760158552238,2.81074262074238,6.10576767436531,7.10085084417626,8.89830512011103,5.3619823152232,3.22335499665126,3.57334731986135,4.60828844894821,3.61209281762798,3.2432047946803,2.47560374456696,5.46590059542413,6.56395792992869,4.14665253188624,-1.37796706009708,2.67057574274789
Europe & Central Asia,ECS,Fuel exports (% of merchandise exports),TX.VAL.FUEL.ZS.UN,3.94399380023137,6.85989923996072,6.91347431371273,5.82943168374304,6.17134601757505,7.92342463300807,7.57781816926925,7.62783296846617,7.89499215560884,8.32902857611593,9.59752731652069,10.0207154417599,9.56882765090624,11.0487716979175,9.72109187957876,10.5869722839975,11.5115995095711,12.154791596662,11.7475281442452,11.089641011794,9.35864182878515,7.68742853752089,8.42243007667274,9.20240868165824,8.74590026142083
Europe & Central Asia (excluding high income),ECA,Trade (% of GDP),NE.TRD.GNFS.ZS,58.3509778916917,55.5339436948942,56.7358861922447,55.9661238274173,63.2559557902113,66.4126112409001,63.9866868948407,62.6262269053211,62.7163601835559,63.5936778420193,61.9051379314344,61.2442377048248,59.9257482385926,62.2776300089609,55.6035976179407,56.6398960206183,59.0409543319218,58.3663514445036,56.2726395238078,57.0990140006245,56.519898694673,54.9483094509074,57.7488536595829,63.0017408852827,61.3850348549468
Europe & Central Asia (excluding high income),ECA,Exports of goods and services (% of GDP),NE.EXP.GNFS.ZS,28.7014822420859,26.9039920414646,26.8737717396041,27.7431265033287,30.9791321052279,34.241850068632,34.8526421224703,33.1571564870049,32.6522986270299,33.3886381357987,32.8906748348451,32.7310766450235,30.9516604883893,32.8780314435311,29.5225465725656,30.0285835297319,31.0764641154354,30.407974403403,28.8484864204086,29.8706884700829,29.5522438189628,27.8973723175276,29.5900669309011,34.2503603029017,33.0772351766178
Europe & Central Asia (excluding high income),ECA,GDP growth (annual %),NY.GDP.MKTP.KD.ZG,-1.85863633435494,-0.112119993952177,2.85859432317785,-1.56293152635871,2.35612865391026,8.42343207307256,2.64933650354902,5.48850376522726,6.94025092768922,8.28919064040079,7.35840029047606,8.18572701309763,7.80333454191988,4.23323821045567,-5.72776796450223,5.64122511398159,6.28585435116831,3.97541601276249,4.04673862124439,2.04979985809284,0.911508892125326,1.5772214612084,3.92635281089973,3.17395577635521,2.25341449544099
Europe & Central Asia (excluding high income),ECA,Tax revenue (% of GDP),GC.TAX.TOTL.GD.ZS,..,..,..,..,..,..,..,..,..,..,..,..,..,16.873885776846,15.1045522302303,15.2853688752278,15.8210076127647,15.3239356417094,15.1610962891744,15.1380831128389,13.7828450741849,13.0263321907642,13.4121290566959,14.0479208883105,13.5149397676213
Europe & Central Asia (excluding high income),ECA,Crop production index (2014-2016 = 100),AG.PRD.CROP.XD,..,..,..,..,..,..,..,..,..,..,..,..,..,..,..,..,..,..,..,..,..,..,..,..,..
Europe & Central Asia (excluding high income),ECA,"Foreign direct investment, net inflows (% of GDP)",BX.KLT.DINV.WD.GD.ZS,0.731350511140011,0.887406071422343,1.42505386331008,1.2483599383488,1.53265237459015,1.21921391975395,2.0133099747259,1.67810656274015,2.32349135575311,3.0090542705048,3.04877437148575,4.6382021466984,5.35422417341342,4.91960764097516,3.55653643912972,2.88335307538838,3.23994579202418,2.67267243153668,2.77298364817605,1.6449069889947,1.82430638063209,3.11541254657845,2.12566198805767,1.35062566862999,2.15331493140111
Europe & Central Asia (excluding high income),ECA,Fuel exports (% of merchandise exports),TX.VAL.FUEL.ZS.UN,..,27.8698066332386,30.3527677973251,25.6708354211774,28.0760571554254,33.8192004506348,34.3410386929416,34.9689843453218,36.7961356628861,36.5787736358171,41.1493665455695,42.0071609387389,40.9489101485522,44.9129345233973,42.9012281394787,44.2405671136698,45.5683235514192,47.0216938096934,47.6459979161361,46.5213127813201,41.7400346502535,33.1392233004064,33.7836349349664,36.3181373891304,35.669707655146
Europe & Central Asia (IDA & IBRD countries),TEC,Trade (% of GDP),NE.TRD.GNFS.ZS,56.5071898179272,54.6984046799826,56.5181592752366,56.0807661582312,61.9471593041891,65.0344454589931,62.9342149578339,62.2638786640166,63.4770530871102,64.6436667306995,63.0881745622305,63.5782209558018,62.9220671152305,64.9164509956691,58.2961041761661,60.5804235186869,63.4760399024676,63.1969641034602,61.9098791307686,62.9487166793853,62.579253315436,61.9866634480981,64.8602950038988,69.4275559694826,67.9564411536031
Europe & Central Asia (IDA & IBRD countries),TEC,Exports of goods and services (% of GDP),NE.EXP.GNFS.ZS,27.6429995960191,26.1579985245653,26.4496683944849,27.2422865013308,29.3379206495444,32.3752313062144,32.7319644591525,31.9491687211307,32.4648197507859,33.2495419744631,32.8223280520633,33.1450230235757,31.7529562200765,33.2355639698058,30.4567653192021,31.5033357092044,32.7124214276711,32.1963426584201,31.2177180595057,32.4617154612121,32.7091958778662,31.9697121608915,33.5688172586536,37.5831837986363,36.6481443182048
Europe & Central Asia (IDA & IBRD countries),TEC,GDP growth (annual %),NY.GDP.MKTP.KD.ZG,-0.272045345412607,1.05227104948796,2.92610712605249,-0.647706688950137,2.4648052778652,7.39899452645432,2.59310674294571,5.01198298364758,6.18130972156416,7.86811698645127,6.6432928019731,7.85320151716229,7.62761072569292,4.45611727674866,-4.6725468535618,4.63228845564356,5.9259471549508,3.45477130434462,3.38418241846054,2.33791736885338,1.48631724177297,1.84885203546214,4.29167265253754,3.68708276470002,2.65435340853806
Europe & Central Asia (IDA & IBRD countries),TEC,Tax revenue (% of GDP),GC.TAX.TOTL.GD.ZS,..,..,..,..,13.1026510703604,14.6231458817498,15.4186633544745,14.470349734771,14.5180801704744,14.3623575263742,..,..,17.350528271763,17.1024442352437,15.2993983984567,15.5550246006759,16.0436559435378,15.5581093514951,15.4163968854197,15.3970949756909,14.3446853991917,13.7236987250516,14.0364695079571,14.5594843822299,14.1315783810389
Europe & Central Asia (IDA & IBRD countries),TEC,Crop production index (2014-2016 = 100),AG.PRD.CROP.XD,..,..,..,..,..,..,..,..,..,..,..,..,..,..,..,..,..,..,..,..,..,..,..,..,..
Europe & Central Asia (IDA & IBRD countries),TEC,"Foreign direct investment, net inflows (% of GDP)",BX.KLT.DINV.WD.GD.ZS,1.03178738936385,1.24497889528811,1.80439912713106,1.9387686178635,2.33003154875526,2.18627167093124,2.32079836793277,1.84293384906563,2.47263247210679,3.6621020372801,3.3301527131014,5.12757112221534,5.48948019824323,4.74964838669912,3.48244386367696,2.96499678694542,3.16500876913025,2.50342843214499,2.46039658843471,1.95446109444176,2.01931530221813,3.18352406091028,2.16639768739697,1.73800919774563,2.37839314406759
Europe & Central Asia (IDA & IBRD countries),TEC,Fuel exports (% of merchandise exports),TX.VAL.FUEL.ZS.UN,..,21.6869506969479,23.3803113013208,19.8506191892667,21.5098903527644,25.8532196587592,26.1836369967246,26.5781668552365,27.5645699669323,27.8069084809158,31.2781704239451,31.734181936884,30.6517328227998,33.5005031968094,31.6310822187331,32.7622661984174,33.8696433581272,34.9448832390977,35.3075214634453,34.43486178888,30.7338765957552,24.4088100144701,24.9809953102555,26.815447051279,26.2434491958839
European Union,EUU,Trade (% of GDP),NE.TRD.GNFS.ZS,57.0704833980096,57.8469987845116,61.9751927832927,63.3146514162677,64.1927019566377,71.8384914527522,71.0903531282072,68.8189390922116,67.8561449323066,70.988867108744,74.2811705147571,78.9570961389248,80.8716355229704,82.0140643368969,71.7186873704473,79.6552337773163,85.0918194374298,86.740128830458,86.237008096271,87.077616391987,88.3981256051598,87.4190485325038,90.4566262543973,92.1391823821776,92.2681849767146
European Union,EUU,Exports of goods and services (% of GDP),NE.EXP.GNFS.ZS,28.2812088718136,28.6254922354586,30.9233253879269,31.5417747804433,31.9177911279863,35.6908888387063,35.6997778412288,35.1007762219021,34.3460705465318,35.9870992460334,37.4445965912751,39.629423658231,40.7184793938297,41.1013034059718,36.2746262922577,40.318631914722,43.1932634649868,44.7814121983733,44.9673390065393,45.6642621937682,47.0495369962884,46.6453615761556,48.2887684606109,49.1190221186125,49.4036549958727
European Union,EUU,GDP growth (annual %),NY.GDP.MKTP.KD.ZG,2.66279744063129,1.88136884048672,2.65318696303333,3.01079698804365,2.94869187247504,3.90052515551631,2.17590928474817,1.11075100784494,0.908251332961257,2.59250628300201,1.92474226834005,3.49444507960209,3.15612094453368,0.641226448951969,-4.34871036398609,2.22459488854896,1.9008424821277,-0.70201125156845,-0.0829014869741371,1.60027872446497,2.30921896845095,1.97176571205941,2.84505237325486,2.06631701487747,1.80500166877604
European Union,EUU,Tax revenue (% of GDP),GC.TAX.TOTL.GD.ZS,19.3572385633948,19.4664579338992,19.8151725793013,20.1773767190142,20.5244816872364,20.3087289718398,19.7838800495432,19.4113334090046,19.2612848223729,19.0328960037192,19.2918350151699,19.6245082037161,19.8463098796182,19.6469675400686,19.0691068219144,19.2492566563861,19.3458681767613,19.0512442460427,19.4760722106453,19.5722190479363,19.4714877384074,19.4202118391171,19.5711731278222,19.6570199255825,19.7471820336057
European Union,EUU,Crop production index (2014-2016 = 100),AG.PRD.CROP.XD,..,..,..,..,..,..,..,..,..,..,..,..,..,..,..,..,..,..,..,..,..,..,..,..,..
European Union,EUU,"Foreign direct investment, net inflows (% of GDP)",BX.KLT.DINV.WD.GD.ZS,1.33567340564768,1.30766034463582,1.51318874385097,2.76921999814117,5.72597620072978,8.73842401304908,4.9680084374064,3.6536509218098,2.95513155436258,2.74839124992188,6.14000668075405,7.172864211152,10.0323227253354,5.08402227588037,3.24459604787954,3.7069344147364,5.5676684806876,3.86011085581813,4.03477672216915,2.76398585664363,6.03003404838941,5.20305423386299,3.58672167051394,-0.480492439004331,3.20443910482895
European Union,EUU,Fuel exports (% of merchandise exports),TX.VAL.FUEL.ZS.UN,2.83248084924268,3.21231962308985,2.97893359823916,2.51887873473321,2.63471495718957,3.58810643493889,3.18163826306957,3.06436863683673,3.19157679784049,3.62784925946171,4.50944692424042,4.9156120224816,4.50542832892167,5.62791981588621,4.44363422084022,5.25279888649577,6.15583889803345,6.70510142374234,6.43662013651315,5.82110489281814,4.72227237667872,3.87281407236969,4.4524858110163,4.85588478348409,4.56782003438177
Fragile and conflict affected situations,FCS,Trade (% of GDP),NE.TRD.GNFS.ZS,..,..,..,..,..,..,..,..,..,..,..,..,..,..,..,..,..,..,..,..,..,..,..,..,..
Fragile and conflict affected situations,FCS,Exports of goods and services (% of GDP),NE.EXP.GNFS.ZS,..,..,..,..,..,..,..,..,..,..,..,..,..,..,..,..,..,..,..,..,..,..,..,..,..
Fragile and conflict affected situations,FCS,GDP growth (annual %),NY.GDP.MKTP.KD.ZG,0.0518073774156562,3.60260272552215,4.94536096850111,5.75509918683885,3.35268684002918,5.45189653993052,4.29791106655799,4.64140571098683,1.23307786818413,11.0583366817002,5.82186883680926,5.84253624616548,5.97755243563851,4.99338915175862,2.85618505477916,6.91804355794368,-0.0853060671895918,4.89253413904478,3.47645259344785,2.1492944723194,1.09010153459921,2.20557065520262,2.50009959363658,2.59036443966838,2.17391550165058
Fragile and conflict affected situations,FCS,Tax revenue (% of GDP),GC.TAX.TOTL.GD.ZS,..,..,..,..,..,..,..,..,..,..,..,..,..,..,..,..,..,..,..,..,..,..,..,..,..
Fragile and conflict affected situations,FCS,Crop production index (2014-2016 = 100),AG.PRD.CROP.XD,..,..,..,..,..,..,..,..,..,..,..,..,..,..,..,..,..,..,..,..,..,..,..,..,..
Fragile and conflict affected situations,FCS,"Foreign direct investment, net inflows (% of GDP)",BX.KLT.DINV.WD.GD.ZS,0.617066191418937,0.860794081811664,1.86312522112065,1.54555945128207,1.69875328239637,1.81850736392019,1.83564813981268,1.66960590406067,2.53427632597501,1.82266320798377,2.80451434893556,2.19625548410312,3.03482092166876,2.67099761950339,2.10439223652573,1.99826407211866,2.52738954529047,2.42263168590655,1.6642933463904,0.810588994204915,1.3939285170543,1.4974355459875,1.79868630269746,1.51673907866207,1.32752904273712
Fragile and conflict affected situations,FCS,Fuel exports (% of merchandise exports),TX.VAL.FUEL.ZS.UN,..,..,..,..,..,67.9363809895499,66.4958556611346,64.5656994613513,..,..,..,72.6978897502211,67.3613574251031,70.1299831532645,70.3044583219066,67.7913262153088,60.3121092475879,64.0626644412657,68.1459403029507,61.9716526240408,57.1190324814026,58.897767355911,..,..,..
Heavily indebted poor countries (HIPC),HPC,Trade (% of GDP),NE.TRD.GNFS.ZS,54.210478297412,53.9599483473228,52.8713714994544,52.841218368573,51.1553980547686,54.2876241440104,53.557051044398,54.95277177313,55.9750220144066,58.6801835097003,60.6861306939165,58.0569898254723,61.9173840246436,63.9974305626522,57.497675302065,62.3927765064105,63.9263422809786,63.0844068338436,59.4246794447238,58.2613889219067,55.751335715495,51.9060027293872,52.8495778728262,53.1715615379921,52.7986909625064
Heavily indebted poor countries (HIPC),HPC,Exports of goods and services (% of GDP),NE.EXP.GNFS.ZS,22.8101008483919,22.5965640452316,21.8418482505692,21.1302642092091,20.4308975272305,20.7890893510876,20.8827959378117,21.5789653464569,21.9066831706267,23.787966381751,24.5049201123037,25.1353529627945,25.4547555911457,26.3027141841501,22.4659850804069,25.5355602118499,27.0109765211505,26.553975601404,25.0608354036432,24.4244830593814,21.3610413071968,19.7693042614903,21.0985958511002,23.5278810867256,23.1530538073652
Heavily indebted poor countries (HIPC),HPC,GDP growth (annual %),NY.GDP.MKTP.KD.ZG,5.089811610192,5.14877415126067,6.22045173287225,3.42448325604698,2.98974706524892,2.97137085453446,4.03963725091729,3.53533794664318,4.03555532711326,5.60966396638875,5.55684859276046,5.90674957580242,5.4716546456478,5.49490588273854,3.23085678792295,5.93696150616306,3.91515576938704,2.61517828195872,5.53643736074909,5.78839043719314,4.67427746609617,4.39867540818464,4.80011665743842,3.88140103485036,4.12307339586273
Heavily indebted poor countries (HIPC),HPC,Tax revenue (% of GDP),GC.TAX.TOTL.GD.ZS,..,..,..,..,..,..,..,..,..,..,..,..,..,..,..,..,..,11.2436692603182,10.9298572379192,11.3496944383285,11.4755958198414,11.3355194730872,..,..,..
Heavily indebted poor countries (HIPC),HPC,Crop production index (2014-2016 = 100),AG.PRD.CROP.XD,..,..,..,..,..,..,..,..,..,..,..,..,..,..,..,..,..,..,..,..,..,..,..,..,..
Heavily indebted poor countries (HIPC),HPC,"Foreign direct investment, net inflows (% of GDP)",BX.KLT.DINV.WD.GD.ZS,1.27974133811973,1.41642256839049,2.09060632760522,2.45137006392703,2.74796556019915,2.34917423870337,2.79508206579548,3.18244959520062,3.26217398322471,3.07859557321553,2.94416202589996,3.13136893753182,3.75834974887167,4.14832912321713,3.28880090898162,4.52091764733479,4.8603731002184,5.37977270177262,5.19996884901126,4.08283752486396,4.2803852122299,3.36076015693184,3.64163055645317,3.67012899833269,2.93197747369605
Heavily indebted poor countries (HIPC),HPC,Fuel exports (% of merchandise exports),TX.VAL.FUEL.ZS.UN,..,7.34476737252154,5.60018739018507,3.99847978500104,4.81255031866211,11.6792524623334,11.5288138359389,11.4912348973761,11.36221612084,12.7844850467815,15.7374890784756,17.8527695806873,23.5633576157671,23.6361248243921,19.4584944694923,20.0963975052183,22.6271263664526,23.7256861314333,24.6239583122495,19.7173717087045,14.2882934538344,9.34985506316483,15.4818474977582,20.0397764307693,20.4320237519455
High income,HIC,Trade (% of GDP),NE.TRD.GNFS.ZS,44.1588981958574,44.6701146883792,46.5572262885782,46.8132889066609,47.1113309073823,51.5793406034687,50.4201808584042,49.2704451202875,49.6162340875677,52.5319979499866,54.8320142785563,57.8287520030521,59.1065500076278,61.7690613048338,53.8587579428116,58.9411334791816,62.9634771017731,63.3668635247599,63.0305282980797,62.9136503722796,61.0985489536623,59.4118713899198,61.3533486475983,62.3885375681147,61.6218276481625
High income,HIC,Exports of goods and services (% of GDP),NE.EXP.GNFS.ZS,20.5617574786316,21.1727882878353,22.1585412248472,22.0085590043687,21.6352404021503,23.0666604489262,22.5261527538851,22.4845807850408,23.0987338777976,24.8491343110328,26.0805951499321,27.9445682692902,29.3754040078933,30.876290259469,26.6686068707014,29.4653706400813,31.98272556899,32.0659049021687,32.5935153546435,32.6390266091384,30.9824864135312,30.082631913605,31.375996535456,32.1444225241716,31.3299300644095
High income,HIC,GDP growth (annual %),NY.GDP.MKTP.KD.ZG,2.86009957032296,3.04742215076929,3.52601297674275,2.89647693364815,3.4832362569434,4.14030111362345,1.50606306658423,1.54836843758599,2.19029451602115,3.4252908019448,2.88696345449382,3.08961929848101,2.70452146756885,0.545412719717149,-3.25668835543622,3.01384618886135,1.94618137784627,1.39687173662165,1.49685816012253,2.09929830055432,2.36264499201366,1.8274547652703,2.40000718395346,2.34193301912794,1.7590813599988
High income,HIC,Tax revenue (% of GDP),GC.TAX.TOTL.GD.ZS,15.3060568260855,15.5777265530888,15.8175541244776,16.2324204240793,16.410458374461,16.9875902484418,16.3412256156427,15.1996832569469,14.9345165232466,14.9608689468007,15.6401352510164,16.0859394429588,16.1787987355121,15.6565047011294,14.0836653538663,14.2325786466105,14.6167477908865,14.7278484697253,15.1577754293555,15.3292385209692,15.4480999042813,15.374072681623,15.7402217020753,15.2756395851578,15.2295285374026
High income,HIC,Crop production index (2014-2016 = 100),AG.PRD.CROP.XD,..,..,..,..,..,..,..,..,..,..,..,..,..,..,..,..,..,..,..,..,..,..,..,..,..
High income,HIC,"Foreign direct investment, net inflows (% of GDP)",BX.KLT.DINV.WD.GD.ZS,1.05064831182764,1.15792634698618,1.4706213155055,2.46578651812502,3.81568779479771,5.08652469768542,2.66557915949361,2.08176189790843,1.76995099245666,2.15616457046435,3.3625404986386,4.55212717807054,5.87404650848578,3.89534459191144,2.25569316473547,2.76910238090118,3.22916281371776,2.67840668715278,2.65912752155114,2.46171817287483,4.333788575893,4.32210233518361,3.13154709169644,0.44954687155648,2.26242454672708
High income,HIC,Fuel exports (% of merchandise exports),TX.VAL.FUEL.ZS.UN,6.57880953075796,7.04799707436555,4.68495335448962,6.21023976152428,8.71951462501896,9.91233078824381,9.79666307573609,8.62973539951776,8.7109334241042,9.3473615153894,10.0071820925205,10.9447211995701,10.8888743490213,12.686613592206,10.6638184039607,11.8106840767612,13.106088815841,12.6888173268697,13.0818397322853,12.6756395702607,10.2889268801658,9.3178207235642,9.12211830288129,11.0229771828753,11.2855372827415
IBRD only,IBD,Trade (% of GDP),NE.TRD.GNFS.ZS,41.2484452794318,40.7887259910572,42.7007228456827,43.6907605559097,44.5088814836655,48.9355524410502,47.9172703774712,50.3489159834745,54.8154332321852,59.7710138504817,61.3520471822805,62.2602059956525,61.0381674220803,60.7602836748078,50.9948500184953,54.2732236257814,55.8922363067894,54.6678829435067,53.3786159573242,52.0461027865602,48.7241093619821,46.9220863595892,48.3278706608407,50.4479258181899,48.3716566924529
IBRD only,IBD,Exports of goods and services (% of GDP),NE.EXP.GNFS.ZS,21.5519001108769,21.3182293317029,21.8542239215433,21.6663161230116,23.46063766405,25.9683954812638,25.1533179666056,27.0171867420811,28.6824158054532,30.9190564739901,31.9178517713111,32.7804063073163,31.9095446908318,32.0551230653306,26.5057109089136,27.9275358903824,28.4595930751629,27.9002017517591,27.1933640969265,26.3302200299464,24.7968054336525,23.707312849763,24.2565256980077,25.3287085195202,24.4478174641899
IBRD only,IBD,GDP growth (annual %),NY.GDP.MKTP.KD.ZG,4.02027355760642,5.50687247953276,5.35954997724295,2.69476781999604,3.76224514797643,5.9001657391651,3.62451722027161,4.57047194331865,5.94865153976363,7.64664282067493,7.19008088137549,8.2912659362762,8.95793415317929,5.90718478525622,2.78987996072249,7.80800367745465,6.3819073736048,5.4569054641413,5.21662439904138,4.78981322322529,4.40779427947666,4.54866790597741,5.22995518060976,4.93786410687235,3.9742050622616
IBRD only,IBD,Tax revenue (% of GDP),GC.TAX.TOTL.GD.ZS,..,..,..,..,..,..,..,..,..,..,11.1310640228235,11.7038839794998,12.2220595494107,12.4017929743117,11.7899308865027,12.147260474041,12.4321452107485,12.3133248783114,12.1714165570317,11.8301853429286,11.6660266919955,11.4677342947598,11.5909324462544,11.5941611954219,11.1886692727963
IBRD only,IBD,Crop production index (2014-2016 = 100),AG.PRD.CROP.XD,..,..,..,..,..,..,..,..,..,..,..,..,..,..,..,..,..,..,..,..,..,..,..,..,..
IBRD only,IBD,"Foreign direct investment, net inflows (% of GDP)",BX.KLT.DINV.WD.GD.ZS,1.93385874889075,2.24172999626718,2.79276749977619,2.84709097370969,3.18081279451246,2.67422644186404,2.81653864225017,2.49460810903589,2.41017738241528,2.82936181920934,3.15706329432979,3.52875329551824,3.91694207211012,3.68493018542512,2.58093966787331,3.1147735165235,3.09059191661984,2.69012238169207,2.70702866152004,2.38185678489599,2.36066531272702,2.12333236585057,1.84289095770911,1.99025863170541,1.84993936935581
IBRD only,IBD,Fuel exports (% of merchandise exports),TX.VAL.FUEL.ZS.UN,6.91218334985698,10.12907752542,11.2706150651547,9.39932779614707,10.2603939800853,13.3560406086252,13.1290925538298,12.6910183941683,12.4672108908485,13.7045922623619,15.0594634285589,15.2937483053556,14.1997308957185,15.4972103449742,14.4939145337767,15.6027196550133,15.9586819121109,15.5751195441621,16.1747607739317,14.9881300187062,12.5024130362095,11.173675629364,11.0892209338012,11.4548583952352,10.616875579328
IDA & IBRD total,IBT,Trade (% of GDP),NE.TRD.GNFS.ZS,41.7977282667816,41.3228971827864,43.1630805817842,44.0076965388841,44.738630534738,49.0208288162134,48.0734909819387,50.378725544687,54.6751187148184,59.4942695848724,61.0454119662441,61.9061853179907,60.8289792289471,60.6884807989179,51.074778285658,54.2369076375685,55.9126857956954,54.6742876408401,53.3346084897317,51.9798536518267,48.6663394241377,46.7861757932124,48.2195714268145,50.3758208649112,48.3838240000145
IDA & IBRD total,IBT,Exports of goods and services (% of GDP),NE.EXP.GNFS.ZS,21.4262618939004,21.0414602266623,21.5169322194046,21.2028599404665,23.4232849863401,25.7101719473721,24.9966279732383,26.6892558005556,28.1278334299286,30.3389931949163,31.3255816330849,32.0568256766395,31.2984469352368,31.445288108271,26.0670351777217,27.4919905428886,28.0069965980462,27.3742893468081,26.6301799936115,25.7475645815331,24.1935878244072,23.1435184808787,23.7749193310856,24.8536634064785,24.0065697555717
IDA & IBRD total,IBT,GDP growth (annual %),NY.GDP.MKTP.KD.ZG,3.98464218099444,5.44997248315565,5.24034932625612,2.75804164699515,3.68656755593493,5.72787256649303,3.67133437958115,4.6361587809355,5.8602430028063,7.56163318822942,7.10373996093949,8.10511846616855,8.70612102941391,5.83495784320087,2.96166050093281,7.67028936534355,6.18835203300682,5.25784265803615,5.21669036072478,4.84375497827902,4.32711461058331,4.44757292216997,5.12733081378347,4.88400533489445,3.96321661604604
IDA & IBRD total,IBT,Tax revenue (% of GDP),GC.TAX.TOTL.GD.ZS,..,..,..,..,..,..,..,..,..,..,11.1047593931684,11.6574472310639,12.1628947242934,12.3497981359754,11.7290537766739,12.0976160425104,12.3841512728737,12.2711059524481,12.1253635379237,11.8138251459381,11.6619762570462,11.4577658125491,11.582252173352,11.5839190421278,11.2077385079801
IDA & IBRD total,IBT,Crop production index (2014-2016 = 100),AG.PRD.CROP.XD,..,..,..,..,..,..,..,..,..,..,..,..,..,..,..,..,..,..,..,..,..,..,..,..,..
IDA & IBRD total,IBT,"Foreign direct investment, net inflows (% of GDP)",BX.KLT.DINV.WD.GD.ZS,1.82324114132713,2.09817810797282,2.61065340682384,2.64394917929708,3.02327157983952,2.5425929054635,2.68028801694164,2.40463881097699,2.33863183552111,2.72571674586293,3.05661831178388,3.41978224696597,3.81869632897631,3.61373034579018,2.56046098541529,3.05226125767628,3.07374685972048,2.69268291992966,2.69920384867884,2.36677601745276,2.35798716974409,2.11911783444732,1.87386299756316,1.98689674116417,1.84454781391223
IDA & IBRD total,IBT,Fuel exports (% of merchandise exports),TX.VAL.FUEL.ZS.UN,6.95759126153171,10.7777256222417,11.8340800791093,10.0329900500295,10.9216315807987,13.9530786578926,13.7343410475046,13.2663773100098,13.0782171589179,13.5123628127378,14.8762258676446,15.8944872732961,14.8989732620089,16.0848152808695,15.0734810603693,16.1229413316224,16.5269994232024,16.0732145531256,16.6850223812455,15.6306016227539,13.0269382947876,11.7945115530875,11.8376394845111,12.2814772228548,11.4482228467269
IDA blend,IDB,Trade (% of GDP),NE.TRD.GNFS.ZS,..,..,..,..,..,..,..,..,..,..,..,..,..,..,..,..,..,..,..,..,..,..,..,..,..
IDA blend,IDB,Exports of goods and services (% of GDP),NE.EXP.GNFS.ZS,..,..,..,..,..,..,..,..,..,..,..,..,..,..,..,..,..,..,..,..,..,..,..,..,..
IDA blend,IDB,GDP growth (annual %),NY.GDP.MKTP.KD.ZG,2.02271385152658,4.62596808813338,1.98708062556523,2.70548818492411,2.156748040388,3.71073254678618,4.3738577236259,6.98667833350855,5.01206032486337,7.60960558638355,6.22568605637535,5.85719015051254,5.62624076818,4.18127614005634,6.01324205623177,5.95403797672927,4.61302081140533,4.37923071674753,5.52444312991322,5.62958636437946,3.74751205748778,2.09570063980375,2.56687435153535,3.85937143099116,2.768233144105
IDA blend,IDB,Tax revenue (% of GDP),GC.TAX.TOTL.GD.ZS,..,..,..,..,..,..,..,..,..,..,..,..,..,..,..,..,..,..,..,..,..,..,..,..,..
IDA blend,IDB,Crop production index (2014-2016 = 100),AG.PRD.CROP.XD,..,..,..,..,..,..,..,..,..,..,..,..,..,..,..,..,..,..,..,..,..,..,..,..,..
IDA blend,IDB,"Foreign direct investment, net inflows (% of GDP)",BX.KLT.DINV.WD.GD.ZS,0.758553530539515,0.661564172827053,0.566455141643138,0.493795115053131,1.18235379742003,0.892972306009215,0.798896450916482,1.52877844043355,1.37124766924344,1.18142846886624,2.27899316389237,2.48725186888748,2.80775101012808,2.64604373222515,2.39042104335408,1.7321519115577,1.80431646132495,1.23879299317182,1.2019286873795,1.19844054414842,1.2011535103394,1.03142945923907,1.49384941820372,1.04552589506757,0.787560950159654
IDA blend,IDB,Fuel exports (% of merchandise exports),TX.VAL.FUEL.ZS.UN,..,58.3702348828649,58.750075328381,58.1801263349231,61.6529706014949,58.8235075648196,58.0966420833792,55.2566056963071,57.871819657919,..,..,63.0938403076466,61.2954308127244,57.5920045271093,55.2974121747508,55.7418011727423,54.1130879318469,52.9254234322989,55.9864294219045,58.7480637771906,52.0581340135006,53.5778652229593,53.1730817281149,56.5967057938711,52.2155809364838
IDA only,IDX,Trade (% of GDP),NE.TRD.GNFS.ZS,53.9279015925051,52.854779509944,52.4609919930713,51.4351789646347,51.7787314869048,55.3703642285927,53.9032976077598,53.6202321552706,53.6011014670769,56.0913678624274,58.532198641779,57.8690442341952,60.1087295601497,61.7783539297609,55.2893615527407,58.4462145787414,61.421101571556,61.2728846893557,58.7635639050995,56.9464605429435,53.4800293886997,49.7286104410576,51.3152493602416,52.7685784459751,51.9050499873098
IDA only,IDX,Exports of goods and services (% of GDP),NE.EXP.GNFS.ZS,28.7140790673661,27.0950423294133,27.5186722298917,26.5314882251415,27.0665548190098,28.7607141225925,29.4921412334837,30.4632290499883,27.7352319644757,31.5344711905896,32.8000058919523,32.6452906266539,32.4772123308764,32.1119985975951,26.6463427835032,28.4486515175939,25.745384165079,24.2301537393479,23.1263972786034,23.0554582888523,20.8879710760037,19.2627511923878,20.1429495193652,21.2488370521217,21.1447646038553
IDA only,IDX,GDP growth (annual %),NY.GDP.MKTP.KD.ZG,5.20619129263579,5.09348711397868,5.93309532811095,4.07895567120261,3.5707759339457,4.08613371461666,3.99559367117473,3.8665278646049,4.85553375955776,5.79470858620988,6.13376099740263,6.30525236183604,6.19735026425204,5.77643478504601,3.92552176595285,6.32045982220262,3.48243659038208,1.70524886829566,4.93406081976791,5.33391441354513,3.05604227309139,4.34152891767768,5.12470499764872,4.56830313246938,4.76610522029685
IDA only,IDX,Tax revenue (% of GDP),GC.TAX.TOTL.GD.ZS,..,..,..,..,..,..,..,..,..,..,..,..,..,..,9.77524265333481,9.91387443981698,10.1431508291195,10.3082297582694,10.2097295087529,10.4570461667222,10.7113736368957,10.4340037746892,10.7683139474275,10.7425421628268,11.1968946095723
IDA only,IDX,Crop production index (2014-2016 = 100),AG.PRD.CROP.XD,..,..,..,..,..,..,..,..,..,..,..,..,..,..,..,..,..,..,..,..,..,..,..,..,..
IDA only,IDX,"Foreign direct investment, net inflows (% of GDP)",BX.KLT.DINV.WD.GD.ZS,0.727777602306207,0.909015233120581,1.30660109357299,1.32402739420206,1.37431068930111,1.34056725229309,1.52393439526161,1.49689795871841,1.79984595698681,2.03351154659447,1.80697842549225,2.12859166615806,2.6813583285299,2.96754481519281,2.30307940440403,2.77439252678316,3.77915068045371,4.2446119948152,3.98124231445315,3.1610903027851,3.39161966986821,2.9169712900272,2.82263449559496,2.66900525187261,2.55068125137065
IDA only,IDX,Fuel exports (% of merchandise exports),TX.VAL.FUEL.ZS.UN,..,..,..,..,..,6.51663447456076,7.14158889267828,6.61533085945316,6.21462821352405,6.95016893801468,8.15211056104395,9.34344666017594,10.0479429796642,10.1431960867452,9.7354307199281,10.1739790657311,12.7092978925979,9.97962910562092,9.91833094004157,12.7699191516743,7.51455450381426,6.99597558187647,9.70060584308663,..,10.4892099197256
IDA total,IDA,Trade (% of GDP),NE.TRD.GNFS.ZS,..,..,..,..,..,..,..,..,..,..,..,..,..,..,..,..,..,..,..,..,47.5931457076374,44.2613614817514,46.1885932118847,49.0260984316284,48.6128100401414
IDA total,IDA,Exports of goods and services (% of GDP),NE.EXP.GNFS.ZS,24.7557840729901,22.5626227265688,22.2094946738386,20.8426486444932,27.788928333787,27.495127711708,28.0719270652579,28.0890072879331,26.4924724754266,28.5822834012864,29.1935685994219,28.1199851420228,27.9444120212484,28.0242759595982,24.5396143300673,25.5565861486221,23.2273205091973,20.9061054264973,19.8707488557917,19.2684765561989,17.8142750516056,17.283863556897,18.6131888647638,19.5526031872868,19.4280121864905
IDA total,IDA,GDP growth (annual %),NY.GDP.MKTP.KD.ZG,3.6214828872601,4.86474621421264,4.00684283343776,3.42151563935376,2.89860691451256,3.90897044002716,4.17354153879236,5.33697190239926,4.92996834435093,6.65843924392615,6.17789934643839,6.09001587180093,5.9236073967277,5.0139935549317,4.89998986259943,6.14761302335755,4.01477791768225,2.97154830841251,5.21746623532071,5.47568988980431,3.38808762084139,3.25932792739533,3.90604844670726,4.2348918974789,3.82988917629594
IDA total,IDA,Tax revenue (% of GDP),GC.TAX.TOTL.GD.ZS,..,..,..,..,..,..,..,..,..,..,..,..,..,..,..,..,..,..,..,..,..,..,..,..,..
IDA total,IDA,Crop production index (2014-2016 = 100),AG.PRD.CROP.XD,..,..,..,..,..,..,..,..,..,..,..,..,..,..,..,..,..,..,..,..,..,..,..,..,..
IDA total,IDA,"Foreign direct investment, net inflows (% of GDP)",BX.KLT.DINV.WD.GD.ZS,0.74333775726348,0.778044404881031,0.914534080636825,0.884685326492333,1.3032703282699,1.16159973601449,1.2348572159029,1.50981628872454,1.62462461762108,1.67282770819666,2.01023532700741,2.28956379971826,2.7374295723756,2.82762524059783,2.33887447530657,2.34007074361983,2.84936632041478,2.72763709855812,2.59699468278067,2.1781851963864,2.32621435926872,2.06923878554363,2.26117494413613,1.94361989168469,1.77619622658246
IDA total,IDA,Fuel exports (% of merchandise exports),TX.VAL.FUEL.ZS.UN,..,..,27.6514111131591,28.3926592813795,..,28.8366125391505,28.255038977627,27.721854660313,27.8771526977905,..,..,31.967286831723,32.0888868820396,30.3901620289869,29.4996063105925,27.8410065924136,29.7047795090778,27.2243634856842,28.8822350524117,33.1257058006377,24.7081427223183,27.8658181224568,30.1942393976725,33.4705031590602,30.9449533217165
Late-demographic dividend,LTE,Trade (% of GDP),NE.TRD.GNFS.ZS,44.6635122836188,43.3814606699602,44.4716018727377,44.7357218732549,47.2855706221907,52.1407418871218,52.0537930379011,54.2133339335967,59.9577586985203,65.7710977577165,67.3837632865256,68.718699767847,67.5280672875052,65.7345611243269,55.4599873610465,59.3662295082511,60.5577797918067,59.3170890353903,58.1809678695627,57.2368575862544,54.2152048847217,52.394470003399,53.2764241813455,54.1073548446166,53.0681735513407
Late-demographic dividend,LTE,Exports of goods and services (% of GDP),NE.EXP.GNFS.ZS,25.5367649194853,24.3852875987702,25.063445647475,25.5367709348079,29.2006340270153,31.7497373509593,31.6105855635468,32.9487466693607,35.6454304024315,38.1687185509819,38.954822548723,39.4882547461536,38.1221408329617,37.1623670375851,31.0322507639146,32.2369571329088,32.4796259295097,31.9276708767608,31.0843113366358,30.5072383897553,29.4123339114307,28.0780019096188,28.3782229068543,28.8111823534221,28.1211013181848
Late-demographic dividend,LTE,GDP growth (annual %),NY.GDP.MKTP.KD.ZG,5.65328223273835,5.08045691158134,5.50685712492999,2.80232263966664,4.62352690030488,6.97818207358647,5.18471753555193,5.9830696727666,6.82091742104072,8.17724491140702,7.74048243247547,9.28416993745537,10.2099904000452,6.92154318138061,3.69611631273568,8.01385165624633,7.18526548705761,5.81556877787162,5.61024880724142,5.22588288934902,4.69922415467845,4.47127363088813,5.30339867651041,5.42331366872328,4.64138752342735
Late-demographic dividend,LTE,Tax revenue (% of GDP),GC.TAX.TOTL.GD.ZS,..,..,..,..,..,..,..,..,..,..,11.0571275083023,11.4879918197684,12.0481620998114,12.2062948313757,11.7311486261667,12.0321507891011,12.1697706258597,11.9589920183805,11.6895211127698,11.4982837112487,10.9947571456956,10.6983703630648,10.9263252489826,10.8648877158076,10.4631573917631
Late-demographic dividend,LTE,Crop production index (2014-2016 = 100),AG.PRD.CROP.XD,..,..,..,..,..,..,..,..,..,..,..,..,..,..,..,..,..,..,..,..,..,..,..,..,..
Late-demographic dividend,LTE,"Foreign direct investment, net inflows (% of GDP)",BX.KLT.DINV.WD.GD.ZS,2.23352107217537,2.69264348288883,3.28213324633592,3.79818263817284,4.32255794079961,4.23930945395763,3.50198216357777,3.80915245339239,3.5463158214966,3.4352006561098,4.58991178792645,4.56933528406857,5.21680452320284,4.26242095358023,3.85307190447126,4.25664509425263,4.02402360522358,3.81553068110205,3.50743300237789,3.43434004467957,3.82706325811628,2.84746319811505,2.20614938128665,2.3099614467086,1.89719301430637
Late-demographic dividend,LTE,Fuel exports (% of merchandise exports),TX.VAL.FUEL.ZS.UN,7.81486114181274,11.4365451907202,10.5475293619029,10.3397637505035,16.0640468213485,18.0335834008201,18.0287472416192,15.312003302079,15.1051077589461,15.7091203402001,15.7593278158094,17.0988436409891,16.7169482260834,17.7844892488406,15.1501726915773,16.191856661732,16.8210403270172,15.7310380764646,17.1585747552802,16.5700255665633,14.1204865408122,12.2667092746736,13.1456652948299,15.9707756928896,16.3975936527185
Latin America & Caribbean,LCN,Trade (% of GDP),NE.TRD.GNFS.ZS,34.5570213187886,35.4802509181299,35.6384304058875,35.5133003700502,36.7340360509702,38.5698166669832,38.6737317960534,41.2026917463268,43.161764299326,45.4283820988923,45.4201657306697,45.9942067814906,46.0379891294413,47.8056290996518,41.0187205081611,43.6263069895509,46.0840564922039,45.636760338225,44.9077229002848,43.9993537209985,44.3296429005644,44.2845292771781,44.6386850261722,47.7039538761584,47.0368209245984
Latin America & Caribbean,LCN,Exports of goods and services (% of GDP),NE.EXP.GNFS.ZS,16.2956297035375,16.5326424061512,16.5092423127931,16.507955630352,19.2466486961177,20.4780832953005,20.5768307367459,23.1981473924794,24.8938696807812,25.9811024617747,25.5654461769229,25.5406065608721,24.377540213869,24.0922910235524,20.6537158208919,21.5942432921093,22.2178527139889,22.0265191234811,21.4449107002259,20.6444402015246,21.8468365698686,22.2365053879012,22.038334256981,24.0755786826793,24.3113592087317
Latin America & Caribbean,LCN,GDP growth (annual %),NY.GDP.MKTP.KD.ZG,0.830066290011359,3.96580735177179,5.389401629502,2.98012448916967,0.673933570267621,3.60753159400294,0.453803405454778,0.454985064710911,2.4526893056225,5.46017191964896,3.93152228398993,5.12974390472141,5.18335055897474,3.64015824387202,-2.28460315311422,6.37721915330121,4.38865732520475,2.56641425381228,2.72260145173864,1.32968122372972,0.407335820374271,-0.344855365699829,1.82183846920128,1.57710452783817,0.714360570052406
Latin America & Caribbean,LCN,Tax revenue (% of GDP),GC.TAX.TOTL.GD.ZS,..,..,..,..,..,..,..,..,..,..,..,..,..,..,..,13.0579815018042,13.5478644852351,13.2353542954992,13.2277396848546,13.1463901271537,13.6701997247124,13.7255997101568,13.3975862493359,13.5170701646398,13.4771664052717
Latin America & Caribbean,LCN,Crop production index (2014-2016 = 100),AG.PRD.CROP.XD,..,..,..,..,..,..,..,..,..,..,..,..,..,..,..,..,..,..,..,..,..,..,..,..,..
Latin America & Caribbean,LCN,"Foreign direct investment, net inflows (% of GDP)",BX.KLT.DINV.WD.GD.ZS,1.64942574393571,2.27166307271512,3.01665323184333,3.22938174250967,4.48779257709456,3.58682558692594,3.3405343401356,2.70859408002808,2.31638300067137,3.03136632956504,2.83720863625153,3.21125684269925,4.12287524538663,3.78110323667627,2.72609054940855,3.68548983086043,4.05978770077175,3.91852757797733,3.84653172791853,3.80621744831176,5.08358012016196,3.50779701563907,3.04220548118424,3.31075719227364,3.07468766155985
Latin America & Caribbean,LCN,Fuel exports (% of merchandise exports),TX.VAL.FUEL.ZS.UN,11.0497431442589,12.5220286035699,11.0738110370717,8.62757573944856,10.6337754935787,13.6902995467168,12.7307915649407,13.2254740098126,14.5913887237602,15.0187253527123,17.1446633699761,17.801802964839,14.4414435509116,19.1206235591922,17.0877257267772,17.5373573381448,17.7036444151039,18.440397136048,17.2800615112496,12.8309679087809,8.99268079713212,7.72281166756434,9.16832974561346,10.8953677497013,10.1146443663189
Latin America & Caribbean (excluding high income),LAC,Trade (% of GDP),NE.TRD.GNFS.ZS,30.3241951245231,30.9521277331738,31.3516894167134,31.7918108236095,33.3950946754571,34.831366627843,35.1066942297124,37.5489981925163,39.2276519354967,41.0994696765525,40.5430453666593,41.1646227858893,41.095570013565,42.7057255082933,37.2508852946869,39.5448604033446,41.6836261566642,41.8532661259135,41.2073311508265,40.6701868696397,41.8319974811145,42.0222411764,42.3165723730533,46.0004179224131,45.3506288805534
Latin America & Caribbean (excluding high income),LAC,Exports of goods and services (% of GDP),NE.EXP.GNFS.ZS,13.494021887176,13.7545712965339,13.9455267903358,14.130135537381,16.5982054491036,17.4916945015947,17.5879370270506,19.9064068598578,21.1348596351523,22.1193978441559,21.5682538188503,21.5761852269206,20.7565742897773,20.6257975269145,18.0242353456821,18.4414717797032,19.310369954692,19.6880255568296,19.2408564034782,18.997113273321,20.1247518913125,20.5130031904756,20.4056226830025,22.7817408930562,23.0277821586964
Latin America & Caribbean (excluding high income),LAC,GDP growth (annual %),NY.GDP.MKTP.KD.ZG,0.417399735592809,3.86885489831212,5.28174433112008,2.7860563444156,0.521536077286555,3.61850434798858,0.176751038675647,0.357407753253057,2.40446952120857,5.30147613603005,3.98855645220446,5.25308206764623,5.33678997337441,3.73929737244826,-2.41230943406522,6.65909361419767,4.41760632371707,2.37154294882151,2.72316923572113,1.28818782556401,0.292051050379001,-0.49528319486204,1.9424361930312,1.57082844088607,0.655264754074707
Latin America & Caribbean (excluding high income),LAC,Tax revenue (% of GDP),GC.TAX.TOTL.GD.ZS,..,..,..,..,..,..,..,..,..,..,..,..,..,..,..,12.6819850093792,13.1250109196989,12.7992809672509,12.8857373748277,12.8526752935013,13.3935334349808,13.4145851703355,13.1303860904504,13.2089276649551,13.2273288584023
Latin America & Caribbean (excluding high income),LAC,Crop production index (2014-2016 = 100),AG.PRD.CROP.XD,..,..,..,..,..,..,..,..,..,..,..,..,..,..,..,..,..,..,..,..,..,..,..,..,..
Latin America & Caribbean (excluding high income),LAC,"Foreign direct investment, net inflows (% of GDP)",BX.KLT.DINV.WD.GD.ZS,1.54210332302531,2.06233760309538,2.63260966024625,2.98903429860674,4.25873888461601,3.45321398430653,3.26719120322708,2.71832266569963,2.1048588494628,2.86801788827175,2.6565600727209,2.28190358133899,3.18755656055692,3.09819117380431,2.13385944770305,3.26677880232942,3.24234180859987,3.2292297267177,3.25639488708444,2.89014256554893,3.18805253380571,3.38569138727819,3.01740117752464,3.30518625162032,2.88914089862139
Latin America & Caribbean (excluding high income),LAC,Fuel exports (% of merchandise exports),TX.VAL.FUEL.ZS.UN,8.49248068099335,9.94156078557507,8.42515957352865,5.98306729496255,7.6040272606987,10.768906138429,9.97697222661128,10.6270465621052,11.9501986812361,12.5215736271031,14.5978230678089,15.1053114192994,15.0569232033727,16.6503009564945,14.1745013795379,15.0173487453027,16.5574181546894,15.9328946797461,14.5129810944808,13.4374364498241,9.32004242677997,8.04369158288539,9.42771747364714,11.3300907184326,10.6199426536531
Latin America & the Caribbean (IDA & IBRD countries),TLA,Trade (% of GDP),NE.TRD.GNFS.ZS,33.5757416571974,34.5617884184131,34.7573717304063,34.6181289398199,35.7925360027938,37.6708752599492,37.7775491713811,40.3390463848689,42.1147934921929,44.3429198853037,44.1342540481683,44.661722573654,44.6943165114703,46.2064657128735,39.8058173892899,42.343847559717,44.6149534230083,44.5991597972478,43.8587269885078,43.0189072845358,43.4488133685632,43.4523640438276,43.7238165465882,46.9429041954839,46.3772702322324
Latin America & the Caribbean (IDA & IBRD countries),TLA,Exports of goods and services (% of GDP),NE.EXP.GNFS.ZS,15.1396567074239,15.4942042801396,15.52149984515,15.2932043511141,17.796153459633,19.070927748129,18.8533308901223,21.4680206175785,22.8262030072394,24.1826502786046,23.864075621799,24.0196641623189,23.0016230156849,22.7342190226222,19.3963995393444,20.5131791444397,21.1872071957973,21.2761929012704,20.6527599175765,19.8616790997946,20.9373993740869,21.3333309640607,21.2392251991364,23.5521656248482,23.7930679646343
Latin America & the Caribbean (IDA & IBRD countries),TLA,GDP growth (annual %),NY.GDP.MKTP.KD.ZG,0.690505906706406,3.96430851084659,5.45213207531103,2.93949761245162,0.443974429834327,3.57992746327093,0.229936501998452,0.419246381317251,2.53177306147032,5.37678557850376,4.0271320759459,5.23780283116182,5.35592856288072,3.81322781114626,-2.33231073342466,6.67700082308882,4.56721108246695,2.64313050831011,2.81769234473587,1.39243912585856,0.363799574174223,-0.350020060090827,1.92230513536167,1.68192710217771,0.711972103108423
Latin America & the Caribbean (IDA & IBRD countries),TLA,Tax revenue (% of GDP),GC.TAX.TOTL.GD.ZS,..,..,..,..,..,..,..,..,..,..,..,..,..,..,..,13.052427217271,13.5379086500892,13.2278612743076,13.2219802491856,13.1409065832309,13.6617305974736,13.7124976024135,13.3942307209482,13.515025654232,13.4702281386607
Latin America & the Caribbean (IDA & IBRD countries),TLA,Crop production index (2014-2016 = 100),AG.PRD.CROP.XD,..,..,..,..,..,..,..,..,..,..,..,..,..,..,..,..,..,..,..,..,..,..,..,..,..
Latin America & the Caribbean (IDA & IBRD countries),TLA,"Foreign direct investment, net inflows (% of GDP)",BX.KLT.DINV.WD.GD.ZS,1.64671461337485,2.27058400839136,3.01106930144423,3.23278348345252,4.4823057538919,3.59905690808371,3.36443993935305,2.69115632917965,2.30578849355537,3.03362171614178,2.82661286117153,2.42472637395475,3.39031951892344,3.32850221132597,2.22950195697788,3.26940496290876,3.52513520362516,3.56387622334251,3.28287780117628,3.06774115385041,3.46650202742092,3.44951236374819,2.99765823540408,3.30875509687681,3.05561948393028
Latin America & the Caribbean (IDA & IBRD countries),TLA,Fuel exports (% of merchandise exports),TX.VAL.FUEL.ZS.UN,11.0556235700615,12.5286286151931,11.0796446850893,8.63555201738919,10.6772429119949,13.7399665949272,12.7831840256829,13.2849158230041,14.6513166044572,15.083618026465,17.2091725505699,17.8815323259971,14.4453899379492,19.1373344825026,17.1100381481185,17.5629196953876,17.7257101662694,18.4617201639452,17.3006835367468,12.8452787043316,9.00325985130054,7.73946912279814,9.1956795499304,10.9271547631211,10.1055071878521
Least developed countries: UN classification,LDC,Trade (% of GDP),NE.TRD.GNFS.ZS,..,..,..,..,..,41.0126039856313,41.445364874382,52.8934946165798,52.6306522765449,53.9802037405696,57.5405724667684,57.6899911946363,62.5010040327509,66.8779910087585,62.4775571645385,61.3625851376131,62.5170619625059,60.3994607231163,59.9194258852056,57.3188058967681,51.512277426806,46.8136918317551,48.0633970108109,51.899865441333,49.728295366021
Least developed countries: UN classification,LDC,Exports of goods and services (% of GDP),NE.EXP.GNFS.ZS,25.2060346100874,21.0026177252369,20.5538257308222,19.9098157029872,20.4307805592193,21.1147407695743,21.6800560256159,21.2108008644826,21.0357944642467,23.4054674843137,27.400384042887,29.7381470851337,31.1665353514735,33.1737864863489,25.5523640400039,27.7974265067416,29.2457803312054,27.9695039894569,26.5089264638466,25.2700972624554,19.8270608766436,17.3347413180874,18.4764728909144,20.9097629576021,20.3554360271893
Least developed countries: UN classification,LDC,GDP growth (annual %),NY.GDP.MKTP.KD.ZG,5.85753866921634,5.60506889200892,5.93139838786531,3.95116605788726,4.00429014410986,4.27669924714273,5.17623418121451,5.01414007327581,5.05695055922648,6.30667767396898,7.3237351784978,6.85449033386266,7.20388924177719,6.29501027240799,3.87830260411791,6.12731477375183,2.88264755866648,2.21015530959978,5.61696754885136,5.57219429338991,2.66394173158741,3.68734403246667,4.34635133281478,4.31276658485207,4.77726430399177
Least developed countries: UN classification,LDC,Tax revenue (% of GDP),GC.TAX.TOTL.GD.ZS,..,..,..,..,..,..,..,..,..,..,..,..,..,..,..,10.9781554376177,11.2555772484525,11.0212281321259,10.9454459911909,10.8923584786079,10.3412154280376,9.97239929743731,10.1436954724341,10.1920218676099,10.7677858870648
Least developed countries: UN classification,LDC,Crop production index (2014-2016 = 100),AG.PRD.CROP.XD,..,..,..,..,..,..,..,..,..,..,..,..,..,..,..,..,..,..,..,..,..,..,..,..,..
Least developed countries: UN classification,LDC,"Foreign direct investment, net inflows (% of GDP)",BX.KLT.DINV.WD.GD.ZS,0.912312478500765,1.02281657513409,1.50882425632426,1.88843530868141,2.77486911475682,1.80309501409114,2.98363433463094,2.62733392970988,3.66041782189986,3.13035173005888,1.68825121986158,2.23288156547299,2.56595772657095,3.10946576843957,2.5331849808007,2.60501674991415,2.94963762281,3.53594308969219,2.75682475552033,2.989665714629,4.04273903328292,2.60720050658522,1.8819640495036,1.67996860267624,1.77285611880412
Least developed countries: UN classification,LDC,Fuel exports (% of merchandise exports),TX.VAL.FUEL.ZS.UN,..,..,..,..,..,..,..,..,..,..,..,..,36.2549620594164,..,37.0139739020384,32.4625314709905,34.2230743937183,30.799428348142,31.6613866720162,..,28.2879807678793,35.4869099662939,37.7663282160194,37.6002200322694,37.7071901411399
Low & middle income,LMY,Trade (% of GDP),NE.TRD.GNFS.ZS,41.2074618583068,40.5426975752938,42.3811457946395,43.3456035395401,44.1889435646374,48.4714438821755,47.5203004194764,49.7919591436068,54.0617736879399,58.9352770684542,60.5283417178705,61.2707666901553,60.0612382722721,59.8813148899187,50.2875607757317,53.2741073134221,54.815210222632,53.5078423700473,52.069368227192,50.6661891510827,47.2569818399697,45.2275993304266,46.6266016200985,48.8727170542726,46.8211709730293
Low & middle income,LMY,Exports of goods and services (% of GDP),NE.EXP.GNFS.ZS,20.9896884946172,20.5384892570693,21.0643204775702,20.8202288077442,23.1795948520723,25.3906557411754,24.7221478927488,26.3184198824757,27.6573001643812,29.8876208854807,30.9070511312524,31.5792978643264,30.8501761983995,31.0778237902728,25.6634612258999,26.9003999030098,27.3682691611545,26.8052065309284,26.0125679771512,25.2006856163336,23.5588147180186,22.4102081758038,23.0182860610507,24.0839821979275,23.2101219514268
Low & middle income,LMY,GDP growth (annual %),NY.GDP.MKTP.KD.ZG,3.85018494815628,5.43987065510643,5.27514031025416,2.72291654105874,3.79609673496873,5.83055039531166,3.74660187596507,4.71907625431946,5.96783475081925,7.62643152532733,7.25149430000394,8.19459526085544,8.80181006331387,5.86038124796637,3.12323167672288,7.89690318833919,6.22942548495315,5.35011288853352,5.35652606116493,4.89596095188563,4.37008820351652,4.51753827117942,5.14688381150773,4.8757513177583,3.98014082703131
Low & middle income,LMY,Tax revenue (% of GDP),GC.TAX.TOTL.GD.ZS,..,..,..,..,..,..,..,..,..,..,10.7355306574625,11.267694101858,11.7798817687266,12.0522674975544,11.5157017687846,11.8685430327134,12.1440536928901,12.0411533049784,11.9072184198149,11.5931338789109,11.4218841654891,11.199513592178,11.3411008878931,11.3404085330104,10.9349458502176
Low & middle income,LMY,Crop production index (2014-2016 = 100),AG.PRD.CROP.XD,..,..,..,..,..,..,..,..,..,..,..,..,..,..,..,..,..,..,..,..,..,..,..,..,..
Low & middle income,LMY,"Foreign direct investment, net inflows (% of GDP)",BX.KLT.DINV.WD.GD.ZS,1.78556425715165,2.01400173279772,2.44999837176862,2.48364400035144,2.83567638202713,2.35837461538464,2.60222161787479,2.40641974706872,2.26097965531068,2.53454438784254,2.96282535210963,3.26011654513035,3.68262922984461,3.5462827210393,2.52492453234607,3.03417652295907,3.00693658054595,2.62604139204524,2.7307470866991,2.27907043677154,2.28073471022065,2.05364465657978,1.84746807241325,1.93331207181144,1.76407052129947
Low & middle income,LMY,Fuel exports (% of merchandise exports),TX.VAL.FUEL.ZS.UN,6.31962161971579,10.5252642730631,11.7218273178615,9.92025660112084,10.7748951899744,13.9315334495374,13.7296874870227,13.2462012448404,13.0456335893548,13.4748975470655,14.8446231484595,15.9271396282617,15.4979642287233,16.1749748667807,15.1443216574984,16.2849710588632,16.8882912286015,16.1771464596689,16.8420503448675,16.305267639721,13.6002047026952,12.3451882210866,12.3561296822568,12.8256224484237,11.9846914930432
Low income,LIC,Trade (% of GDP),NE.TRD.GNFS.ZS,..,..,..,..,..,..,..,..,..,..,..,..,..,59.9411399056294,52.3609832611965,55.6482079431351,53.2761210846485,49.2678691890591,49.7181832470857,48.1664554206102,43.0831037336898,42.9319904818974,47.9513480407977,49.852644616888,48.3264810867883
Low income,LIC,Exports of goods and services (% of GDP),NE.EXP.GNFS.ZS,31.217435142975,30.5303261825655,29.935061258144,29.0528211025578,30.7952726788153,33.4476807412938,34.3807221075609,36.30199351775,31.4582608984565,38.1585729257965,39.2039266227924,38.0479817791741,37.9136776192228,38.3644154869371,29.3622360450938,33.072444098927,24.5624119438813,19.6674500365635,19.7481527722168,20.2215205158847,16.2392198916312,14.5932016440114,16.7060644148639,19.5694239100588,18.4412201716763
Low income,LIC,GDP growth (annual %),NY.GDP.MKTP.KD.ZG,5.20305979536542,5.73992620769437,7.12313757287592,3.87136126419536,2.49245367238716,3.29953718523637,4.89941123902453,4.35058403809828,4.99320924959706,6.02277624859443,6.46562933078152,5.97918289873631,6.07064882164252,5.34136178712687,3.42896992647279,6.68921669223531,0.340140614751888,-4.57655000977749,3.27974694021933,4.41186975839072,-0.384436994369608,2.13605179649494,2.85941786533608,2.94415725553266,3.75832317162623
Low income,LIC,Tax revenue (% of GDP),GC.TAX.TOTL.GD.ZS,..,..,..,..,..,..,..,..,..,..,..,..,..,..,..,..,..,..,..,..,..,..,..,..,..
Low income,LIC,Crop production index (2014-2016 = 100),AG.PRD.CROP.XD,..,..,..,..,..,..,..,..,..,..,..,..,..,..,..,..,..,..,..,..,..,..,..,..,..
Low income,LIC,"Foreign direct investment, net inflows (% of GDP)",BX.KLT.DINV.WD.GD.ZS,0.199382708085281,0.356677895112193,0.575525260759807,0.802577691420972,0.894552207374814,1.03098988155802,1.59579827233483,1.66768400444884,2.12803040922809,2.08320209478948,1.31671048546748,1.93611953590049,2.1748081028838,2.34244441460017,2.03183394755003,2.58876510902171,4.21303884777271,5.57668065867224,4.7883481220908,3.37231060438574,3.36209729281937,3.05326357294261,2.73773836281719,3.19608167707886,3.41049428611289
Low income,LIC,Fuel exports (% of merchandise exports),TX.VAL.FUEL.ZS.UN,..,..,..,..,..,..,..,..,..,..,..,..,..,..,..,..,..,..,..,..,..,..,..,..,..
Lower middle income,LMC,Trade (% of GDP),NE.TRD.GNFS.ZS,42.2455017511489,42.1744672651734,43.0773376399879,42.2718274608618,43.3474210221473,47.0167123374577,46.4520929202274,49.8083475223263,51.6268108032953,56.8244727961617,59.2630862720131,60.2911310174507,61.342490498437,65.6635285040337,57.7012865424579,58.1039219147985,61.6085661610971,60.7786241483704,59.0926539599978,56.4421946764699,51.9805987286572,49.8487940412964,52.5399846853673,56.5549552319561,53.1223031256307
Lower middle income,LMC,Exports of goods and services (% of GDP),NE.EXP.GNFS.ZS,20.285626627653,19.5023873597179,19.5031713994701,18.0068853213388,21.3683123301824,23.05457330499,22.4593943515673,23.3446974128806,24.0877525477313,26.4136730983576,28.3682148000865,28.9196770905764,28.5281685022668,30.3373918267088,25.5970085893497,26.7599170567833,28.4303607080332,27.3784964465547,27.1902711275533,25.4727099123072,22.8728125877149,22.4545681868094,23.8139822846743,25.5487441479348,24.4077095313532
Lower middle income,LMC,GDP growth (annual %),NY.GDP.MKTP.KD.ZG,4.01546563832204,5.66104728968868,3.3436953169529,4.08046235503903,4.78663031345232,4.42070701275897,4.25676635681802,4.96491311645131,6.34396030961557,6.80892426296404,6.20357622288195,6.6202949448285,6.94561164112339,4.02054539719632,4.6978801113199,6.59767631697837,4.53184786252936,4.2164501060423,4.88956246320933,5.62529311859608,5.01982166229529,5.77614047956865,5.10586958109232,4.78982309051774,3.49427006019727
Lower middle income,LMC,Tax revenue (% of GDP),GC.TAX.TOTL.GD.ZS,..,..,11.2004538863823,..,10.3879353264669,..,..,9.87996866152687,10.1436206444501,10.524924556636,11.140296163859,12.1253755870606,12.5325127993221,12.1520455290834,11.2065796409745,..,11.8495513103701,12.0243309261144,11.9748575456815,11.4469429543347,11.8016090765835,..,..,..,..
Lower middle income,LMC,Crop production index (2014-2016 = 100),AG.PRD.CROP.XD,..,..,..,..,..,..,..,..,..,..,..,..,..,..,..,..,..,..,..,..,..,..,..,..,..
Lower middle income,LMC,"Foreign direct investment, net inflows (% of GDP)",BX.KLT.DINV.WD.GD.ZS,0.946899500561935,0.980819029778684,1.30116492682771,1.26723383147439,1.38056346297402,1.29913509632225,1.55041779155463,1.71541144597131,1.60043277525377,1.46151186993145,2.07547744242279,2.76361450228792,2.86116250703401,3.30585603537111,2.64605643563411,1.94414488265876,1.96196326308704,1.74480310856219,1.66882754930678,1.79190481737664,2.14446833402054,1.93864287561873,1.88391258122429,1.80480291094447,1.78136969548668
Lower middle income,LMC,Fuel exports (% of merchandise exports),TX.VAL.FUEL.ZS.UN,..,..,21.947237544208,20.265190030277,22.5199124320265,24.3853429215605,23.8652929745889,22.1232799650445,23.5216962034894,20.3564004133714,22.6531323187018,28.2851637425302,26.4259046196705,23.7026309677325,23.1698942870548,26.954852740875,28.0866456539124,23.9499546736046,27.9296350316469,27.6663170458439,21.9995329034252,22.4754214591585,24.1242820701552,22.8220492565306,19.7210903949808
Middle East & North Africa,MEA,Trade (% of GDP),NE.TRD.GNFS.ZS,59.6609048512328,58.9986003781185,64.8658572855106,62.9401684603597,64.5263895266969,69.2357420272615,70.2087217369323,71.6501405083331,77.3685204524408,81.5205355432331,85.4295630872938,85.6516605894545,88.5616761896755,91.2328149989308,83.2103903585306,80.9633276067226,83.423576571135,85.2831476592099,84.3322468562716,82.3500131926988,77.8630838944045,73.3526306228448,76.6813932819761,78.5515931699411,77.0451676437319
Middle East & North Africa,MEA,Exports of goods and services (% of GDP),NE.EXP.GNFS.ZS,32.5056792752143,32.6428117880442,33.3678155876185,28.7480273246277,33.2738999052963,39.2317846226189,35.7244432422227,37.75464649743,39.8031932295704,44.2921111949637,48.812887439027,49.9988016993049,49.4597284731321,51.306617970426,41.4689556174872,43.7821932739404,47.6422431824241,48.57182708671,48.5050736930374,45.4246032410788,38.5223717753071,36.0968855594839,39.4926567257655,43.2850482834309,41.1790869903588
Middle East & North Africa,MEA,GDP growth (annual %),NY.GDP.MKTP.KD.ZG,2.81055855604491,5.07730303110252,3.69459783767343,4.56386386604129,1.99603285658947,6.76555079334655,1.52279146382226,1.51111458557295,5.07842839511827,7.85308320887104,5.00367048317743,5.85413279461461,5.19664784142002,4.58328049652552,0.614830596255402,4.99913172500241,3.73834128872232,4.00367283967404,2.24439862118288,2.85237195458674,2.74580015053259,4.42793038537863,1.75134002727273,2.16684843653752,1.16514734732347
Middle East & North Africa,MEA,Tax revenue (% of GDP),GC.TAX.TOTL.GD.ZS,..,..,..,..,..,..,..,..,..,..,..,..,..,..,..,..,..,..,..,..,..,..,..,..,..
Middle East & North Africa,MEA,Crop production index (2014-2016 = 100),AG.PRD.CROP.XD,..,..,..,..,..,..,..,..,..,..,..,..,..,..,..,..,..,..,..,..,..,..,..,..,..
Middle East & North Africa,MEA,"Foreign direct investment, net inflows (% of GDP)",BX.KLT.DINV.WD.GD.ZS,0.275750718278527,0.641842923136301,1.21108789068481,1.30697161021234,0.811676755602787,1.16082481041066,1.03340398749899,0.955740756251099,1.74807609111528,2.40696024223229,4.45151769350497,5.66962935646618,5.56483629645642,4.01905547823074,3.2790214654883,2.9238922755101,1.8694023647438,1.7579799234315,1.5050228377881,1.04254768426498,1.26452561956919,1.53243884241049,1.61604166342887,1.7252864225288,1.75922491579386
Middle East & North Africa,MEA,Fuel exports (% of merchandise exports),TX.VAL.FUEL.ZS.UN,..,..,..,..,77.4464132778817,79.391778899256,78.8398715406114,66.3222939841698,63.4294338293691,67.3249310103923,67.6428560661332,71.2700075561922,70.8642498149079,70.3829604294997,60.9423405093953,65.2970316641205,66.3202296111375,61.8878621077816,66.7204959308388,64.1340438688096,56.6034612968575,55.6472818086778,38.2691205640496,46.7635879470914,61.5241605439073
Middle East & North Africa (excluding high income),MNA,Trade (% of GDP),NE.TRD.GNFS.ZS,44.7977863399517,43.3084079668297,56.2144170817884,56.2315934062148,58.5918816293016,61.1920791254778,60.9732278041719,63.5918109652658,70.6159035524614,71.1677134786738,74.1848543927603,70.1505559076651,69.2075245037324,72.6118587077775,63.7233856355147,61.5484834458232,59.6436946201878,59.9170322599577,59.4854518169174,56.9922702503413,52.4074381893247,48.5789182758909,54.3208246445648,61.3071116930473,57.7467670428492
Middle East & North Africa (excluding high income),MNA,Exports of goods and services (% of GDP),NE.EXP.GNFS.ZS,25.6418280271779,24.9062473543834,26.4432245846345,23.327861420504,27.318642713308,31.985864820112,29.2215181517339,32.2557322327305,31.7618502493359,35.3413961321391,38.9505600722914,39.3261538463296,38.4568512496653,39.1766458520616,30.2800024624577,31.8503956839969,30.361225403803,29.8669289401247,29.5945250660333,26.3749026074426,21.8900220191078,20.6033061960737,24.5747715314623,29.9307726371148,26.9689557524759
Middle East & North Africa (excluding high income),MNA,GDP growth (annual %),NY.GDP.MKTP.KD.ZG,2.97414834962446,6.55635466616438,3.88783632693918,6.74537402335591,4.59723548865681,6.0669428653855,2.7701453139185,3.13062275576188,2.29726697690469,7.7543858227437,4.51456579729749,5.17389913179139,6.09273257092467,3.72306402401877,2.61357000465208,5.24026038596791,-1.01020626665468,3.68281139842912,0.446847959951114,1.75971783969773,0.740791622490008,5.34298859125899,3.12451429866832,1.80206518700625,0.902743644235684
Middle East & North Africa (excluding high income),MNA,Tax revenue (% of GDP),GC.TAX.TOTL.GD.ZS,..,..,..,..,..,..,..,..,..,..,11.926565368929,12.3114414940161,12.3221193991291,12.5362537483906,12.846822846077,..,..,..,..,..,..,..,..,..,..
Middle East & North Africa (excluding high income),MNA,Crop production index (2014-2016 = 100),AG.PRD.CROP.XD,..,..,..,..,..,..,..,..,..,..,..,..,..,..,..,..,..,..,..,..,..,..,..,..,..
Middle East & North Africa (excluding high income),MNA,"Foreign direct investment, net inflows (% of GDP)",BX.KLT.DINV.WD.GD.ZS,0.325400104221914,0.401042949055526,1.06693993493776,0.872463835774907,0.770460626030899,0.955006516339468,1.32445554012954,1.6019312829235,1.94787579718176,1.55021742470802,2.25371771578512,3.23402222249035,2.93099003306529,2.51412890410999,2.11951846382982,1.6332751207626,1.01616595760534,1.33592745142998,1.04012508938147,0.488440295530817,0.63823502117776,0.933131544574757,1.14668346097459,1.11133224959485,1.00479583316845
Middle East & North Africa (excluding high income),MNA,Fuel exports (% of merchandise exports),TX.VAL.FUEL.ZS.UN,..,..,60.3889593604062,56.3306866490777,59.3974956648456,70.0126354319739,68.3399260632848,63.1370748250275,57.778887179166,67.047564242028,69.3885819548872,70.2230646007997,66.7225032944106,65.8421904275414,63.6829020148008,65.810971875926,64.4466519331076,..,64.935017114019,62.8019341614166,57.8798148913877,61.9999266680365,52.4734428526168,..,..
Middle East & North Africa (IDA & IBRD countries),TMN,Trade (% of GDP),NE.TRD.GNFS.ZS,44.2886746350423,42.8072348865819,55.8423239862504,55.8743613793018,58.1801988837627,60.9036871434852,60.7360245250342,63.4537480711196,70.5528450540577,71.0591494289229,74.0796094329574,70.0143920787304,68.9589917756686,72.5369658148149,63.5987708966487,61.472706126595,59.5607566134564,59.8405665561571,59.4115835234722,56.8752764294018,52.2074311089938,48.3955654613374,54.1670345322178,61.1972305640003,57.6243395791239
Middle East & North Africa (IDA & IBRD countries),TMN,Exports of goods and services (% of GDP),NE.EXP.GNFS.ZS,25.7158799468993,24.9774343573698,26.5196919485619,23.3739347346449,27.4011730381586,32.0787144210789,29.3245396338689,32.3835993747506,31.8920778297815,35.4930673189111,39.1095886384698,39.4726893931375,38.5597934732946,39.2978381893685,30.3762995193684,31.9595169466072,30.459637786967,29.9683874417288,29.7117998530593,26.4679267692343,21.9471592717902,20.6695137807605,24.6724877771144,30.0948731277094,27.1099143572565
Middle East & North Africa (IDA & IBRD countries),TMN,GDP growth (annual %),NY.GDP.MKTP.KD.ZG,2.93985667599364,6.60234334913264,3.79971424917851,6.67683963703124,4.56158509337507,6.20373510648847,2.86744935843195,3.24153769316686,2.22673321099623,7.65925566521206,4.46304965705542,5.22387698948612,6.1102941644255,3.69543875567156,2.56739092328458,5.23586900777464,-1.0974090198451,3.66083012791543,0.407217381186783,1.77832746083941,0.712416884198447,5.30846068447566,3.14179700486341,1.807795717532,0.898185829731005
Middle East & North Africa (IDA & IBRD countries),TMN,Tax revenue (% of GDP),GC.TAX.TOTL.GD.ZS,..,..,13.8422000813088,..,..,..,..,10.6309866781102,10.7129128343937,11.0522611228467,12.0445572460057,12.4427100001612,12.4509209906848,12.6647582064091,12.9792061716202,..,..,..,..,..,..,..,..,..,..
Middle East & North Africa (IDA & IBRD countries),TMN,Crop production index (2014-2016 = 100),AG.PRD.CROP.XD,..,..,..,..,..,..,..,..,..,..,..,..,..,..,..,..,..,..,..,..,..,..,..,..,..
Middle East & North Africa (IDA & IBRD countries),TMN,"Foreign direct investment, net inflows (% of GDP)",BX.KLT.DINV.WD.GD.ZS,0.294615588557764,0.362584009567109,1.03955008104317,0.8349033784404,0.736742438969103,0.951093982580738,1.33074381941932,1.61098747209672,1.95910383998202,1.55768071028596,2.26358543074011,3.25049864103406,2.94419459261796,2.52351786785355,2.1100993381751,1.63189272844192,1.00846412435804,1.34178385867347,1.03704284859083,0.482602657959977,0.637116133391233,0.922583362331613,1.14675175638173,1.10914705596791,1.00773812308195
Middle East & North Africa (IDA & IBRD countries),TMN,Fuel exports (% of merchandise exports),TX.VAL.FUEL.ZS.UN,..,..,60.3889593604062,56.3306866490777,59.3974956648456,70.6097288964426,68.9166682781064,63.6651834342674,58.4165666742896,67.610541210749,69.9738922694248,70.8170614266729,67.4795132037653,66.5861934214906,64.4020433070938,66.3449005463943,65.0000337793139,..,65.4913466670456,63.340274590195,58.37606480251,62.5109062580354,53.0403160522289,..,..
Middle income,MIC,Trade (% of GDP),NE.TRD.GNFS.ZS,41.1803763398383,40.4951983141925,42.4004647387464,43.3451919648013,44.2151582994697,48.5394141213456,47.6022944477712,49.8394541309666,54.1399396795549,59.0404243408446,60.6240074322764,61.3595625857985,60.1106413126057,59.8807195843624,50.266928605201,53.2504124065794,54.8340908262358,53.5595353155249,52.0983887258054,50.6970431757013,47.3083458525069,45.2558492406238,46.6102909732284,48.8606519132145,46.8026318878848
Middle income,MIC,Exports of goods and services (% of GDP),NE.EXP.GNFS.ZS,20.8808901688783,20.4361280967943,20.9832633368625,20.7480341691693,23.1279362968191,25.3395804533769,24.6333555898551,26.2284842772689,27.7093506487502,29.8525205586712,30.8766640182874,31.5892627663452,30.8420624601837,31.0663364302862,25.7101236093737,26.8921947710604,27.4636904500049,26.9401628019603,26.1297015355665,25.306332053487,23.7004123991364,22.5534556170243,23.1437639131821,24.1608186774644,23.2927958715233
Middle income,MIC,GDP growth (annual %),NY.GDP.MKTP.KD.ZG,3.82281766555157,5.43373925405504,5.23726826378636,2.69896582339555,3.8235944676337,5.88297058023532,3.72307884501883,4.7266805032737,5.98846508200918,7.6600580554188,7.26772224510887,8.24000097821747,8.85661707039453,5.87053000323519,3.11694630016844,7.92180597181309,6.34947697828024,5.54103121785687,5.3926394664138,4.90432853261031,4.45188500972746,4.55661230289009,5.18354633083069,4.90602601314016,3.98355245210709
Middle income,MIC,Tax revenue (% of GDP),GC.TAX.TOTL.GD.ZS,..,..,..,..,..,..,..,..,..,..,10.7413779562922,11.2818567798208,11.8003828427887,12.0712346575291,11.5468333768209,11.8950487668769,12.1731669001156,12.0603148362588,11.9220080646614,11.6035165996376,11.4332399595367,11.2074755398464,11.3404650918431,11.3411471450463,10.9277225291435
Middle income,MIC,Crop production index (2014-2016 = 100),AG.PRD.CROP.XD,..,..,..,..,..,..,..,..,..,..,..,..,..,..,..,..,..,..,..,..,..,..,..,..,..
Middle income,MIC,"Foreign direct investment, net inflows (% of GDP)",BX.KLT.DINV.WD.GD.ZS,1.82492095353081,2.05300240548438,2.4945877626234,2.52569581791856,2.88813838853995,2.39676548492936,2.63105973259454,2.4291839436257,2.26494800152343,2.54787630294447,3.01174028584347,3.29843682235121,3.724993785562,3.58017084592344,2.53962240298881,3.04639170657368,2.98696901933986,2.5862651357527,2.70186602281446,2.26298765693844,2.26375192232052,2.03818097933009,1.83365904303524,1.91806417163111,1.74342387641104
Middle income,MIC,Fuel exports (% of merchandise exports),TX.VAL.FUEL.ZS.UN,6.34281492257618,10.565268004044,11.7705198597677,9.94104730400824,10.7980138508539,13.90433752176,13.6835144272689,13.2045753266644,12.98801743598,13.4280206077649,14.8001188028405,15.8735041064587,15.4529684312625,16.1348595372356,15.0939321094957,16.2500517359493,16.8684508958833,16.1810335859319,16.839422785031,16.3098305976249,13.639790733611,12.3756091273273,12.3747187782819,12.8470311508234,12.0067639750105
North America,NAC,Trade (% of GDP),NE.TRD.GNFS.ZS,26.4326877065767,26.7487361806805,27.7747438107916,27.5434501503238,28.1631311424315,30.0260640256008,27.6951346171638,26.8472966246706,26.6582225240946,28.353601414015,29.405458088413,30.4823201867921,31.2795345195426,33.0400663833457,27.6380218671293,30.9654332343502,33.5593766435031,33.4199285706579,32.7735025853399,32.953701201886,31.1110366043156,29.9310232391542,30.5531390166267,30.9546539826741,29.8577154457757
North America,NAC,Exports of goods and services (% of GDP),NE.EXP.GNFS.ZS,12.5251607921341,12.6702818280089,13.0508786872219,12.458932978556,12.3994964019946,12.9775975889757,11.8274894333589,11.156177605421,11.0656502862989,11.7890769067564,12.2138054139957,12.8130629633544,13.5750431210267,14.5308296065099,12.469727745905,13.9888549780405,15.3416175647015,15.3459548579485,15.251012071129,15.2607212560429,14.0101623142227,13.4469532431172,13.7717834477777,13.9206972263348,13.429087430637
North America,NAC,GDP growth (annual %),NY.GDP.MKTP.KD.ZG,2.68481391361269,3.6075275052619,4.43429922127305,4.43559913453879,4.82055717358523,4.1613696904962,1.02893370656203,1.79685311546433,2.71778195702213,3.79192257851881,3.46103409779236,2.77274645055763,2.01420034624178,0.189380971469035,-2.6260733713099,2.73647815919647,1.67254656897042,2.23573556077091,1.87953210327581,2.33232918623484,2.54075799311073,1.61717202496368,2.30436746265896,2.92829923345035,2.26341855426422
North America,NAC,Tax revenue (% of GDP),GC.TAX.TOTL.GD.ZS,11.177875813983,11.587749220232,12.0620909371047,12.5294902847154,12.4682954248184,13.1319028339253,12.056102095033,10.1676543986875,9.71839808477542,9.86252861100242,10.9052291033828,11.484453251935,11.4644694065317,10.4566768195867,8.27925332912047,8.83383689642491,9.73231020922086,9.92617694620904,10.5808392864899,11.0099620650129,11.3358760011457,11.0530178574973,11.6712967901592,10.2512180479127,10.196893828393
North America,NAC,Crop production index (2014-2016 = 100),AG.PRD.CROP.XD,..,..,..,..,..,..,..,..,..,..,..,..,..,..,..,..,..,..,..,..,..,..,..,..,..
North America,NAC,"Foreign direct investment, net inflows (% of GDP)",BX.KLT.DINV.WD.GD.ZS,1.00340168050612,1.22335685641755,1.48738544659066,2.43539331511806,3.29650416636279,3.79568685825397,1.77427052520338,1.15914407736142,1.00460499182964,1.62982349429929,1.18124673841022,2.39533210961398,2.93220741810747,2.519213025438,1.14735715911205,1.76319481499298,1.73326682942052,1.6571744743664,1.89991945754679,1.63213203434928,2.88973541352409,2.51367533486328,1.92059051131218,1.15610643376958,1.57759260878076
North America,NAC,Fuel exports (% of merchandise exports),TX.VAL.FUEL.ZS.UN,3.43945246489917,3.87393784957127,3.68948888188206,2.99841876702125,3.01744540747585,4.47327218752929,4.75785082456476,4.14611824190724,5.11328179213969,5.82650197716641,7.19032999217557,7.46787624217881,7.85415725782526,11.3407008001181,9.79549353956411,11.0736774901228,13.6780096506901,13.3996991871287,14.1080589380254,14.8249610224188,10.7046940435198,9.73257844409048,12.9632874854151,15.778626475,16.3177975757586
Not classified,INX,Trade (% of GDP),NE.TRD.GNFS.ZS,..,..,..,..,..,..,..,..,..,..,..,..,..,..,..,..,..,..,..,..,..,..,..,..,..
Not classified,INX,Exports of goods and services (% of GDP),NE.EXP.GNFS.ZS,..,..,..,..,..,..,..,..,..,..,..,..,..,..,..,..,..,..,..,..,..,..,..,..,..
Not classified,INX,GDP growth (annual %),NY.GDP.MKTP.KD.ZG,..,..,..,..,..,..,..,..,..,..,..,..,..,..,..,..,..,..,..,..,..,..,..,..,..
Not classified,INX,Tax revenue (% of GDP),GC.TAX.TOTL.GD.ZS,..,..,..,..,..,..,..,..,..,..,..,..,..,..,..,..,..,..,..,..,..,..,..,..,..
Not classified,INX,Crop production index (2014-2016 = 100),AG.PRD.CROP.XD,..,..,..,..,..,..,..,..,..,..,..,..,..,..,..,..,..,..,..,..,..,..,..,..,..
Not classified,INX,"Foreign direct investment, net inflows (% of GDP)",BX.KLT.DINV.WD.GD.ZS,..,..,..,..,..,..,..,..,..,..,..,..,..,..,..,..,..,..,..,..,..,..,..,..,..
Not classified,INX,Fuel exports (% of merchandise exports),TX.VAL.FUEL.ZS.UN,..,..,..,..,..,..,..,..,..,..,..,..,..,..,..,..,..,..,..,..,..,..,..,..,..
OECD members,OED,Trade (% of GDP),NE.TRD.GNFS.ZS,39.3203309656164,40.1597520977963,42.2386329425329,42.5790533193014,42.716753709041,46.6792463709434,45.4635148137539,44.1087921831905,43.8591752933475,46.158534551045,48.0817317031067,50.8392429135379,51.9670475561505,54.2018590441654,47.262117203316,51.874166669816,55.7304546144041,56.1570221024096,55.7699206061678,55.9240247979953,54.9246560116051,53.813646105672,55.7615607395191,57.0941783564977,56.4679758836124
OECD members,OED,Exports of goods and services (% of GDP),NE.EXP.GNFS.ZS,18.6788894707694,19.2398123508246,20.1567406783085,20.2579133885686,19.8404182861062,20.9047778477331,20.4977008153894,20.4109102856882,20.9207529365698,22.4287408746865,23.3028924209959,24.8952539602933,26.2173747822887,27.4180231522464,23.7672273042637,25.9057777535219,27.9584813252647,27.8405681886451,28.2502890050294,28.4930754587706,27.3589342352394,26.7401879774134,27.8976412481895,28.6925436250815,28.0790395386748
OECD members,OED,GDP growth (annual %),NY.GDP.MKTP.KD.ZG,2.65256672889753,3.10597979900552,3.63510599753897,3.03587468007444,3.42903742405676,4.0927934347644,1.41543933534916,1.53832045177322,2.0340543780523,3.26784732557851,2.82045320897291,3.02550003950522,2.59721204535448,0.388172331716035,-3.40540008048606,2.97399146296814,1.87285168750878,1.39073481778162,1.50454537579247,2.08657862267665,2.41013799189102,1.79329950060823,2.50424371238481,2.33383499300818,1.73088940258941
OECD members,OED,Tax revenue (% of GDP),GC.TAX.TOTL.GD.ZS,15.081531602862,15.3892515786722,15.8512825276786,16.1178698934293,16.2836775423529,16.7066462181254,16.330350174051,15.1829844242135,14.8728607611816,14.9356013329995,15.612445210697,16.0558898539043,16.1416357444016,15.4620353317371,13.9812949406253,14.3446372726626,14.8561622810013,14.9251598254177,15.3711700010285,15.5571922551962,15.7353834949341,15.6774521565697,16.0261367236286,15.4844174226247,15.4421863409321
OECD members,OED,Crop production index (2014-2016 = 100),AG.PRD.CROP.XD,..,..,..,..,..,..,..,..,..,..,..,..,..,..,..,..,..,..,..,..,..,..,..,..,..
OECD members,OED,"Foreign direct investment, net inflows (% of GDP)",BX.KLT.DINV.WD.GD.ZS,1.02240532115198,1.10955190454506,1.40353268518171,2.40897099365622,3.68377923385046,4.75064434024656,2.54418348017365,2.06680328770652,1.63003301272461,2.01429922832008,3.15400501294616,4.05786296617847,5.36671053839037,3.54423209432693,1.76101398072415,2.24330517081507,2.77561941605521,2.18355001242567,2.35654217749725,1.90889202936907,3.53528445351386,3.87636094992274,2.66845973647291,0.31779071774195,1.89194217418784
OECD members,OED,Fuel exports (% of merchandise exports),TX.VAL.FUEL.ZS.UN,3.92760392059729,4.46448520930332,4.24106495018979,3.46279469250328,3.74530267413739,5.01269323203966,4.74839870098048,4.57398746029542,4.91350046339764,5.40454470550121,6.50565950475953,6.84151917885593,6.73317622957966,8.68347595155626,7.23071318744903,8.02964548080746,9.3429525771188,9.58455230717951,9.32903722616394,8.96081992100105,6.86818702080544,6.02347654011567,7.28421888203855,8.44511343933372,8.20089410305533
Other small states,OSS,Trade (% of GDP),NE.TRD.GNFS.ZS,106.250377742192,105.35954433945,105.75337817634,107.09907296998,104.203347055508,105.490207596811,106.278602511763,102.879630424929,101.246474010214,102.204433203946,106.278546464253,109.424647873451,109.343920105258,109.209192208961,99.853500828606,105.396679688853,117.164185375999,122.669343170495,121.926019726945,117.248025152671,112.385720300665,107.600263286975,108.96060993436,110.466449563869,109.001947932817
Other small states,OSS,Exports of goods and services (% of GDP),NE.EXP.GNFS.ZS,61.3668831240629,62.3266405703193,61.8595439535434,59.2792996106586,62.5787225687482,66.3628584115641,64.3728808780324,62.0628443193036,60.2643427581663,60.5730495627209,61.5561256737078,62.0229063091063,61.6160378733536,64.4499304555468,56.810118222193,63.1144037052198,71.0720259708014,73.5200441200268,72.1442991678273,68.736247580709,61.6773217952592,56.5530630296148,59.285349185998,61.3778446062884,59.7081627517001
Other small states,OSS,GDP growth (annual %),NY.GDP.MKTP.KD.ZG,..,..,..,..,..,..,4.11106677544761,4.53321257287953,4.49426248125238,9.02079829634266,5.76968039276939,10.8214251758449,9.84181558846433,7.30604869214686,1.56203574515565,8.68347569275178,7.55956953187271,3.40287276892654,3.67435669600734,3.85198547426346,3.13626669687027,2.97809367774131,1.32593392927696,2.26513786915365,2.16966923450346
Other small states,OSS,Tax revenue (% of GDP),GC.TAX.TOTL.GD.ZS,..,..,..,..,..,..,..,..,..,..,..,..,..,..,..,..,..,..,..,..,..,..,..,..,..
Other small states,OSS,Crop production index (2014-2016 = 100),AG.PRD.CROP.XD,..,..,..,..,..,..,..,..,..,..,..,..,..,..,..,..,..,..,..,..,..,..,..,..,..
Other small states,OSS,"Foreign direct investment, net inflows (% of GDP)",BX.KLT.DINV.WD.GD.ZS,3.35618918560005,6.00179514940261,3.83421031208218,4.69508330515114,4.91408237075581,5.12174236648239,4.52555302335038,3.44756324035328,5.00399311730187,9.69108138637776,19.5330781244251,19.7765144430235,22.8818089710243,12.4001771169846,30.052864542207,16.9326543435223,14.9790901985915,20.4408589209267,8.2055518521196,13.9283288507332,10.2464299045661,4.23637128752137,4.83585300784438,1.60230841722392,14.6763426862624
Other small states,OSS,Fuel exports (% of merchandise exports),TX.VAL.FUEL.ZS.UN,60.7856404280553,56.4320313918088,..,66.6437360047241,68.1464773373105,55.0628649975903,64.5929992021024,63.2438188601212,65.3239602663914,62.4445932289509,60.8840475274062,66.5859475281613,65.4638396251052,64.8119879576624,54.8530187954701,66.6574887112872,66.9197924545152,63.048609132844,62.9416687478405,62.2706837966023,57.7584518713981,57.0388843534344,60.7321966830352,60.1035920393159,59.6640025035794
Pacific island small states,PSS,Trade (% of GDP),NE.TRD.GNFS.ZS,108.831866990205,110.826320712718,110.248904068512,106.658580358491,104.735681470334,110.188591194358,105.446835921309,103.000156646729,104.937860783972,103.801227220625,102.228212445346,100.527396572883,99.3930343845695,112.306888703194,99.8986171560763,108.316224726743,112.727317055819,113.820836686794,114.778767559542,105.930881477733,100.779035767673,97.2625293964541,95.7952047136507,98.6874025352965,102.543119525487
Pacific island small states,PSS,Exports of goods and services (% of GDP),NE.EXP.GNFS.ZS,44.1713743387473,48.9126820103464,48.0836453808017,44.9885384891123,45.17291408047,44.9656507664656,41.0664434530681,43.8944028892526,44.4065539504839,41.6176377599802,41.6304977989334,38.6842890253932,38.7803652054831,44.0370891644097,38.5378133319153,43.1765627934112,47.1790307938817,48.728010522704,47.0100743869684,44.6084444405846,41.07102058539,40.5032112813959,40.1762132198907,41.3434126877811,41.7932937791283
Pacific island small states,PSS,GDP growth (annual %),NY.GDP.MKTP.KD.ZG,4.40084024926017,3.11250867949096,-1.213157311345,1.61813777439059,4.95229266710705,-1.65909667344616,1.10182231691496,2.12994809268838,2.08102691225722,4.09931718125156,2.52002496339259,2.24459776347811,0.391843383824238,2.15520988711732,-0.561576566239509,3.71656868172691,3.84963034350898,1.05777140521231,3.14722223932694,3.61688087219059,3.57616200239816,3.65072867839331,3.99604947975976,2.89426622823368,1.00153720934561
Pacific island small states,PSS,Tax revenue (% of GDP),GC.TAX.TOTL.GD.ZS,..,..,..,..,..,..,..,..,..,..,..,..,..,..,..,..,21.1467336151808,21.3470578334746,22.0122846142021,21.8095703167263,21.9943545529414,21.9719023884023,22.7858772365285,23.4094467526072,22.4217843213737
Pacific island small states,PSS,Crop production index (2014-2016 = 100),AG.PRD.CROP.XD,..,..,..,..,..,..,..,..,..,..,..,..,..,..,..,..,..,..,..,..,..,..,..,..,..
Pacific island small states,PSS,"Foreign direct investment, net inflows (% of GDP)",BX.KLT.DINV.WD.GD.ZS,0.47949415084743,-0.916702612131972,0.705794448075516,1.8282584071962,-3.82721562473296,1.12233510971548,1.88074811720384,1.6486083677969,1.62286585389852,6.20040809124572,4.02274891108192,13.7243047846267,10.4034000811138,13.6138664317169,7.07066362892516,6.06220727223244,5.53511306386355,5.23088114947845,5.08239418572572,5.67744567656781,3.81953751416666,6.05017768204319,5.36984225754498,6.13374342425059,4.43405669145835
Pacific island small states,PSS,Fuel exports (% of merchandise exports),TX.VAL.FUEL.ZS.UN,..,..,..,..,..,..,..,..,..,..,0.0606757122658469,0.0862671231267805,..,..,0.231173325333624,0.062067376567943,0.0808579249229979,0.0268631888023002,0.278798313572191,0.0666588963932621,1.16757163230111,0.997986301371703,1.33852664919744,..,..
Post-demographic dividend,PST,Trade (% of GDP),NE.TRD.GNFS.ZS,41.8367833106066,42.3561191925749,44.2782434349713,44.6088246635477,45.0042746084465,49.3055711633634,47.8297979938092,46.5021667914706,46.5447208963857,49.1438061030155,51.3244128724923,54.1472184626834,55.1463750618996,57.8020235691906,49.9917012068155,55.0230166887586,59.0379314830611,59.3956081475167,59.0861226879214,58.9806693967931,57.3724907155321,55.7370873196244,57.7742985909441,58.9759156238141,58.0158985514115
Post-demographic dividend,PST,Exports of goods and services (% of GDP),NE.EXP.GNFS.ZS,19.6346749104288,20.2147735807558,21.1541260969043,21.0533859901081,20.5679867615645,21.7701578193698,21.2515420167746,21.1507341937542,21.6471901730682,23.2595253960868,24.2769738793925,25.9686589827529,27.359398991914,28.7235723823412,24.7352306606248,27.2862631275792,29.55746511401,29.5112257663237,30.0362625755938,30.1533325411337,28.6829024663954,27.8591054728087,29.0688745068103,29.7682980734163,28.9323729210137
Post-demographic dividend,PST,GDP growth (annual %),NY.GDP.MKTP.KD.ZG,2.6928750260502,2.92509408677049,3.42699749415326,2.84106117211311,3.53199843637424,4.03690165341011,1.53189828759682,1.52790697371607,2.01880193505453,3.21108647438241,2.76781260912283,2.91978792591419,2.54395666557095,0.358998470064293,-3.40005384274443,2.91528542356336,1.66055144309074,1.25387091209856,1.39849915898284,1.91604395903917,2.12648798291954,1.73601170744048,2.37785214378057,2.23980328353906,1.69543524303275
Post-demographic dividend,PST,Tax revenue (% of GDP),GC.TAX.TOTL.GD.ZS,15.0852411088017,15.3841680602982,15.8033183261849,16.246805515561,16.4019593499763,16.8496853767996,16.205698482052,15.020390739216,14.7488869370987,14.7817820006308,15.4593625880979,15.8919146770486,15.9780723375949,15.4842852467669,13.9354686162819,14.27142169528,14.8078316497225,14.926094752515,15.3769497817484,15.5603864382625,15.7066794394233,15.6132913773277,16.0122236535475,15.4342076102814,15.4095218307739
Post-demographic dividend,PST,Crop production index (2014-2016 = 100),AG.PRD.CROP.XD,..,..,..,..,..,..,..,..,..,..,..,..,..,..,..,..,..,..,..,..,..,..,..,..,..
Post-demographic dividend,PST,"Foreign direct investment, net inflows (% of GDP)",BX.KLT.DINV.WD.GD.ZS,1.0418899158744,1.12951310527388,1.43585079506176,2.44389571700375,3.81673085923389,5.04649764802768,2.63902382588115,1.9859899616404,1.65113051538329,2.14524348425738,3.24486472460409,4.29501013765463,5.67990393376813,3.74874817541856,1.77586721730553,2.45523153246357,3.01421220900598,2.30260780183254,2.43918783241831,2.03181652299381,3.5570223115023,4.1053304905934,3.02529238567637,0.359519701642111,2.25409135081266
Post-demographic dividend,PST,Fuel exports (% of merchandise exports),TX.VAL.FUEL.ZS.UN,3.53358918748235,4.10338871528204,3.98274832836131,3.34648645566173,3.57907436889298,4.76683480082852,4.5836452011992,4.40099918774485,4.71093312284233,5.20537414304034,6.31633403855005,6.67642848634579,6.62495939106009,8.67155517749812,7.2887004576011,8.02217787047269,9.3492901428297,9.55792033461845,9.2952773693518,9.06469962057685,7.04394702071982,6.16686203341817,7.41520476583398,8.54601086385622,8.31046547595804
Pre-demographic dividend,PRE,Trade (% of GDP),NE.TRD.GNFS.ZS,..,..,..,..,..,..,..,..,..,..,..,..,..,..,..,..,..,..,..,..,..,..,..,..,..
Pre-demographic dividend,PRE,Exports of goods and services (% of GDP),NE.EXP.GNFS.ZS,15.00321847812,12.8958015627395,17.7456990700011,17.790116793912,37.4556366033502,38.8417615629631,31.8690445221279,29.607739926312,26.8262972657582,27.4841162491468,29.3555355838935,28.7726230840114,30.0491145888642,33.7260455910406,27.0274338428253,28.5657521095644,30.933566905057,29.604350708696,26.5725104793398,24.7428490461694,19.4546673262387,18.0838101162623,21.3924255708534,25.3125789906452,23.184352255826
Pre-demographic dividend,PRE,GDP growth (annual %),NY.GDP.MKTP.KD.ZG,3.21123817808405,5.61707024388352,6.68259172737579,6.80678593635209,4.2076248705649,5.48617151495196,4.54546077310304,5.7066335146605,-0.480362791455008,11.6985063939149,5.95190278748252,6.23632051843074,6.04674745076947,6.28102686056376,4.61509648169718,6.46263035741343,4.01918323165889,3.54003475256872,5.80146339085444,5.08824450385468,3.24207990457437,2.42577976903952,1.59156759566824,2.45548590898746,3.16635112479511
Pre-demographic dividend,PRE,Tax revenue (% of GDP),GC.TAX.TOTL.GD.ZS,..,..,..,..,..,..,..,..,..,..,..,..,..,..,..,..,..,..,..,..,..,..,..,..,..
Pre-demographic dividend,PRE,Crop production index (2014-2016 = 100),AG.PRD.CROP.XD,..,..,..,..,..,..,..,..,..,..,..,..,..,..,..,..,..,..,..,..,..,..,..,..,..
Pre-demographic dividend,PRE,"Foreign direct investment, net inflows (% of GDP)",BX.KLT.DINV.WD.GD.ZS,0.762554045228025,0.716407390513421,0.746724689512628,1.01676247430896,3.10372604891503,1.70516978770529,2.83055110645505,2.78054763433308,3.91322572218621,2.59836545925923,2.36529129677554,2.05588026428048,2.46833946085651,2.56678278282867,2.85967704998159,2.44264602690787,2.67040768882565,2.74835733055485,1.58338160600629,1.23197220461363,2.03363197503678,0.943528136457325,0.783927450053355,0.621629726288255,0.695200727025304
Pre-demographic dividend,PRE,Fuel exports (% of merchandise exports),TX.VAL.FUEL.ZS.UN,..,..,..,..,..,69.6227455140237,67.336981286771,65.8959716401194,..,..,..,72.1052065440094,74.3464229901372,68.3895855308357,73.1035205461677,71.7608842974059,73.5214376547213,73.9886187953773,72.5836696078466,73.9357992843262,67.1408634537194,67.6524721199578,..,..,..
Small states,SST,Trade (% of GDP),NE.TRD.GNFS.ZS,107.105978920407,106.061641524496,105.487678343314,106.297708486101,103.603121227752,105.232555019914,105.401012877508,102.08675600891,100.877288524314,101.979347368519,105.816024851524,108.140051896969,108.05405012514,108.710279881148,98.6010061902272,103.668364558939,114.974293718965,119.867091701588,119.368324820345,115.012109382906,109.878646398771,105.290625012968,106.727119909944,108.508175888226,107.191035456567
Small states,SST,Exports of goods and services (% of GDP),NE.EXP.GNFS.ZS,58.7741735660012,59.0528631562693,57.4232560146578,54.2308041838304,56.8833050547124,59.9726546482087,57.3483739103306,55.8145325663087,55.400848737274,56.362935317271,57.3714890012103,57.904470649217,58.0564462339989,60.8939200292789,54.0276028935983,59.9510069556186,68.0803263319277,70.2016722285661,69.1213163752257,65.9961271964056,58.4193922515882,54.2803027412934,57.062894661017,59.670092985947,58.0562189715849
Small states,SST,GDP growth (annual %),NY.GDP.MKTP.KD.ZG,..,..,..,..,..,..,3.5112294400862,4.23577544925848,4.69513319629885,7.6587145957886,5.17959477242388,9.67052885801405,8.16478895732513,5.88240133100825,0.468042741227109,7.119912306275,6.27180405013922,3.36020371219266,3.2589300933524,3.58000621848218,2.64578627701202,2.13240446230969,1.07883521023737,2.1746545992136,1.94685453523991
Small states,SST,Tax revenue (% of GDP),GC.TAX.TOTL.GD.ZS,..,..,..,..,..,..,..,..,..,..,..,..,..,..,..,..,..,..,..,..,..,..,..,..,..
Small states,SST,Crop production index (2014-2016 = 100),AG.PRD.CROP.XD,..,..,..,..,..,..,..,..,..,..,..,..,..,..,..,..,..,..,..,..,..,..,..,..,..
Small states,SST,"Foreign direct investment, net inflows (% of GDP)",BX.KLT.DINV.WD.GD.ZS,3.35285636534314,5.14026758367252,4.2923714810831,4.7630876245514,4.74147138372208,4.9730217248685,4.79840000026881,4.02771813038143,5.12659640897725,8.74242059278994,16.4813382310939,16.9626022426456,19.5273295724377,11.8766839296189,25.2568270764222,14.6057020097434,13.0759574470572,17.2617697087512,7.13214267497959,12.3447451022242,9.05772396401586,4.2428903618266,4.50059076926777,1.99412785837279,13.0690583291126
Small states,SST,Fuel exports (% of merchandise exports),TX.VAL.FUEL.ZS.UN,57.8880567379142,54.4819831987801,..,61.9978802736321,64.7912564424852,53.6512847493064,61.2559489946148,60.6182730201393,63.0031200936248,59.912345742426,58.9678047203036,64.4840222139524,63.0159145804776,62.8259769849587,54.2462289121808,64.0562893602827,63.8569129426172,60.2335326365797,60.5262292785393,59.6662728643041,54.8017766906909,53.9715878028572,57.8029844781366,57.4424222025594,56.3787180235803
South Asia,SAS,Trade (% of GDP),NE.TRD.GNFS.ZS,26.6417688796377,25.8616583414564,26.3750598318219,26.9582488247479,27.6891215738923,28.69619442053,28.1463913058737,30.4411008798586,31.3048593451856,36.8952916372782,41.3020762891031,44.7687558863822,44.5738394169828,51.0513166793624,44.7312297415132,46.7254713100929,52.5919188712778,52.6878013037933,50.9549305120065,46.6925035905747,40.7161739759003,38.2253578751718,38.7638720018845,41.546222820453,38.6504817706871
South Asia,SAS,Exports of goods and services (% of GDP),NE.EXP.GNFS.ZS,12.448096607894,11.9248811291852,12.1918865711491,12.5653204883589,12.6661627389293,13.2137178908183,13.0617299528448,14.2540294845225,14.8029434632071,16.902848620534,18.5716873858517,20.0229342586183,19.6679921891831,22.0873852356738,19.2857902408826,20.9719774420778,22.9098896113853,22.6236261453646,23.2610719862922,21.2116637617522,18.3602375031769,17.4477667200925,17.1032078930115,17.9700378161195,17.2172990466299
South Asia,SAS,GDP growth (annual %),NY.GDP.MKTP.KD.ZG,6.81389486527004,6.70830660688051,3.69442108750616,5.44513303947937,7.51270285191781,4.11248098325126,4.43725994424544,3.59919990215288,7.17611154013593,7.54953608346713,7.61303948527524,7.61957420828784,7.14008602488632,3.29816662182829,6.94924654017409,7.36578664301632,5.07074944711401,5.38129808963038,6.00923317996451,6.84796608523072,7.25167193519096,7.77601694646614,6.50365299998572,6.33480486988441,3.92413777126535
South Asia,SAS,Tax revenue (% of GDP),GC.TAX.TOTL.GD.ZS,9.53350945044166,9.50697791016257,9.61849251188741,8.81393869220347,9.31079984759883,8.86586418862645,8.18769645183473,8.69413188268454,9.05169014335392,9.4913777796196,9.95776968987023,10.8589237903613,11.6816988639971,10.741386208675,9.73193531228566,10.2254544365533,10.087558987885,10.6580540411778,10.8040201628673,9.8864596603428,10.4608428006213,10.8904598930137,11.1004978955431,11.7206024120222,..
South Asia,SAS,Crop production index (2014-2016 = 100),AG.PRD.CROP.XD,..,..,..,..,..,..,..,..,..,..,..,..,..,..,..,..,..,..,..,..,..,..,..,..,..
South Asia,SAS,"Foreign direct investment, net inflows (% of GDP)",BX.KLT.DINV.WD.GD.ZS,0.614584376546734,0.672886194415105,0.894525990052903,0.639544828572082,0.516916707921331,0.678480382861765,0.879514526741943,0.913835826664774,0.59396221034865,0.794145960892467,1.01222012692578,2.09222014685602,2.11416374120512,3.28009668863592,2.31967764171899,1.52235209316083,1.77187770513848,1.19344602218905,1.40289028209789,1.54227112075557,1.81893528163829,1.69161073897879,1.34930180935659,1.37676795160694,1.54936635321104
South Asia,SAS,Fuel exports (% of merchandise exports),TX.VAL.FUEL.ZS.UN,1.49012019960269,1.36325620065581,1.04224873261991,0.449546200867094,0.378531123310527,2.8743300911071,4.10980617434766,3.90656415163395,5.08379288069659,6.69824615851127,8.78530581238469,12.387865044247,13.6078912751424,15.1302910875313,11.3938278267688,14.3682496344854,15.4996685573631,15.3750528568577,16.8429633451083,17.7324015920325,9.70725435838572,9.59118377177181,10.994972161254,14.0285369686801,12.4801154485451
South Asia (IDA & IBRD),TSA,Trade (% of GDP),NE.TRD.GNFS.ZS,26.6417688796377,25.8616583414564,26.3750598318219,26.9582488247479,27.6891215738923,28.69619442053,28.1463913058737,30.4411008798586,31.3048593451856,36.8952916372782,41.3020762891031,44.7687558863822,44.5738394169828,51.0513166793624,44.7312297415132,46.7254713100929,52.5919188712778,52.6878013037933,50.9549305120065,46.6925035905747,40.7161739759003,38.2253578751718,38.7638720018845,41.546222820453,38.6504817706871
South Asia (IDA & IBRD),TSA,Exports of goods and services (% of GDP),NE.EXP.GNFS.ZS,12.448096607894,11.9248811291852,12.1918865711491,12.5653204883589,12.6661627389293,13.2137178908183,13.0617299528448,14.2540294845225,14.8029434632071,16.902848620534,18.5716873858517,20.0229342586183,19.6679921891831,22.0873852356738,19.2857902408826,20.9719774420778,22.9098896113853,22.6236261453646,23.2610719862922,21.2116637617522,18.3602375031769,17.4477667200925,17.1032078930115,17.9700378161195,17.2172990466299
South Asia (IDA & IBRD),TSA,GDP growth (annual %),NY.GDP.MKTP.KD.ZG,6.81389486527004,6.70830660688053,3.69442108750613,5.44513303947937,7.51270285191782,4.11248098325126,4.43725994424544,3.59919990215288,7.17611154013591,7.54953608346716,7.61303948527521,7.61957420828784,7.14008602488632,3.29816662182829,6.94924654017409,7.36578664301632,5.07074944711401,5.38129808963038,6.00923317996451,6.84796608523072,7.25167193519096,7.77601694646614,6.50365299998572,6.33480486988441,3.92413777126535
South Asia (IDA & IBRD),TSA,Tax revenue (% of GDP),GC.TAX.TOTL.GD.ZS,9.53350945044166,9.50697791016257,9.61849251188742,8.81393869220347,9.31079984759883,8.86586418862645,8.18769645183474,8.69413188268454,9.05169014335392,9.4913777796196,9.95776968987023,10.8589237903613,11.6816988639971,10.741386208675,9.73193531228566,10.2254544365533,10.087558987885,10.6580540411778,10.8040201628673,9.8864596603428,10.4608428006213,10.8904598930137,11.1004978955431,11.7206024120222,..
South Asia (IDA & IBRD),TSA,Crop production index (2014-2016 = 100),AG.PRD.CROP.XD,..,..,..,..,..,..,..,..,..,..,..,..,..,..,..,..,..,..,..,..,..,..,..,..,..
South Asia (IDA & IBRD),TSA,"Foreign direct investment, net inflows (% of GDP)",BX.KLT.DINV.WD.GD.ZS,0.614584376546734,0.672886194415106,0.894525990052904,0.639544828572082,0.516916707921331,0.678480382861765,0.879514526741943,0.913835826664774,0.59396221034865,0.794145960892467,1.01222012692578,2.09222014685602,2.11416374120511,3.28009668863592,2.31967764171899,1.52235209316083,1.77187770513848,1.19344602218905,1.40289028209789,1.54227112075557,1.81893528163829,1.69161073897879,1.34930180935659,1.37676795160694,1.54936635321104
South Asia (IDA & IBRD),TSA,Fuel exports (% of merchandise exports),TX.VAL.FUEL.ZS.UN,1.49012019960269,1.36325620065581,1.04224873261991,0.449546200867094,0.378531123310527,2.8743300911071,4.10980617434766,3.90656415163395,5.08379288069659,6.69824615851127,8.78530581238469,12.387865044247,13.6078912751424,15.1302910875313,11.3938278267688,14.3682496344854,15.4996685573631,15.3750528568577,16.8429633451083,17.7324015920325,9.70725435838573,9.59118377177181,10.994972161254,14.0285369686801,12.4801154485451
Sub-Saharan Africa,SSF,Trade (% of GDP),NE.TRD.GNFS.ZS,..,..,..,..,..,..,..,..,..,..,..,..,..,..,..,..,66.6738405275763,65.0052068894713,62.93243123477,61.3703836413889,57.6122199241277,54.7221725581561,54.5851305742921,56.6108196879145,54.8236255441814
Sub-Saharan Africa,SSF,Exports of goods and services (% of GDP),NE.EXP.GNFS.ZS,23.0506935397754,21.9420651055266,21.0330097228637,19.7270795044011,27.6902514008837,28.5941517804734,28.6731127860079,27.9604498530907,26.8582170059056,26.9642839366069,28.0286298403821,28.2611156782135,29.7963395318738,31.8809657963532,26.0380241877258,27.8011982834283,29.445444412958,27.5658008606196,25.6537266323435,24.3839103071005,21.1909928317708,21.0324748103482,22.6545230722255,24.4382802594696,22.9398358050443
Sub-Saharan Africa,SSF,GDP growth (annual %),NY.GDP.MKTP.KD.ZG,3.38725172957672,5.13871774966074,4.37089525813192,2.48980306054278,2.16650325490546,3.49866918393535,4.25479443083991,6.31305845855475,4.10602126315069,6.55655279204892,6.00191407783063,6.06870313066401,6.14806873207566,5.14230742708631,2.99306508419292,5.93287875872343,4.19761019971554,2.73224137398367,5.05805647942697,4.86691104430273,2.8965151489253,1.28017211214591,2.44425873544071,2.64642076609512,2.55939141031702
Sub-Saharan Africa,SSF,Tax revenue (% of GDP),GC.TAX.TOTL.GD.ZS,..,..,..,..,..,..,..,..,..,..,..,..,..,..,..,..,..,..,..,..,..,..,..,..,..
Sub-Saharan Africa,SSF,Crop production index (2014-2016 = 100),AG.PRD.CROP.XD,..,..,..,..,..,..,..,..,..,..,..,..,..,..,..,..,..,..,..,..,..,..,..,..,..
Sub-Saharan Africa,SSF,"Foreign direct investment, net inflows (% of GDP)",BX.KLT.DINV.WD.GD.ZS,0.770792835438721,0.652115345421218,1.30459581401615,1.0528503304586,2.1338209617635,1.64411780087315,3.84894461639112,2.48983427393947,2.51244074231113,1.84997336378589,2.4141032090923,1.70318958020471,2.60854533754768,3.07042772868247,3.00585967277783,2.26134847779725,2.56785343846462,2.65614762292055,2.23646260312855,2.32933187028376,2.61235578415417,1.93887063600473,1.62281902317906,1.63184883641672,1.50271019425091
Sub-Saharan Africa,SSF,Fuel exports (% of merchandise exports),TX.VAL.FUEL.ZS.UN,..,32.1724388656237,29.4856886413585,31.3738576028294,31.5459779942815,32.3381154312273,31.5717066192503,31.7161834216939,31.2252811123467,..,..,33.3770471620202,41.1363791635799,31.7956888729775,39.724163436431,38.9561886833846,41.0047041418547,40.5097529042513,39.5775886756445,39.7621272656335,35.4775592757291,35.2046465975256,38.7654748705359,39.6908992808123,38.5110522036132
Sub-Saharan Africa (excluding high income),SSA,Trade (% of GDP),NE.TRD.GNFS.ZS,..,..,..,..,..,..,..,..,..,..,..,..,..,..,..,..,66.5130589583856,64.828711721995,62.7829444197292,61.2004139586892,57.4606192491456,54.5657113269136,54.4041168092032,56.4405233774702,54.6644505589253
Sub-Saharan Africa (excluding high income),SSA,Exports of goods and services (% of GDP),NE.EXP.GNFS.ZS,23.0899438133228,21.9520063672299,21.0516496226933,19.7418572768102,27.7162516633427,28.5046574062466,28.5568445776428,27.8522091552358,26.7528796769987,26.8899458758873,27.9566479883584,28.186404346815,29.7315688310897,31.8231192049976,25.9744538525451,27.7535045493452,29.3966876502389,27.5117646757627,25.5958325525379,24.3206012629967,21.1216602374038,20.9542751784869,22.568815016136,24.360392441136,22.8641379348209
Sub-Saharan Africa (excluding high income),SSA,GDP growth (annual %),NY.GDP.MKTP.KD.ZG,3.39038480659401,5.13361939524101,4.36230779385049,2.48982945078244,2.16685072540834,3.4977815042991,4.26250709732332,6.31870745794889,4.11655810431,6.56551858521959,5.99930408547171,6.06572105030207,6.14555442465199,5.14974589236721,2.99777560214305,5.93404236851889,4.19333919063571,2.73192158392104,5.06128309096181,4.86756513886377,2.89546617862781,1.27704239105894,2.4439679154501,2.64551735022278,2.55739624090781
Sub-Saharan Africa (excluding high income),SSA,Tax revenue (% of GDP),GC.TAX.TOTL.GD.ZS,..,..,..,..,..,..,..,..,..,..,..,..,..,..,..,..,..,..,..,..,..,..,..,..,..
Sub-Saharan Africa (excluding high income),SSA,Crop production index (2014-2016 = 100),AG.PRD.CROP.XD,..,..,..,..,..,..,..,..,..,..,..,..,..,..,..,..,..,..,..,..,..,..,..,..,..
Sub-Saharan Africa (excluding high income),SSA,"Foreign direct investment, net inflows (% of GDP)",BX.KLT.DINV.WD.GD.ZS,0.761857473411815,0.647254117369077,1.29628576068245,1.04445479632728,2.12335404416781,1.64086541273539,3.83913530293581,2.48312687111893,2.50523787478391,1.84682291898598,2.40705474677207,1.69044507409953,2.59524139867436,3.05854183198825,2.99411383479963,2.25182619080564,2.56074365960605,2.62194367779676,2.23493975036919,2.32532493860548,2.60825770131786,1.93632612173703,1.61270983606487,1.61609938130377,1.48994763782289
Sub-Saharan Africa (excluding high income),SSA,Fuel exports (% of merchandise exports),TX.VAL.FUEL.ZS.UN,..,32.2375344602609,29.5431537406882,31.4399095047429,31.6090298401802,32.3986980301861,31.6291280870012,31.776604208856,31.2833654145889,..,..,33.4398075767487,41.1996253387961,31.8511696298202,39.7859380908519,39.0162368826901,41.0658912731264,40.5743571183946,39.6395405025791,39.8256816914749,35.5317510240884,35.2583138797256,38.8248343111858,39.7516789408588,38.5701413255901
Sub-Saharan Africa (IDA & IBRD countries),TSS,Trade (% of GDP),NE.TRD.GNFS.ZS,..,..,..,..,..,..,..,..,..,..,..,..,..,..,..,..,66.6738405275763,65.0052068894713,62.93243123477,61.3703836413889,57.6122199241278,54.722172558156,54.5851305742922,56.6108196879145,54.8236255441814
Sub-Saharan Africa (IDA & IBRD countries),TSS,Exports of goods and services (% of GDP),NE.EXP.GNFS.ZS,23.0506935397754,21.9420651055266,21.0330097228637,19.7270795044011,27.6902514008837,28.5941517804734,28.6731127860079,27.9604498530907,26.8582170059056,26.9642839366069,28.0286298403821,28.2611156782135,29.7963395318738,31.8809657963532,26.0380241877258,27.8011982834284,29.445444412958,27.5658008606196,25.6537266323435,24.3839103071004,21.1909928317708,21.0324748103482,22.6545230722255,24.4382802594696,22.9398358050443
Sub-Saharan Africa (IDA & IBRD countries),TSS,GDP growth (annual %),NY.GDP.MKTP.KD.ZG,3.38725172957675,5.13871774966074,4.37089525813192,2.48980306054276,2.16650325490546,3.49866918393535,4.25479443083991,6.31305845855475,4.10602126315069,6.5565527920489,6.00191407783069,6.06870313066396,6.14806873207567,5.14230742708628,2.99306508419295,5.93287875872343,4.19761019971551,2.73224137398364,5.05805647942698,4.86691104430273,2.8965151489253,1.28017211214591,2.44425873544077,2.64642076609512,2.55939141031701
Sub-Saharan Africa (IDA & IBRD countries),TSS,Tax revenue (% of GDP),GC.TAX.TOTL.GD.ZS,..,..,..,..,..,..,..,..,..,..,..,..,..,..,..,..,..,..,..,..,..,..,..,..,..
Sub-Saharan Africa (IDA & IBRD countries),TSS,Crop production index (2014-2016 = 100),AG.PRD.CROP.XD,..,..,..,..,..,..,..,..,..,..,..,..,..,..,..,..,..,..,..,..,..,..,..,..,..
Sub-Saharan Africa (IDA & IBRD countries),TSS,"Foreign direct investment, net inflows (% of GDP)",BX.KLT.DINV.WD.GD.ZS,0.770792835438721,0.652115345421218,1.30459581401615,1.0528503304586,2.1338209617635,1.64411780087315,3.84894461639112,2.48983427393947,2.51244074231113,1.84997336378589,2.4141032090923,1.70318958020471,2.60854533754768,3.07042772868247,3.00585967277783,2.26134847779725,2.56785343846462,2.65614762292055,2.23646260312855,2.32933187028376,2.61235578415417,1.93887063600473,1.62281902317906,1.63184883641672,1.50271019425091
Sub-Saharan Africa (IDA & IBRD countries),TSS,Fuel exports (% of merchandise exports),TX.VAL.FUEL.ZS.UN,..,32.1724388656237,29.4856886413585,31.3738576028294,31.5459779942815,32.3381154312273,31.5717066192503,31.7161834216939,31.2252811123467,..,..,33.3770471620202,41.1363791635799,31.7956888729774,39.724163436431,38.9561886833846,41.0047041418547,40.5097529042513,39.5775886756445,39.7621272656335,35.4775592757291,35.2046465975256,38.7654748705359,39.6908992808123,38.5110522036132
Upper middle income,UMC,Trade (% of GDP),NE.TRD.GNFS.ZS,40.9313434759125,40.1025749181834,42.2396070859296,43.6002751486661,44.4213745350963,48.9013937065677,47.8757225584278,49.8470347159253,54.7523814657645,59.580444924349,60.9539741959491,61.6185460999376,59.8118890844435,58.4787271024018,48.4645322125443,52.0917271237891,53.2164317896368,51.8357081984094,50.4274241760371,49.3244980734793,46.1747834206606,44.1415282020168,45.1753723949275,46.9987178378434,45.2753999757701
Upper middle income,UMC,Exports of goods and services (% of GDP),NE.EXP.GNFS.ZS,21.1783430231321,20.8613034197836,21.5495724027002,21.7477110606817,23.8123549898223,26.1264885882708,25.4114211056527,27.2757134121623,29.0232179319249,31.0888735704366,31.8001751450341,32.54498381669,31.6888001986968,31.3938494044919,25.8712561821479,27.050587373451,27.3103504116337,26.9143221140665,25.9334127903496,25.3335545519975,23.9924280678577,22.6708726317607,23.0487730474384,23.877915103661,23.0784389304028
Upper middle income,UMC,GDP growth (annual %),NY.GDP.MKTP.KD.ZG,3.76223299436018,5.36237266498843,5.83346769967198,2.2743855431506,3.52239457904425,6.34263903610568,3.55829556742864,4.6526229165347,5.87762517588746,7.92660201568323,7.59752271925451,8.73547754347896,9.42983194653844,6.41284408659513,2.66406836433222,8.30863352842664,6.87208590605815,5.91353823076786,5.53185098142541,4.70595673112678,4.29424645667542,4.21576072617317,5.20558162368879,4.9389591440918,4.12202315975136
Upper middle income,UMC,Tax revenue (% of GDP),GC.TAX.TOTL.GD.ZS,..,..,..,..,..,..,..,..,..,..,10.6283000497491,11.0459813226202,11.5962343662733,12.0530943625693,11.624456236995,11.912000409096,12.2335945771924,12.067194011059,11.9121087075642,11.6332411131029,11.3626618383115,11.0835480568825,11.2070681960005,11.1315222929292,10.7413781726978
Upper middle income,UMC,Crop production index (2014-2016 = 100),AG.PRD.CROP.XD,..,..,..,..,..,..,..,..,..,..,..,..,..,..,..,..,..,..,..,..,..,..,..,..,..
Upper middle income,UMC,"Foreign direct investment, net inflows (% of GDP)",BX.KLT.DINV.WD.GD.ZS,2.10450699648538,2.4086975171605,2.8810233718378,2.95413902140826,3.39112432316738,2.73921819677865,2.97620902185828,2.66623065745658,2.49009902890058,2.90774869525594,3.31328581461757,3.46828491335333,3.99772825486309,3.66029422060006,2.50717403525432,3.374429102779,3.27548721852036,2.81954763081684,2.97509089133576,2.39043310702385,2.2972310924913,2.06745013598193,1.81929505225102,1.94891166553056,1.7328608827864
Upper middle income,UMC,Fuel exports (% of merchandise exports),TX.VAL.FUEL.ZS.UN,5.68630612381374,9.67033224377128,9.68114339439327,7.81859854720046,8.46131550252501,11.7221892848665,11.5596550839507,11.3651471330454,10.7587719217178,12.062834343058,13.2686781058239,13.33561446764,13.2816653753102,14.6960671376655,13.4989187911564,13.9076459252857,14.422591292802,14.5966284706861,14.4125104508875,13.9024520530115,11.7947004246531,10.2302820321182,9.82403146899506,10.7863239276163,10.379405219601
World,WLD,Trade (% of GDP),NE.TRD.GNFS.ZS,43.1538874677849,43.2887718700525,45.1329280523485,45.6056140853693,46.0853644093057,50.4938204923272,49.3956438973698,49.4476048672116,51.1503745457836,54.7468150920162,56.8112523597807,59.0166844831938,59.4251006736094,61.0841160183739,52.5750919515019,56.9482917554641,60.1120790829863,59.9280007244578,59.2263912851689,58.6455581336422,56.3075458609389,54.5022473027862,56.2577999036818,57.708448171427,56.4975791661158
World,WLD,Exports of goods and services (% of GDP),NE.EXP.GNFS.ZS,20.6968793932383,21.1443713889868,22.0249811356694,21.8411926868746,21.9474874224487,23.551507315816,22.9700092695449,23.2315606711959,23.9793061242325,25.8669144466887,27.1537228455819,28.8285183522731,29.7777311061886,30.9561030337534,26.3653316595926,28.6854019220262,30.4766208612564,30.2524566568518,30.2556329866057,29.925902878838,28.3133014155856,27.3517035651718,28.3040136079056,29.1851142609843,28.3210424885958
World,WLD,GDP growth (annual %),NY.GDP.MKTP.KD.ZG,3.07898634724107,3.57819134156176,3.92103478696673,2.85676209530703,3.55473318341086,4.52903920099803,2.02749819444124,2.29871991198662,3.10560021396715,4.47149414151595,4.00667776371387,4.44015319932714,4.3754290512114,2.06370094052915,-1.3646809340872,4.52780699270512,3.31697730295866,2.6977042222217,2.79970173235688,3.06700829835549,3.06959305616232,2.78675707907463,3.39605661618589,3.27628312022317,2.5907854572536
World,WLD,Tax revenue (% of GDP),GC.TAX.TOTL.GD.ZS,..,..,..,..,15.4135843506967,..,..,..,..,..,14.089542416212,14.5627382073017,14.7860680677015,14.3831273055424,13.1730411158818,13.3608455073806,13.7080945589899,13.7567282023245,13.9818504099403,13.9680989834044,13.9787357511391,13.8631503651556,14.1501487756855,13.8542154795159,13.7670746947587
World,WLD,Crop production index (2014-2016 = 100),AG.PRD.CROP.XD,..,..,..,..,..,..,..,..,..,..,..,..,..,..,..,..,..,..,..,..,..,..,..,..,..
World,WLD,"Foreign direct investment, net inflows (% of GDP)",BX.KLT.DINV.WD.GD.ZS,1.1697161614935,1.31084584338238,1.66721469339254,2.4777906683602,3.65115305778289,4.60097473051407,2.65549528492887,2.13581933296643,1.85738594865621,2.22476312676864,3.27530465891219,4.24588433211657,5.31723291504479,3.78554159793842,2.31614708867807,2.83668713337644,3.15051541427906,2.65364023646035,2.67428680717466,2.38371869414032,3.60235539162016,3.52099119637302,2.6634392387636,0.989227479607844,2.07940736679391
World,WLD,Fuel exports (% of merchandise exports),TX.VAL.FUEL.ZS.UN,6.67650302902327,8.35152410199821,7.26453894106597,7.60805246216235,9.54370041985175,11.3909417904888,11.2413071827819,10.290661691965,10.2749434382225,10.8498961139026,11.7526250008782,12.7459430552238,12.3843936195103,13.993685236666,12.3046829755785,13.4870098843054,14.4860403581874,14.0409729319346,14.5245320517021,13.8781680381819,11.3921478701524,10.3239800266089,10.1906355171352,11.6151391426484,11.518645505394
,,,,,,,,,,,,,,,,,,,,,,,,,,,,
,,,,,,,,,,,,,,,,,,,,,,,,,,,,
,,,,,,,,,,,,,,,,,,,,,,,,,,,,
Data from database: World Development Indicators,,,,,,,,,,,,,,,,,,,,,,,,,,,,
Last Updated: 02/21/2024,,,,,,,,,,,,,,,,,,,,,,,,,,,,
