Country Name,Country Code,Series Name,Series Code,1995 [YR1995],1996 [YR1996],1997 [YR1997],1998 [YR1998],1999 [YR1999],2000 [YR2000],2001 [YR2001],2002 [YR2002],2003 [YR2003],2004 [YR2004],2005 [YR2005],2006 [YR2006],2007 [YR2007],2008 [YR2008],2009 [YR2009],2010 [YR2010],2011 [YR2011],2012 [YR2012],2013 [YR2013],2014 [YR2014],2015 [YR2015],2016 [YR2016],2017 [YR2017],2018 [YR2018],2019 [YR2019]
Afghanistan,AFG,Gini index,SI.POV.GINI,..,..,..,..,..,..,..,..,..,..,..,..,..,..,..,..,..,..,..,..,..,..,..,..,..
Afghanistan,AFG,"Government expenditure on education, total (% of GDP)",SE.XPD.TOTL.GD.ZS,..,..,..,..,..,..,..,..,..,..,..,4.68476057052612,4.17489528656006,4.38367223739624,4.81063985824585,3.4794499874115,3.4620099067688,2.60419988632202,3.45445990562439,3.69521999359131,3.2558000087738,4.54397010803223,4.34319019317627,..,..
Afghanistan,AFG,"Unemployment, total (% of total labor force) (national estimate)",SL.UEM.TOTL.NE.ZS,..,..,..,..,..,..,..,..,..,..,..,..,..,2.495,..,..,..,1.692,..,7.915,..,..,11.184,..,..
Afghanistan,AFG,Military expenditure (% of GDP),MS.MIL.XPND.GD.ZS,..,..,..,..,..,..,..,..,..,2.43125378739118,1.99206569856085,1.89623399634252,2.56626735198569,2.335545701939,2.08741255278385,1.94583569418812,1.82134545354632,1.17541612009987,1.07694976762403,1.29801287790022,0.994575822723645,0.956772140958855,0.945226799939516,1.00674585570556,1.17096838242129
Africa Eastern and Southern,AFE,Gini index,SI.POV.GINI,..,..,..,..,..,..,..,..,..,..,..,..,..,..,..,..,..,..,..,..,..,..,..,..,..
Africa Eastern and Southern,AFE,"Government expenditure on education, total (% of GDP)",SE.XPD.TOTL.GD.ZS,..,..,..,..,3.9397599697113,3.60612988471985,4.34167003631592,..,..,3.74496006965637,4.00578022003174,3.87146997451782,..,4.28008008003235,..,4.49659013748169,4.63901448249817,4.93121004104614,4.68991708755493,4.7172999382019,4.74350023269653,4.69199991226196,4.82044506072998,4.73974990844727,4.54195022583008
Africa Eastern and Southern,AFE,"Unemployment, total (% of total labor force) (national estimate)",SL.UEM.TOTL.NE.ZS,..,..,..,..,..,..,..,..,..,..,..,..,..,..,..,..,..,..,..,..,..,..,..,..,..
Africa Eastern and Southern,AFE,Military expenditure (% of GDP),MS.MIL.XPND.GD.ZS,2.14458861128582,1.83444780427664,1.82870979200282,1.82320759866644,2.27288126477248,2.00352573468228,1.96018011954529,2.02426694021384,1.77084019011839,1.86414912960374,1.67624516078113,1.70430499026462,1.66651423212754,1.92937023917532,1.94771213339322,1.53515344885747,1.50108795113687,1.53381181717503,1.72963251935254,1.75908619694261,1.57774282021771,1.34376562191534,1.44821868065923,1.11872244867272,1.07389823988534
Africa Western and Central,AFW,Gini index,SI.POV.GINI,..,..,..,..,..,..,..,..,..,..,..,..,..,..,..,..,..,..,..,..,..,..,..,..,..
Africa Western and Central,AFW,"Government expenditure on education, total (% of GDP)",SE.XPD.TOTL.GD.ZS,..,..,..,..,2.51417005062103,2.5650200843811,2.42614006996155,2.58010494709015,2.44759011268616,2.42760503292084,2.65659999847412,2.55852007865906,2.73747003078461,2.49827003479004,2.90790009498596,3.0144100189209,2.77200508117676,2.88159990310669,3.02971005439758,2.91422998905181,3.19542145729065,2.89910006523132,3.53558993339539,3.07154297828674,3.10023534297943
Africa Western and Central,AFW,"Unemployment, total (% of total labor force) (national estimate)",SL.UEM.TOTL.NE.ZS,..,..,..,..,..,..,..,..,..,..,..,..,..,..,..,..,..,..,..,4.35626084714829,..,..,6.99194301375748,..,..
Africa Western and Central,AFW,Military expenditure (% of GDP),MS.MIL.XPND.GD.ZS,0.638513337833528,0.538445961205345,0.556663693783392,0.641440161553941,0.993503428419442,0.832081537454382,1.02591121563132,1.10202505724262,0.904131646623543,0.838425326246038,0.678974843601643,0.647036023933179,0.702778408499324,0.828197022283634,0.92098726946437,0.832690093165381,0.805922393092089,0.714494642399432,0.767559306335777,0.731257777717815,0.677147167004901,0.82643092365992,0.822058931580113,0.846990749562603,0.800920249308933
Albania,ALB,Gini index,SI.POV.GINI,..,27,..,..,..,..,..,31.7,..,..,30.6,..,..,30,..,..,..,29,..,34.6,32.8,33.7,33.1,30.1,30.1
Albania,ALB,"Government expenditure on education, total (% of GDP)",SE.XPD.TOTL.GD.ZS,3.81464004516602,3.08350992202759,3.37947010993958,3.53697991371155,3.59293007850647,3.4301700592041,3.45869994163513,3.11779999732971,3.13823008537292,3.22751998901367,3.28154993057251,3.1914598941803,3.27592992782593,3.50922608375549,..,3.41307497024536,3.24000835418701,3.30906105041504,3.53929996490479,3.21696710586548,3.43796992301941,3.96209001541138,3.61172008514404,3.15294480323792,3.91623997688293
Albania,ALB,"Unemployment, total (% of total labor force) (national estimate)",SL.UEM.TOTL.NE.ZS,12.9,12.3,14.9,17.7,18.4,16.8,16.4,4.615,15,14.4,6.566,13.8,15.966,13.06,13.674,14.086,13.481,13.376,15.866,18.055,17.193,15.418,13.616,12.304,11.466
Albania,ALB,Military expenditure (% of GDP),MS.MIL.XPND.GD.ZS,2.05358735905793,1.37902962734156,1.28308078036268,1.23824256064749,1.24921009885957,1.24636024189216,1.30929137475594,1.32003449433204,1.33684292419802,1.38115794211088,1.35000497056322,1.56776908873068,1.8207653435572,1.98486885667765,1.5172171395597,1.55859189302349,1.52826633776627,1.48708257655216,1.40898210141146,1.34651599128914,1.16230386432234,1.10358100880452,1.10915100558884,1.16054478505068,1.28080596201472
Algeria,DZA,Gini index,SI.POV.GINI,35.3,..,..,..,..,..,..,..,..,..,..,..,..,..,..,..,27.6,..,..,..,..,..,..,..,..
Algeria,DZA,"Government expenditure on education, total (% of GDP)",SE.XPD.TOTL.GD.ZS,..,..,..,..,..,..,..,..,..,..,..,..,..,4.33701992034912,..,..,..,7.63759708404541,7.29229640960693,7.31870079040527,7.96296739578247,7.34434270858765,6.4018383026123,6.32453918457031,6.03690671920776
Algeria,DZA,"Unemployment, total (% of total labor force) (national estimate)",SL.UEM.TOTL.NE.ZS,31.84,..,25.43,..,..,29.77,27.3,25.9,23.72,17.65,15.27,12.27,13.79,11.33,10.16,9.96,9.96,10.97,9.82,10.207,11.206,10.202,12,..,..
Algeria,DZA,Military expenditure (% of GDP),MS.MIL.XPND.GD.ZS,2.93502710736712,3.0940883958553,3.63740346813324,3.96567378793071,3.75507998270644,3.43338563505363,3.82069546333074,3.70082935899902,3.25121089347184,3.2838845233139,2.83417835011465,2.6438075477202,2.92332102697669,3.02474714090386,3.84851369829344,3.51801260882618,4.32570635861069,4.46107862007699,4.84450891704059,5.54848333584853,6.27024285623508,6.38492898301865,5.92438332688534,5.48358870056161,5.99969025937654
American Samoa,ASM,Gini index,SI.POV.GINI,..,..,..,..,..,..,..,..,..,..,..,..,..,..,..,..,..,..,..,..,..,..,..,..,..
American Samoa,ASM,"Government expenditure on education, total (% of GDP)",SE.XPD.TOTL.GD.ZS,..,..,..,..,..,..,..,..,..,..,..,14.7170495986938,..,..,..,..,..,..,..,..,..,..,..,..,..
American Samoa,ASM,"Unemployment, total (% of total labor force) (national estimate)",SL.UEM.TOTL.NE.ZS,..,..,..,..,..,5.05,..,..,..,..,9.98,..,..,..,..,9.2,..,..,..,..,..,..,..,..,..
American Samoa,ASM,Military expenditure (% of GDP),MS.MIL.XPND.GD.ZS,..,..,..,..,..,..,..,..,..,..,..,..,..,..,..,..,..,..,..,..,..,..,..,..,..
Andorra,AND,Gini index,SI.POV.GINI,..,..,..,..,..,..,..,..,..,..,..,..,..,..,..,..,..,..,..,..,..,..,..,..,..
Andorra,AND,"Government expenditure on education, total (% of GDP)",SE.XPD.TOTL.GD.ZS,..,..,3.71327996253967,..,..,..,..,1.65971004962921,..,1.54411995410919,1.64497005939484,2.24489998817444,2.10469007492065,2.87392997741699,3.14292001724243,2.97662997245789,2.98706007003784,2.56577897071838,2.50616002082825,3.07420992851257,3.28034996986389,3.23707008361816,3.21708989143372,3.2467200756073,3.15060997009277
Andorra,AND,"Unemployment, total (% of total labor force) (national estimate)",SL.UEM.TOTL.NE.ZS,..,..,..,..,..,..,..,..,..,..,..,..,..,..,..,..,..,..,..,..,..,..,..,..,..
Andorra,AND,Military expenditure (% of GDP),MS.MIL.XPND.GD.ZS,..,..,..,..,..,..,..,..,..,..,..,..,..,..,..,..,..,..,..,..,..,..,..,..,..
Angola,AGO,Gini index,SI.POV.GINI,..,..,..,..,..,52,..,..,..,..,..,..,..,42.7,..,..,..,..,..,..,..,..,..,51.3,..
Angola,AGO,"Government expenditure on education, total (% of GDP)",SE.XPD.TOTL.GD.ZS,..,..,..,2.56712007522583,..,2.60753011703491,..,..,..,..,2.12011003494263,2.28146004676819,..,..,2.92000007629395,3.42131996154785,3.24000000953674,3.08191084861755,3.86999988555908,2.9300000667572,3.09999990463257,2.75493669509888,2.46687889099121,2.04470133781433,2.07306432723999
Angola,AGO,"Unemployment, total (% of total labor force) (national estimate)",SL.UEM.TOTL.NE.ZS,..,..,..,..,..,..,..,..,..,23.643,..,..,..,..,3.782,9.43,16.77,..,..,9.579,..,..,..,..,16.497
Angola,AGO,Military expenditure (% of GDP),MS.MIL.XPND.GD.ZS,4.70739276826233,2.44784815671705,5.97226820719497,2.64201188106298,17.334692213616,6.39260315427404,4.52435381521461,2.86993244512575,3.76147907354734,3.47118018672779,3.69224094698531,3.76149530543532,3.11405449295742,3.57312038062707,4.70961004832072,4.1775845224338,3.25566035129376,3.23665949921649,4.45523942155109,4.69845451564414,3.10542629308278,2.73333494465123,2.50798280550579,1.95578680987962,1.73907015919852
Antigua and Barbuda,ATG,Gini index,SI.POV.GINI,..,..,..,..,..,..,..,..,..,..,..,..,..,..,..,..,..,..,..,..,..,..,..,..,..
Antigua and Barbuda,ATG,"Government expenditure on education, total (% of GDP)",SE.XPD.TOTL.GD.ZS,..,..,..,..,2.75396990776062,..,..,3.39525008201599,..,..,..,..,..,..,2.50888991355896,..,..,2.35619330406189,2.64728999137878,2.55386328697205,2.65592861175537,2.90945935249329,2.87690901756287,3.23902106285095,3.4573450088501
Antigua and Barbuda,ATG,"Unemployment, total (% of total labor force) (national estimate)",SL.UEM.TOTL.NE.ZS,..,..,..,..,..,..,8.42,..,..,..,..,..,..,..,..,..,..,..,..,..,..,..,..,..,..
Antigua and Barbuda,ATG,Military expenditure (% of GDP),MS.MIL.XPND.GD.ZS,..,..,..,..,..,..,..,..,..,..,..,..,..,..,..,..,..,..,..,..,..,..,..,..,..
Arab World,ARB,Gini index,SI.POV.GINI,..,..,..,..,..,..,..,..,..,..,..,..,..,..,..,..,..,..,..,..,..,..,..,..,..
Arab World,ARB,"Government expenditure on education, total (% of GDP)",SE.XPD.TOTL.GD.ZS,..,..,..,..,..,..,..,5.03286671638489,..,5.02110004425048,..,3.93055999279022,..,4.33701992034912,..,..,..,4.12477493286132,..,..,..,..,..,..,..
Arab World,ARB,"Unemployment, total (% of total labor force) (national estimate)",SL.UEM.TOTL.NE.ZS,..,..,..,..,..,..,..,..,..,..,11.1738888833477,10.2703840035187,9.61351496160808,9.86611923285515,9.4671452803486,9.20955005998673,..,10.5607422381452,..,10.7215645603588,..,9.62934912767634,..,..,..
Arab World,ARB,Military expenditure (% of GDP),MS.MIL.XPND.GD.ZS,6.6209027738406,6.01450090544167,6.51206614812081,7.3233927339098,6.40156710569765,6.28271343416519,6.26811383023594,5.78958062186032,5.47491189260041,5.07588139587566,4.5991624873815,4.31769089988422,4.42449019654411,4.09189411609745,5.12613799164541,4.90210264271158,4.88601586456122,4.97116019770734,5.73319653783472,6.37289606061743,7.39378649660548,6.04580498742659,6.27930969223681,5.90032679497217,5.40647452851313
Argentina,ARG,Gini index,SI.POV.GINI,48.9,49.5,49.1,50.7,49.8,51.1,53.3,53.8,50.9,48.4,47.7,46.3,46.2,44.9,43.7,43.6,42.6,41.3,40.9,41.6,..,42,41.1,41.3,42.9
Argentina,ARG,"Government expenditure on education, total (% of GDP)",SE.XPD.TOTL.GD.ZS,..,3.73198008537292,..,4.03986978530884,4.52167987823486,4.58030986785889,4.833740234375,4.01734018325806,3.53504991531372,3.48652005195618,3.86000990867615,4.12821006774902,4.46260023117065,4.84440994262695,5.53105020523071,5.01971006393433,5.29062986373901,5.34582996368408,5.43661022186279,5.36144018173218,5.77611017227173,5.54548978805542,5.45431995391846,4.87773990631104,4.77759981155396
Argentina,ARG,"Unemployment, total (% of total labor force) (national estimate)",SL.UEM.TOTL.NE.ZS,18.8,17.11,14.82,12.65,14.05,15,17.32,19.59,15.36,13.522,11.506,10.078,8.47,7.837,8.645,7.714,7.18,7.217,7.1,7.268,..,..,8.347,9.221,9.843
Argentina,ARG,Military expenditure (% of GDP),MS.MIL.XPND.GD.ZS,1.47307310721151,1.24122726437626,1.14013911131295,1.13631802186333,1.22035954754993,1.14882267666887,1.18423354187058,1.09188047859748,1.06089505704838,0.883295358833529,0.847154783885961,0.788233877461469,0.792548175031362,0.762756475390461,0.886508576686385,0.814878105497939,0.764287094036749,0.784824721019786,0.837736430159436,0.878100919364039,0.850128583186764,0.813140077928875,0.856137916373543,0.732300347538541,0.699696134379197
Armenia,ARM,Gini index,SI.POV.GINI,..,..,..,..,36.2,..,35.4,34.8,33,37.5,36,29.7,31.2,29.2,28,30,29.4,29.6,30.6,31.5,32.4,32.5,33.6,34.4,30
Armenia,ARM,"Government expenditure on education, total (% of GDP)",SE.XPD.TOTL.GD.ZS,..,1.84843003749847,..,..,2.23518991470337,2.77273011207581,2.46943998336792,2.13504004478455,2.1450400352478,2.48673009872437,2.71202993392944,2.71577000617981,3.01893997192383,3.17272996902466,3.84079003334045,3.24900007247925,3.14385008811951,2.77248001098633,2.65018010139465,2.24724006652832,2.80591011047363,2.75812005996704,2.70759010314941,2.25586795806885,2.57191228866577
Armenia,ARM,"Unemployment, total (% of total labor force) (national estimate)",SL.UEM.TOTL.NE.ZS,6.7,9.3,10.8,9.4,11.2,..,..,..,..,..,..,..,10.394,22.974,19.295,19.523,21.63,17.511,16.576,17.499,18.261,17.617,17.705,13.212,12.2
Armenia,ARM,Military expenditure (% of GDP),MS.MIL.XPND.GD.ZS,4.05931190833614,3.28186700423013,3.90939855980585,3.52809600318196,3.69737423084246,3.56002487253697,3.12724938530975,2.69771474886414,2.72837221377968,2.74199670493715,2.87193136291811,2.94761315625864,3.04257470127966,3.39557936270657,4.15704990783508,4.26564605593771,3.85394644115574,3.58376691873744,3.99724455730484,3.94337826474581,4.23922578573229,4.09034921699325,3.84973057654684,4.11988615256896,4.78770584078564
Aruba,ABW,Gini index,SI.POV.GINI,..,..,..,..,..,..,..,..,..,..,..,..,..,..,..,..,..,..,..,..,..,..,..,..,..
Aruba,ABW,"Government expenditure on education, total (% of GDP)",SE.XPD.TOTL.GD.ZS,..,..,..,4.76316022872925,4.39526987075806,4.71536016464233,4.79850006103516,4.87177991867065,..,4.3571400642395,4.62369012832642,..,4.70252990722656,4.82732009887695,5.79777002334595,6.75098991394043,5.91438007354736,6.34758996963501,6.44277000427246,5.85084009170532,5.88782978057861,5.49105978012085,..,..,..
Aruba,ABW,"Unemployment, total (% of total labor force) (national estimate)",SL.UEM.TOTL.NE.ZS,..,..,7.45,..,..,6.92,6.9,..,..,..,..,..,5.71,..,..,10.6,8.9,..,..,..,..,..,..,..,..
Aruba,ABW,Military expenditure (% of GDP),MS.MIL.XPND.GD.ZS,..,..,..,..,..,..,..,..,..,..,..,..,..,..,..,..,..,..,..,..,..,..,..,..,..
Australia,AUS,Gini index,SI.POV.GINI,32.6,..,..,..,..,..,33.5,..,33.5,33.1,..,..,..,35.4,..,34.7,..,..,..,34.4,..,33.7,..,34.3,..
Australia,AUS,"Government expenditure on education, total (% of GDP)",SE.XPD.TOTL.GD.ZS,5.13100004196167,5.22780990600586,..,..,..,4.8840799331665,5.22613859176636,5.30785512924194,5.24635744094849,5.19459438323975,4.8967399597168,4.73843002319336,4.65364980697632,4.63051986694336,5.08131980895996,5.53811979293823,5.06814002990723,4.86667013168335,5.22909021377563,5.16454982757568,5.3155198097229,5.28689002990723,5.13822984695435,5.12431001663208,5.13429021835327
Australia,AUS,"Unemployment, total (% of total labor force) (national estimate)",SL.UEM.TOTL.NE.ZS,8.473,8.509,8.367,7.684,6.876,6.288,6.747,6.375,5.933,5.399,5.036,4.785,4.381,4.242,5.565,5.214,5.083,5.225,5.663,6.078,6.055,5.711,5.592,5.3,5.159
Australia,AUS,Military expenditure (% of GDP),MS.MIL.XPND.GD.ZS,2.02131256804327,1.93044006740518,1.86733439499343,1.87112181310612,1.88923574072912,1.82984191251005,1.87009387891872,1.87396462061393,1.84628968871455,1.82741076940486,1.80249267959937,1.82233092604478,1.81227323422698,1.79668808931838,1.92393833394007,1.85292825768668,1.75565694660719,1.67096396538491,1.63918019954461,1.77305887756791,1.9536335918401,2.0885308793071,2.00423407657625,1.89567007851003,1.88104345418486
Austria,AUT,Gini index,SI.POV.GINI,29.9,29.3,29.1,31.3,29.7,29,..,..,29.5,29.8,28.7,29.6,30.6,30.4,31.5,30.3,30.8,30.5,30.8,30.5,30.5,30.8,29.7,30.8,30.2
Austria,AUT,"Government expenditure on education, total (% of GDP)",SE.XPD.TOTL.GD.ZS,5.42834997177124,5.25990009307861,..,6.10374021530151,6.11233997344971,5.58880996704102,5.57547998428345,5.52213001251221,5.36183023452759,5.30243015289307,5.24937009811401,5.22652006149292,5.14690017700195,5.26395988464355,5.73024988174438,5.70047998428345,5.59226989746094,5.48040008544922,5.54711008071899,5.44761991500854,5.45658016204834,5.4796199798584,5.37159013748169,5.22655010223389,5.21750020980835
Austria,AUT,"Unemployment, total (% of total labor force) (national estimate)",SL.UEM.TOTL.NE.ZS,4.353,5.291,5.157,5.493,4.707,4.694,6.4,4.86,4.785,5.969,5.682,5.32,4.909,4.198,5.371,4.883,4.637,4.909,5.367,5.674,5.802,6.064,5.561,4.933,4.56
Austria,AUT,Military expenditure (% of GDP),MS.MIL.XPND.GD.ZS,1.07323205206951,1.04968297742271,1.04643398189713,1.01807286299799,0.980246123382213,0.98031858008593,0.908240040709509,0.88352783657309,0.913640318789259,0.893480466242935,0.850142574026263,0.785813244459197,0.90045717278703,0.870705123070585,0.833379564692924,0.821232711530621,0.790897558452031,0.778464250647036,0.750825383084571,0.747780095379783,0.698116413133988,0.729737691793485,0.757279033702098,0.745028039648345,0.75035965749035
Azerbaijan,AZE,Gini index,SI.POV.GINI,34.7,..,..,..,..,..,36.5,25.3,26.8,26.6,26.6,..,..,..,..,..,..,..,..,..,..,..,..,..,..
Azerbaijan,AZE,"Government expenditure on education, total (% of GDP)",SE.XPD.TOTL.GD.ZS,3.33736991882324,3.51256990432739,..,3.38001990318298,4.21214008331299,3.85399007797241,3.50342011451721,3.15445995330811,3.2861499786377,3.44770002365112,2.97462010383606,2.55552005767822,2.5492799282074,2.44092988967896,3.22430992126465,2.78062009811401,2.43564009666443,2.06763005256653,2.44213008880615,2.63303995132446,2.95167994499207,2.90340995788574,2.47381997108459,2.45543003082275,3.1764600276947
Azerbaijan,AZE,"Unemployment, total (% of total labor force) (national estimate)",SL.UEM.TOTL.NE.ZS,0.8,0.9,1.03,1.13,16.25,11.78,10.91,10.04,9.17,7.99,7.26,6.62,6.33,5.86,5.74,5.63,5.42,5.19,4.97,4.91,4.96,5,5,4.9,5
Azerbaijan,AZE,Military expenditure (% of GDP),MS.MIL.XPND.GD.ZS,2.73690130284,2.25423034135488,2.32404979925782,2.41235591259715,2.62510993144516,2.26786206311863,2.31206260817217,2.24331377031766,2.4263625550969,2.62948113760521,2.29906967458575,3.41775933255807,2.86419491898944,3.29121114577001,3.32542168167072,2.79100435652891,4.67013555547022,4.65861825196324,4.54092330961466,4.55501312398224,5.46487679293858,3.68852730317814,3.75630173249661,3.56240123412697,3.87341170306515
"Bahamas, The",BHS,Gini index,SI.POV.GINI,..,..,..,..,..,..,..,..,..,..,..,..,..,..,..,..,..,..,..,..,..,..,..,..,..
"Bahamas, The",BHS,"Government expenditure on education, total (% of GDP)",SE.XPD.TOTL.GD.ZS,..,..,..,..,..,2.23284006118774,..,..,..,..,..,..,..,..,..,..,2.34986042976379,2.45263004302979,2.47242140769958,2.44843196868896,2.39908027648926,2.60386872291565,2.80654501914978,2.56634116172791,2.7009744644165
"Bahamas, The",BHS,"Unemployment, total (% of total labor force) (national estimate)",SL.UEM.TOTL.NE.ZS,10.83,11.46,9.76,7.65,7.45,..,6.87,9.05,10.84,10.2,10.2,7.54,7.88,8.18,14.25,..,14.52,14.02,16.18,13.8,12,12.7,9.8,10,..
"Bahamas, The",BHS,Military expenditure (% of GDP),MS.MIL.XPND.GD.ZS,..,..,..,..,..,..,..,..,..,..,..,..,..,..,..,..,..,..,..,..,..,..,..,..,..
Bahrain,BHR,Gini index,SI.POV.GINI,..,..,..,..,..,..,..,..,..,..,..,..,..,..,..,..,..,..,..,..,..,..,..,..,..
Bahrain,BHR,"Government expenditure on education, total (% of GDP)",SE.XPD.TOTL.GD.ZS,..,..,..,..,..,..,..,..,..,..,..,2.87440991401672,2.57500004768372,2.49677991867065,..,..,..,2.64530992507935,2.47689008712769,2.46745991706848,2.6745400428772,3.25597023963928,2.32452011108398,2.80800986289978,2.38460445404053
Bahrain,BHR,"Unemployment, total (% of total labor force) (national estimate)",SL.UEM.TOTL.NE.ZS,..,..,..,..,..,..,..,..,..,..,..,..,5.6,3.7,4,1.13,4,1.2,..,..,..,..,..,..,..
Bahrain,BHR,Military expenditure (% of GDP),MS.MIL.XPND.GD.ZS,5.18323179048832,5.27393976376237,5.06848741255812,5.33310395251817,5.50362154366541,3.96167096884853,4.14808163198998,4.61110660635053,4.65883280302628,4.04492884796012,3.21438109533007,3.10294772848129,2.95699023434392,2.80016136873791,3.61053524967651,3.2777559421609,3.59149722735675,3.8444905725653,4.14139762975071,4.41851202803887,4.6441113490364,4.67063531353135,4.32073774179037,4.04108625299001,4.02986101554975
Bangladesh,BGD,Gini index,SI.POV.GINI,32.9,..,..,..,..,33.4,..,..,..,..,33.2,..,..,..,..,32.1,..,..,..,..,..,32.4,..,..,..
Bangladesh,BGD,"Government expenditure on education, total (% of GDP)",SE.XPD.TOTL.GD.ZS,..,..,1.95246994495392,..,2.13281989097595,2.12508010864258,2.17193007469177,2.01714992523193,2.06939005851746,1.94014000892639,..,2.13128995895386,2.20221996307373,2.0545699596405,1.9394199848175,..,2.13269996643066,2.04667067527771,1.96616005897522,2.09871673583984,1.87225413322449,2.22119998931885,1.85040032863617,1.65589129924774,1.68138802051544
Bangladesh,BGD,"Unemployment, total (% of total labor force) (national estimate)",SL.UEM.TOTL.NE.ZS,..,2.51,..,..,..,3.27,..,..,4.32,..,4.25,3.591,..,..,5,3.379,..,..,4.426,..,..,4.35,4.372,..,..
Bangladesh,BGD,Military expenditure (% of GDP),MS.MIL.XPND.GD.ZS,1.56669314074255,1.5390735944898,1.57166792587459,1.56753519839217,1.58483439104611,1.3571191812402,1.28842277551655,1.04836646260037,1.00263309760624,0.99885977372525,0.972810090266113,0.989838836982973,0.997091964413713,0.938215291633285,1.02893954845227,1.18438401700177,1.21766894947597,1.18089723364654,1.11372942922328,1.1364432719278,1.20851710681525,1.22590038101547,1.12758110771325,1.15395753464462,1.24410082330294
Barbados,BRB,Gini index,SI.POV.GINI,..,..,..,..,..,..,..,..,..,..,..,..,..,..,..,..,..,..,..,..,..,..,..,..,..
Barbados,BRB,"Government expenditure on education, total (% of GDP)",SE.XPD.TOTL.GD.ZS,..,..,..,..,4.34123992919922,4.71585988998413,6.05536985397339,5.88062000274658,6.24569988250732,6.02428007125854,5.66965007781982,..,5.22044992446899,4.92259979248047,5.11626005172729,6.05418014526367,..,5.26250982284546,5.14889001846313,6.14317989349365,5.38309764862061,4.69766998291016,4.36384010314941,5.42494916915894,4.11122989654541
Barbados,BRB,"Unemployment, total (% of total labor force) (national estimate)",SL.UEM.TOTL.NE.ZS,19.66,14.71,14.61,12.4,10.61,9.35,9.85,10.32,11,..,..,..,..,..,10.02,10.69,..,..,11.55,12.17,9.803,8.247,8.622,8.322,8.413
Barbados,BRB,Military expenditure (% of GDP),MS.MIL.XPND.GD.ZS,..,..,..,..,..,..,..,..,..,..,..,..,..,..,..,..,..,..,..,..,..,..,..,..,..
Belarus,BLR,Gini index,SI.POV.GINI,..,..,..,32,31.7,31.2,30.6,30.3,28.8,26.5,27.6,28.3,29.6,27.8,27.7,28.6,27.2,26.5,26.6,27.2,25.6,25.3,25.4,25.2,25.3
Belarus,BLR,"Government expenditure on education, total (% of GDP)",SE.XPD.TOTL.GD.ZS,..,..,..,..,6.00001001358032,6.19661998748779,..,..,6.31018209457397,5.7122597694397,5.8710298538208,6.07696008682251,5.15210008621216,5.71321535110474,4.3689398765564,5.22003984451294,4.68479013442993,4.95964002609253,5.0094199180603,4.81832981109619,4.78750991821289,4.94654989242554,4.79500007629395,5.38110017776489,4.97948980331421
Belarus,BLR,"Unemployment, total (% of total labor force) (national estimate)",SL.UEM.TOTL.NE.ZS,2.9,4,2.8,2.3,2.1,2.1,2.3,3,3.1,1.9,1.5,1.2,1,0.8,6.1,..,0.6,0.5,0.5,0.5,1,5.844,5.648,4.763,4.165
Belarus,BLR,Military expenditure (% of GDP),MS.MIL.XPND.GD.ZS,1.69946376942909,1.26069255990701,1.76896655126353,1.49509870243434,1.36676073838589,1.34698415075765,1.43829074692244,1.40024580052512,1.29906390002339,1.35822231382833,1.49845313530187,1.70941249195756,1.64976591437478,1.45349285157346,1.37257698145111,1.3413834329232,1.22449510976582,1.22921872178113,1.27079665150066,1.26884247027803,1.25748235926647,1.25351504491885,1.14628901484848,1.18226172889567,1.20086453042742
Belgium,BEL,Gini index,SI.POV.GINI,28.4,..,26.8,..,..,33.1,..,..,28.1,30.5,29.3,28.1,29.2,28.4,28.6,28.4,28.1,27.5,27.7,28.1,27.7,27.6,27.4,27.2,27.2
Belgium,BEL,"Government expenditure on education, total (% of GDP)",SE.XPD.TOTL.GD.ZS,2.98866009712219,3.04947996139526,..,..,..,5.53273296356201,5.67605495452881,5.78968381881714,5.89130210876465,5.62933778762817,5.79585981369019,5.62658596038818,5.51823377609253,6.33294010162354,6.45809984207153,6.44259023666382,6.43199014663696,6.25576496124268,6.63052988052368,6.59046983718872,6.4515700340271,6.46173000335693,6.42534017562866,6.38107013702393,6.33397006988525
Belgium,BEL,"Unemployment, total (% of total labor force) (national estimate)",SL.UEM.TOTL.NE.ZS,9.337,9.483,8.95,9.323,8.649,6.586,6.178,6.91,7.68,7.363,8.44,8.246,7.459,6.976,7.908,8.293,7.14,7.542,8.425,8.523,8.482,7.83,7.086,5.948,5.36
Belgium,BEL,Military expenditure (% of GDP),MS.MIL.XPND.GD.ZS,1.56575215144642,1.54010265143452,1.47697579587888,1.46391926511004,1.38583555922092,1.34121027642881,1.27650416647228,1.21571220776463,1.21498815616525,1.14927213880449,1.09664118158572,1.05612306878486,1.09801876439276,1.22191451658895,1.1677684366565,1.09048821653131,1.05221776971326,1.0417564900031,1.00895947872124,0.970959791148112,0.909284202068915,0.89470623618152,0.883563446003045,0.891358084802809,0.888487292252087
Belize,BLZ,Gini index,SI.POV.GINI,..,56.6,60.4,54.9,53.3,..,..,..,..,..,..,..,..,..,..,..,..,..,..,..,..,..,..,..,..
Belize,BLZ,"Government expenditure on education, total (% of GDP)",SE.XPD.TOTL.GD.ZS,..,..,..,..,4.10338020324707,3.77897000312805,4.3221001625061,..,3.93806004524231,4.04334020614624,..,..,..,4.3281102180481,4.82869005203247,5.26747989654541,5.51967906951904,5.47151041030884,5.14198017120361,5.14772987365723,5.35773992538452,5.68084001541138,5.90251016616821,6.07498979568481,5.90775012969971
Belize,BLZ,"Unemployment, total (% of total labor force) (national estimate)",SL.UEM.TOTL.NE.ZS,12.48,13.82,12.68,14.31,12.84,..,9.07,10.04,..,..,10.91,9.39,8.51,8.18,..,..,..,..,8.349,8.244,7.578,7,6.596,..,9.053
Belize,BLZ,Military expenditure (% of GDP),MS.MIL.XPND.GD.ZS,0.983650030490672,0.935552759791311,1.0825121452884,..,..,0.637640601035117,0.640861919286908,0.635154452981164,0.658829265439533,0.682599472357748,0.732853762105928,0.776926086363979,0.811211021812404,1.08251738711146,1.02740602554967,0.882120947796902,0.847261619469757,0.799645823373709,0.875994241454445,0.931581993475936,0.892029622473818,0.961415089078378,1.00847400642723,1.00824449263405,1.01069424875085
Benin,BEN,Gini index,SI.POV.GINI,..,..,..,..,..,..,..,..,38.6,..,..,..,..,..,..,..,43.4,..,..,..,47.8,..,..,37.9,..
Benin,BEN,"Government expenditure on education, total (% of GDP)",SE.XPD.TOTL.GD.ZS,..,..,..,2.74788999557495,1.92193996906281,2.11366009712219,2.36509990692139,2.15949010848999,2.28315997123718,2.56690001487732,2.6566801071167,2.56340003013611,2.36331009864807,2.77728009223938,3.08927011489868,3.67997002601624,4.40000009536743,3.56202006340027,3.3275101184845,3.161789894104,3.17298007011414,2.89910006523132,3.53558993339539,2.93161988258362,3.00273609161377
Benin,BEN,"Unemployment, total (% of total labor force) (national estimate)",SL.UEM.TOTL.NE.ZS,..,..,..,..,..,..,..,0.69,..,..,..,..,..,..,..,1.04,2.647,..,..,..,..,..,..,1.473,..
Benin,BEN,Military expenditure (% of GDP),MS.MIL.XPND.GD.ZS,..,..,..,..,0.485389230497635,0.412852302408383,0.357971127306215,0.622819458209776,0.647223226808757,0.676149850432113,0.680970684993479,0.665723323947751,..,0.663958979626467,..,..,..,0.702056157787745,0.687239683496254,0.700924948797968,0.798484704909418,0.673596727016815,0.920613124425981,0.6328575401476,0.473313905552082
Bermuda,BMU,Gini index,SI.POV.GINI,..,..,..,..,..,..,..,..,..,..,..,..,..,..,..,..,..,..,..,..,..,..,..,..,..
Bermuda,BMU,"Government expenditure on education, total (% of GDP)",SE.XPD.TOTL.GD.ZS,..,..,..,2.15227007865906,..,..,..,..,1.6662700176239,1.77587997913361,1.98877000808716,..,..,..,2.28920006752014,2.30668997764587,..,..,..,1.5368800163269,1.50163996219635,1.91544389724731,1.32495999336243,1.93595468997955,1.92679822444916
Bermuda,BMU,"Unemployment, total (% of total labor force) (national estimate)",SL.UEM.TOTL.NE.ZS,..,..,..,..,..,2.71,..,..,..,..,..,..,..,..,4.48,6.49,..,8.44,6.66,8.94,..,..,..,..,..
Bermuda,BMU,Military expenditure (% of GDP),MS.MIL.XPND.GD.ZS,..,..,..,..,..,..,..,..,..,..,..,..,..,..,..,..,..,..,..,..,..,..,..,..,..
Bhutan,BTN,Gini index,SI.POV.GINI,..,..,..,..,..,..,..,..,40.9,..,..,..,38.1,..,..,..,..,38.8,..,..,..,..,37.4,..,..
Bhutan,BTN,"Government expenditure on education, total (% of GDP)",SE.XPD.TOTL.GD.ZS,..,..,..,..,..,5.78675985336304,5.91572999954224,..,..,6.60906982421875,7.28714990615845,..,..,4.91159009933472,4.74174022674561,4.12473011016846,4.76523017883301,..,5.72275018692017,6.04489994049072,6.23825979232788,6.33656358718872,6.69976854324341,6.07420110702515,4.7613525390625
Bhutan,BTN,"Unemployment, total (% of total labor force) (national estimate)",SL.UEM.TOTL.NE.ZS,..,..,..,1.4,1.4,..,1.9,..,1.8,2.49,3.06,3.13,3.7,..,3.96,3.32,3.23,2.05,2.87,2.63,2.45,..,..,3.35,2.72
Bhutan,BTN,Military expenditure (% of GDP),MS.MIL.XPND.GD.ZS,..,..,..,..,..,..,..,..,..,..,..,..,..,..,..,..,..,..,..,..,..,..,..,..,..
Bolivia,BOL,Gini index,SI.POV.GINI,..,..,58.2,..,58.1,61.6,57.4,59.3,..,55,58.5,56.7,54.5,50.8,49.2,..,46.1,46.6,47.6,47.8,46.7,45.2,44.6,42.6,41.6
Bolivia,BOL,"Government expenditure on education, total (% of GDP)",SE.XPD.TOTL.GD.ZS,..,..,..,..,..,..,..,7.1950478553772,6.62961912155151,6.84771823883057,6.71352529525757,6.43421983718872,6.72048997879028,6.72302007675171,7.57486009597778,6.97379016876221,6.45056009292603,6.62799978256226,6.80321979522705,7.47812986373901,8.14342975616455,8.15060997009277,8.09724044799805,8.01587009429932,8.09103965759277
Bolivia,BOL,"Unemployment, total (% of total labor force) (national estimate)",SL.UEM.TOTL.NE.ZS,3.69,5.23,2.08,..,3.93,4.47,5.24,5.48,..,4.17,5.45,5.08,5.18,2.603,2.973,..,2.255,2.066,2.437,2.021,3.111,3.498,3.655,3.519,3.682
Bolivia,BOL,Military expenditure (% of GDP),MS.MIL.XPND.GD.ZS,2.09616225791141,1.98680754250518,2.27361030066829,2.69111085956905,2.13328709491197,2.0629715134384,2.3204467435097,1.99033371462944,2.14548339823865,1.89650330503014,1.717004422633,1.46622698404757,1.4890475837354,1.96177660261488,1.76136075631536,1.70790505454176,1.6841226569035,1.84560643919077,1.84124031434072,1.89691504477661,1.75943591545646,1.53046903660466,1.53642567728457,1.49690260690561,1.4512711273205
Bosnia and Herzegovina,BIH,Gini index,SI.POV.GINI,..,..,..,..,..,..,30,..,..,34,..,..,33.1,..,..,..,33,..,..,..,..,..,..,..,..
Bosnia and Herzegovina,BIH,"Government expenditure on education, total (% of GDP)",SE.XPD.TOTL.GD.ZS,..,..,..,..,..,..,..,..,..,..,..,..,..,..,..,..,..,..,..,..,..,..,..,..,..
Bosnia and Herzegovina,BIH,"Unemployment, total (% of total labor force) (national estimate)",SL.UEM.TOTL.NE.ZS,..,..,..,..,..,..,16.1,..,..,..,..,31.11,28.984,23.405,24.068,27.312,27.582,28.01,27.49,27.517,27.695,25.408,20.527,18.4,15.692
Bosnia and Herzegovina,BIH,Military expenditure (% of GDP),MS.MIL.XPND.GD.ZS,..,..,..,..,..,..,..,3.9043729051368,2.41669769045157,1.8896028081156,1.54421965764078,1.38653346855639,1.23615289583956,1.2206120604463,1.37658621151299,1.28034140905172,1.13643025192368,1.14557192342881,1.0870557644686,1.02582685716151,1.00061380055503,0.933900832256569,0.86418267991824,0.852548557100982,0.818512096528728
Botswana,BWA,Gini index,SI.POV.GINI,..,..,..,..,..,..,..,64.7,..,..,..,..,..,..,60.5,..,..,..,..,..,53.3,..,..,..,..
Botswana,BWA,"Government expenditure on education, total (% of GDP)",SE.XPD.TOTL.GD.ZS,..,..,..,..,..,..,..,..,..,..,10.6785898208618,..,9.04666996002197,..,9.8253002166748,..,..,9.25806713104248,8.0172061920166,8.22306251525879,8.39457988739014,8.73589324951172,7.80924463272095,7.90538597106934,8.39899635314941
Botswana,BWA,"Unemployment, total (% of total labor force) (national estimate)",SL.UEM.TOTL.NE.ZS,..,21.593,..,20.86,..,15.88,18.54,..,23.8,..,..,17.782,..,..,16.169,17.86,..,..,..,..,..,..,..,..,20.094
Botswana,BWA,Military expenditure (% of GDP),MS.MIL.XPND.GD.ZS,3.50647971949777,2.89952149833484,3.19720462718414,3.77939884443731,3.09207375530236,3.19124295081058,3.83122303260369,4.11020648951656,4.00736658870518,3.50587404134874,2.85800418504025,2.75454609516549,2.90001468952761,3.0976203987662,3.26282073750534,2.75907988033428,2.40443003238577,2.34377212582193,2.1471710497407,2.21199714449013,2.82519449903662,3.41066258273304,3.24857919499091,2.92475944543875,3.08122244554008
Brazil,BRA,Gini index,SI.POV.GINI,59.6,59.9,59.8,59.6,59,..,58.4,58.1,57.6,56.5,56.3,55.6,54.9,54,53.7,..,52.9,53.4,52.7,52,51.9,53.3,53.3,53.9,53.5
Brazil,BRA,"Government expenditure on education, total (% of GDP)",SE.XPD.TOTL.GD.ZS,4.56816005706787,..,..,4.75665998458862,3.80062007904053,3.94893002510071,3.84468007087708,3.75037002563477,..,3.97447991371155,4.47908020019531,4.87060022354126,4.97425985336304,5.26883983612061,5.46355009078979,5.64879989624023,5.73741006851196,5.85510015487671,5.8388500213623,5.94848012924194,6.24105978012085,6.314040184021,6.32047986984253,6.08851003646851,5.96346998214722
Brazil,BRA,"Unemployment, total (% of total labor force) (national estimate)",SL.UEM.TOTL.NE.ZS,7.092,8.035,9.003,10.15,11.125,..,10.649,10.641,11.169,10.072,10.551,9.692,9.28,8.268,9.419,..,7.578,7.251,7.071,6.755,8.538,11.58,12.792,12.33,11.936
Brazil,BRA,Military expenditure (% of GDP),MS.MIL.XPND.GD.ZS,1.86213698033379,1.65484349950291,1.57768831551774,1.66229191975824,1.64547466656987,1.73072614713627,1.95188244532532,1.89577119915617,1.50347763554507,1.46126840890621,1.52401339252107,1.48108489489303,1.46629209992902,1.44192409343118,1.53862569660074,1.53940698112515,1.41185115924524,1.37865646470437,1.32944608407492,1.330244423168,1.36551715396161,1.34797541299482,1.41402166797586,1.46967772350671,1.38279724638797
British Virgin Islands,VGB,Gini index,SI.POV.GINI,..,..,..,..,..,..,..,..,..,..,..,..,..,..,..,..,..,..,..,..,..,..,..,..,..
British Virgin Islands,VGB,"Government expenditure on education, total (% of GDP)",SE.XPD.TOTL.GD.ZS,..,..,..,..,..,..,2.90476989746094,..,..,..,3.04632997512817,3.51480007171631,3.04366993904114,..,3.24165010452271,3.49770998954773,..,3.56569600105286,4.46932554244995,4.01838827133179,4.71405982971191,3.26105642318726,2.46259999275208,2.4343900680542,2.63095998764038
British Virgin Islands,VGB,"Unemployment, total (% of total labor force) (national estimate)",SL.UEM.TOTL.NE.ZS,..,..,..,..,..,..,..,..,..,..,..,..,..,..,..,..,..,..,..,..,..,..,..,..,..
British Virgin Islands,VGB,Military expenditure (% of GDP),MS.MIL.XPND.GD.ZS,..,..,..,..,..,..,..,..,..,..,..,..,..,..,..,..,..,..,..,..,..,..,..,..,..
Brunei Darussalam,BRN,Gini index,SI.POV.GINI,..,..,..,..,..,..,..,..,..,..,..,..,..,..,..,..,..,..,..,..,..,..,..,..,..
Brunei Darussalam,BRN,"Government expenditure on education, total (% of GDP)",SE.XPD.TOTL.GD.ZS,..,..,..,5.25395011901855,4.9320502281189,3.70590996742249,..,..,..,..,..,..,..,..,..,2.04661011695862,3.32209992408752,2.88959002494812,..,3.35318994522095,..,4.42540979385376,..,..,..
Brunei Darussalam,BRN,"Unemployment, total (% of total labor force) (national estimate)",SL.UEM.TOTL.NE.ZS,..,..,..,..,..,..,..,..,..,..,..,..,..,..,..,..,..,..,..,6.862,..,..,9.316,8.7,6.6
Brunei Darussalam,BRN,Military expenditure (% of GDP),MS.MIL.XPND.GD.ZS,5.47726596521598,6.24949383149313,7.18396455211652,7.52984389348026,6.13041835206517,4.06920549004446,3.8863976083707,3.87078275829112,3.71141961800389,2.53273008763096,2.3494276381516,2.3039631946555,2.38015224434092,2.26179236887845,2.94107203176036,2.85048790060089,2.24224141990167,2.15903448896045,2.27750759504916,3.08686095781185,3.27929046083748,3.53938463904119,2.86512850957169,2.63661248533021,3.07858724948281
Bulgaria,BGR,Gini index,SI.POV.GINI,..,..,..,..,..,..,..,..,..,..,..,35.7,36.1,33.6,33.8,35.7,34.3,36,36.6,37.4,38.6,40.6,40.4,41.3,40.3
Bulgaria,BGR,"Government expenditure on education, total (% of GDP)",SE.XPD.TOTL.GD.ZS,2.37207007408142,2.23007988929749,..,2.73942995071411,..,4.21983289718628,3.38423991203308,3.38608002662659,3.99845004081726,2.31995010375977,4.10879993438721,3.90346002578735,3.680340051651,4.2190899848938,4.27429008483887,3.85796999931335,3.5469799041748,3.47637009620667,4.05822992324829,4.07005310058594,3.91208434104919,3.39370822906494,4.07527017593384,4.04528999328613,4.19715023040771
Bulgaria,BGR,"Unemployment, total (% of total labor force) (national estimate)",SL.UEM.TOTL.NE.ZS,11.1,12.5,13.7,12.2,14.1,16.218,32.61,18.11,13.733,12.037,10.083,8.951,6.878,5.61,6.817,10.279,11.26,12.27,12.941,11.424,9.143,7.575,6.164,5.212,4.23
Bulgaria,BGR,Military expenditure (% of GDP),MS.MIL.XPND.GD.ZS,2.37413128378025,2.40293410901733,2.4307013549238,2.45305914743146,2.64517195633853,2.65245576158903,2.86251954387639,2.77967655484011,2.69120147161229,2.3737116819405,2.23535026726367,2.08176190777138,2.22853990097534,2.13186398257533,1.73951150062383,1.64267916591483,1.31403054512076,1.32976945439704,1.45424797262512,1.30956156651181,1.24553912005675,1.24331050984946,1.22152245478009,1.44865090451425,3.13216297473719
Burkina Faso,BFA,Gini index,SI.POV.GINI,..,..,..,49.9,..,..,..,..,43.3,..,..,..,..,..,39.8,..,..,..,..,35.3,..,..,..,43,..
Burkina Faso,BFA,"Government expenditure on education, total (% of GDP)",SE.XPD.TOTL.GD.ZS,..,1.44026005268097,..,..,..,..,..,..,..,..,3.94113993644714,3.98218989372253,4.07983016967773,..,..,3.50222992897034,3.98515009880066,3.60315990447998,4.08343982696533,4.05329990386963,3.67008996009827,..,5.62846994400024,5.488609790802,5.40713691711426
Burkina Faso,BFA,"Unemployment, total (% of total labor force) (national estimate)",SL.UEM.TOTL.NE.ZS,..,..,..,2.44,..,..,..,..,2.78,..,4,..,3.3,..,..,..,..,..,..,6.481,..,..,..,4.695,..
Burkina Faso,BFA,Military expenditure (% of GDP),MS.MIL.XPND.GD.ZS,1.38304269392664,1.28708847039697,1.41705504471596,1.2763626403725,1.38553138632928,1.23804638062972,1.1555150239697,1.17793497700006,1.0730553376671,1.20700576570117,1.2018948481342,1.11032179719724,1.41572652816375,1.24291260830384,1.35276497598007,1.22478554310235,1.15090529546802,1.17602923102673,1.23608933489025,1.272342619383,1.25078070152992,1.16533289468165,1.36362987115963,1.90502213517644,2.23847580473471
Burundi,BDI,Gini index,SI.POV.GINI,..,..,..,42.3,..,..,..,..,..,..,..,33.4,..,..,..,..,..,..,38.6,..,..,..,..,..,..
Burundi,BDI,"Government expenditure on education, total (% of GDP)",SE.XPD.TOTL.GD.ZS,5.01511001586914,4.08324003219604,..,..,3.41744995117188,2.64547991752625,2.90390992164612,3.00493001937866,..,3.74496006965637,3.632159948349,..,..,5.19290018081665,6.17194986343384,6.77524995803833,6.31925010681152,6.16777992248535,5.99539995193481,6.78452014923096,6.37133979797363,4.69199991226196,4.76202011108398,5.07864999771118,5.34668445587158
Burundi,BDI,"Unemployment, total (% of total labor force) (national estimate)",SL.UEM.TOTL.NE.ZS,..,..,..,..,14,..,..,..,..,..,..,3.185,..,1.634,..,..,..,..,..,1.572,..,..,..,..,..
Burundi,BDI,Military expenditure (% of GDP),MS.MIL.XPND.GD.ZS,4.20907289936566,5.85688491874941,6.35965296132281,6.57227250690963,6.25764365683521,4.86240221311558,6.07173715802774,5.44167885941746,5.53343538949835,4.90326684339249,4.43619004108442,3.51171845179021,3.41459524778307,2.72089052653941,..,..,..,2.5271777075949,2.4824131147541,2.29794559090695,2.13131991459474,2.2431638636818,2.00270990259373,2.14941956621913,2.8078168112503
Cabo Verde,CPV,Gini index,SI.POV.GINI,..,..,..,..,..,..,52.5,..,..,..,..,..,47.2,..,..,..,..,..,..,..,42.4,..,..,..,..
Cabo Verde,CPV,"Government expenditure on education, total (% of GDP)",SE.XPD.TOTL.GD.ZS,..,..,..,6.39176988601685,6.80168008804321,..,..,7.87682008743286,..,7.47664022445679,..,6.52960014343262,4.95981979370117,5.03464984893799,4.86586999893188,5.07658004760742,4.59784984588623,5.39769554138184,4.5615701675415,4.52134990692139,4.80622005462646,4.75475978851318,4.59278011322021,4.78792285919189,4.13851022720337
Cabo Verde,CPV,"Unemployment, total (% of total labor force) (national estimate)",SL.UEM.TOTL.NE.ZS,..,..,..,..,..,..,..,..,..,..,..,..,..,..,13.517,10.67,..,..,..,..,31.313,..,12.24,12.17,11.29
Cabo Verde,CPV,Military expenditure (% of GDP),MS.MIL.XPND.GD.ZS,1.26508085113154,0.8441753102704,0.831007455137562,0.858540442487481,0.838543201162953,1.15402591313906,0.753615197231365,0.665480290001653,0.648753558764804,0.63097843761799,0.649497233340122,0.564741208222978,0.524703169352215,0.601269381910568,0.490877611477521,0.495061946661288,0.523241061205814,0.555765135403484,0.530303913318192,0.540807447335247,0.558982325875004,0.611826929976972,0.530857190097975,0.544850939499566,0.490772924543077
Cambodia,KHM,Gini index,SI.POV.GINI,..,..,..,..,..,..,..,..,..,..,..,..,..,..,..,..,..,..,..,..,..,..,..,..,..
Cambodia,KHM,"Government expenditure on education, total (% of GDP)",SE.XPD.TOTL.GD.ZS,..,..,..,1.25907003879547,..,1.66681003570557,1.72221994400024,1.71121001243591,..,1.71982002258301,..,..,1.59930002689362,..,1.66568005084991,1.53378999233246,1.51068997383118,1.41441452503204,1.48202621936798,1.56673634052277,1.7034615278244,1.87081909179688,2.09646058082581,2.44785928726196,2.82565474510193
Cambodia,KHM,"Unemployment, total (% of total labor force) (national estimate)",SL.UEM.TOTL.NE.ZS,..,0.963,0.638,..,0.039,2.764,2.055,..,0.909,7.53,..,..,1.257,1.64,0.579,0.771,0.577,1.279,0.438,0.692,0.393,0.716,0.141,..,0.499
Cambodia,KHM,Military expenditure (% of GDP),MS.MIL.XPND.GD.ZS,3.57731057861843,3.23845458339129,3.00336116231161,2.66204789979779,2.51002908172038,2.20981320983564,1.77481053144373,1.51961740524652,1.44751885069459,1.29674221175357,1.12757907124746,1.04310007952657,0.914612028223903,0.798217507790995,1.31312799885235,1.49309688090973,1.49778870807033,1.54793982180955,1.57589601364373,1.65679487926764,1.80162262065368,1.90988363021847,2.06735572691024,2.20844242889682,2.19648130355774
Cameroon,CMR,Gini index,SI.POV.GINI,..,44.4,..,..,..,..,42.1,..,..,..,..,..,42.8,..,..,..,..,..,..,46.6,..,..,..,..,..
Cameroon,CMR,"Government expenditure on education, total (% of GDP)",SE.XPD.TOTL.GD.ZS,..,..,..,..,..,1.70284998416901,2.29733991622925,..,2.82259011268616,2.79530000686646,2.65651988983154,2.53991007804871,2.87815999984741,2.49827003479004,2.90790009498596,2.84803009033203,2.65336990356445,2.60306000709534,2.6554799079895,2.58396005630493,2.65791988372803,2.56234002113342,3.05962991714478,3.03096008300781,3.04739952087402
Cameroon,CMR,"Unemployment, total (% of total labor force) (national estimate)",SL.UEM.TOTL.NE.ZS,..,8.06,..,..,..,..,7.46,..,..,..,4.4,..,3.063,..,..,4.11,..,..,..,3.534,..,..,..,..,..
Cameroon,CMR,Military expenditure (% of GDP),MS.MIL.XPND.GD.ZS,1.25164483851881,1.22483788338251,1.30124174610687,1.39650943786737,1.44385239060644,1.32474886472414,1.29036003475657,1.33850675603337,1.3838069976001,1.4016038318718,1.14390062434822,1.22979394296967,1.24159299291596,1.2555907411193,1.23383418917622,1.28837517696819,1.13588889236589,1.17534857560788,1.16504114303499,1.10497962306915,1.09889864309409,1.14642434992604,1.13837382188187,1.07600981816736,1.06457837839838
Canada,CAN,Gini index,SI.POV.GINI,31.5,32.8,33.1,33.2,33.1,33.4,33.6,33.6,33.8,33.8,33.6,34.1,33.8,33.9,34,33.6,32.7,33.5,33.8,33.2,33.7,32.7,33.3,32.5,31.7
Canada,CAN,"Government expenditure on education, total (% of GDP)",SE.XPD.TOTL.GD.ZS,6.30476999282837,..,..,5.49377012252808,5.53079986572266,5.42331981658936,4.95303010940552,4.99308013916016,..,..,4.76588010787964,..,4.7664098739624,4.62612009048462,4.84057998657227,5.356369972229,5.26205015182495,4.69258737564087,4.5890097618103,4.84358978271484,4.7393798828125,4.81642007827759,4.95996999740601,4.8889799118042,4.77293014526367
Canada,CAN,"Unemployment, total (% of total labor force) (national estimate)",SL.UEM.TOTL.NE.ZS,9.489,9.62,9.101,8.279,7.583,6.829,7.219,7.665,7.574,7.185,6.758,6.484,6.156,6.284,8.46,8.178,7.637,7.392,7.143,7.023,6.945,7.038,6.426,5.837,5.69
Canada,CAN,Military expenditure (% of GDP),MS.MIL.XPND.GD.ZS,1.55409007114777,1.40375258106455,1.24624320151167,1.25629390156868,1.24170306410258,1.11434980213748,1.13335628281332,1.11686914736943,1.11193730688338,1.10418939142687,1.10710542420811,1.12252472932052,1.18579022996702,1.24551836677548,1.37755563107525,1.19433833839121,1.19329189549638,1.11840459807104,1.00236720047397,0.989925299438869,1.15270937445521,1.16416156719089,1.35189646465708,1.3176781061648,1.28451224366918
Caribbean small states,CSS,Gini index,SI.POV.GINI,..,..,..,..,..,..,..,..,..,..,..,..,..,..,..,..,..,..,..,..,..,..,..,..,..
Caribbean small states,CSS,"Government expenditure on education, total (% of GDP)",SE.XPD.TOTL.GD.ZS,3.47381496429444,3.463250041008,3.85237503051758,2.43892002105713,2.75611996650696,3.86956000328064,4.22316002845765,4.45911991596222,3.6967248916626,3.91254997253418,4.61641979217529,..,5.49022006988525,6.19131994247437,6.19848012924194,6.37060022354126,6.26664018630981,4.37114381790161,4.46242141723633,4.29359543323516,4.30185985565185,4.54088020324707,4.28120589256287,4.31529986858368,4.38114428520202
Caribbean small states,CSS,"Unemployment, total (% of total labor force) (national estimate)",SL.UEM.TOTL.NE.ZS,15.7249402681262,15.307603989283,15.0968945434633,14.2766837168916,14.0185499308432,..,12.768740110519,12.4624859244661,11.6014258555287,11.0116255148144,10.4215744636062,9.20924981701717,8.42591119870909,6.74802092570476,7.83780272874056,6.69951815845286,7.66059906272039,8.09209479876111,8.6692290897356,7.69320830893932,9.67498658503388,7.47115777273485,..,..,6.26410425742386
Caribbean small states,CSS,Military expenditure (% of GDP),MS.MIL.XPND.GD.ZS,..,..,..,..,..,..,..,..,..,..,..,..,..,..,..,..,..,..,..,..,..,..,..,..,..
Cayman Islands,CYM,Gini index,SI.POV.GINI,..,..,..,..,..,..,..,..,..,..,..,..,..,..,..,..,..,..,..,..,..,..,..,..,..
Cayman Islands,CYM,"Government expenditure on education, total (% of GDP)",SE.XPD.TOTL.GD.ZS,..,..,..,..,..,..,..,..,..,..,..,..,..,..,..,..,..,..,..,..,..,..,..,2.31617879867554,2.21589660644531
Cayman Islands,CYM,"Unemployment, total (% of total labor force) (national estimate)",SL.UEM.TOTL.NE.ZS,4.94,5.1,4.14,4.17,..,..,7.54,5.37,3.61,3.45,3.54,2.62,3.83,3.97,6.04,6.25,6.78,6.21,6.27,4.7,4.24,..,..,..,..
Cayman Islands,CYM,Military expenditure (% of GDP),MS.MIL.XPND.GD.ZS,..,..,..,..,..,..,..,..,..,..,..,..,..,..,..,..,..,..,..,..,..,..,..,..,..
Central African Republic,CAF,Gini index,SI.POV.GINI,..,..,..,..,..,..,..,..,..,..,..,..,..,56.2,..,..,..,..,..,..,..,..,..,..,..
Central African Republic,CAF,"Government expenditure on education, total (% of GDP)",SE.XPD.TOTL.GD.ZS,..,..,..,..,1.69001996517181,1.61265003681183,..,1.5195699930191,1.53980004787445,1.6245299577713,1.65222001075745,1.41506004333496,1.31332004070282,1.29000997543335,1.25458002090454,1.11760997772217,1.10792005062103,1.98034727573395,2.6382143497467,2.22015333175659,1.91022861003876,1.75408899784088,1.75365018844604,1.56587600708008,1.76792073249817
Central African Republic,CAF,"Unemployment, total (% of total labor force) (national estimate)",SL.UEM.TOTL.NE.ZS,..,..,..,..,..,..,..,..,..,..,..,..,..,..,..,..,..,..,..,..,..,..,..,..,..
Central African Republic,CAF,Military expenditure (% of GDP),MS.MIL.XPND.GD.ZS,1.16678191990947,1.21019207119553,..,..,..,..,..,1.08695556960344,1.26385440119305,1.15308800406955,1.08975993344158,..,1.0890772448248,1.54988099383057,1.74797074081845,2.40996017514635,2.04840124780659,1.70284520206217,2.83390827023391,2.02965439546462,1.57531677890907,1.47163796004867,1.34269739488284,1.34036392144962,1.78995351694328
Central Europe and the Baltics,CEB,Gini index,SI.POV.GINI,..,..,..,..,..,..,..,..,..,..,..,..,..,..,..,..,..,..,..,..,..,..,..,..,..
Central Europe and the Baltics,CEB,"Government expenditure on education, total (% of GDP)",SE.XPD.TOTL.GD.ZS,4.64233493804932,4.33475017547607,..,4.94200992584229,4.57943487167358,4.9839301109314,5.22845983505249,5.17923021316528,5.05714988708496,4.83406019210815,4.81026983261108,4.82572984695435,4.59521007537842,4.83990001678467,4.94636011123657,4.72375011444092,4.5631799697876,4.71772003173828,4.53844022750854,4.48657989501953,4.81700992584229,4.65749979019165,4.07527017593384,4.24356985092163,4.27319002151489
Central Europe and the Baltics,CEB,"Unemployment, total (% of total labor force) (national estimate)",SL.UEM.TOTL.NE.ZS,10.6840150293964,10.1988370870958,9.20235059482713,9.01768680122935,10.4176276830085,12.4213826164116,14.3309716044843,14.9831519779323,13.0006847345941,12.9208540746029,12.0601595505283,10.1054446963892,7.81111399813188,6.60659148105123,8.48618728071069,9.89852171467373,9.78925887607786,9.97937191003944,10.0481870905186,8.86413733524672,7.82265664366544,6.49345477676331,5.29764711939543,4.31558554732781,3.78084720704764
Central Europe and the Baltics,CEB,Military expenditure (% of GDP),MS.MIL.XPND.GD.ZS,2.36445150416875,2.24218436870771,2.2495060560166,2.11615943354186,1.95345668819319,1.86018590455965,1.89143685281556,1.89363226104125,1.85924750541237,1.75198887280994,1.77333385477995,1.69399550711602,1.65137074833223,1.52940155205756,1.52104633662758,1.47184210969989,1.40237498470277,1.39052290268372,1.37775454985255,1.42254456493222,1.53380830217284,1.48544025385293,1.53586596195766,1.62851845015734,1.75752213452142
Chad,TCD,Gini index,SI.POV.GINI,..,..,..,..,..,..,..,..,39.8,..,..,..,..,..,..,..,43.3,..,..,..,..,..,..,37.5,..
Chad,TCD,"Government expenditure on education, total (% of GDP)",SE.XPD.TOTL.GD.ZS,..,..,2.27335000038147,1.64902997016907,3.22785997390747,2.64670991897583,2.42614006996155,..,..,1.59294998645782,1.69476997852325,..,..,..,2.31173992156982,1.98194003105164,2.25789999961853,2.20615005493164,2.85070991516113,2.32031226158142,2.3428316116333,2.38847589492798,2.45481991767883,2.25947499275208,2.37245798110962
Chad,TCD,"Unemployment, total (% of total labor force) (national estimate)",SL.UEM.TOTL.NE.ZS,..,..,..,..,..,..,..,..,..,..,..,..,..,..,..,..,..,..,..,..,..,..,..,1.135,..
Chad,TCD,Military expenditure (% of GDP),MS.MIL.XPND.GD.ZS,1.38561729250381,1.54463634152274,1.07586512866016,0.922957349655105,1.36522383320986,1.3620450030422,1.35402165588386,1.52447483755413,1.32252272877559,1.01162497281495,0.831977970064711,2.99562653940135,4.48594875771691,5.88515226380614,7.95566172225369,5.76493287727989,5.01009681659458,..,5.59231305484892,2.80651400580688,2.01882184522788,3.03647373488254,2.19725711802673,2.29501121325841,2.13540448781191
Channel Islands,CHI,Gini index,SI.POV.GINI,..,..,..,..,..,..,..,..,..,..,..,..,..,..,..,..,..,..,..,..,..,..,..,..,..
Channel Islands,CHI,"Government expenditure on education, total (% of GDP)",SE.XPD.TOTL.GD.ZS,..,..,..,..,..,..,..,..,..,..,..,..,..,..,..,..,..,..,..,..,..,..,..,..,..
Channel Islands,CHI,"Unemployment, total (% of total labor force) (national estimate)",SL.UEM.TOTL.NE.ZS,..,..,..,..,..,..,..,..,..,..,..,..,..,..,..,..,..,..,..,..,..,..,..,..,..
Channel Islands,CHI,Military expenditure (% of GDP),MS.MIL.XPND.GD.ZS,..,..,..,..,..,..,..,..,..,..,..,..,..,..,..,..,..,..,..,..,..,..,..,..,..
Chile,CHL,Gini index,SI.POV.GINI,..,54.9,..,55.5,..,52.8,..,..,51.5,..,..,47.3,..,..,47,..,46,..,45.8,..,44.4,..,44.4,..,..
Chile,CHL,"Government expenditure on education, total (% of GDP)",SE.XPD.TOTL.GD.ZS,2.56469988822937,2.77720999717712,2.98516988754272,3.32312989234924,3.7083899974823,3.75707006454468,..,4.04881000518799,3.91868996620178,3.54307007789612,3.28016996383667,3.04014992713928,3.2331600189209,3.79189991950989,4.25475978851318,4.18953990936279,4.0617299079895,4.54170417785645,4.54814004898071,4.75167989730835,4.90390014648438,5.3664698600769,5.43278980255127,5.473060131073,5.61996984481812
Chile,CHL,"Unemployment, total (% of total labor force) (national estimate)",SL.UEM.TOTL.NE.ZS,4.7,7.414,7.136,7.307,11.158,10.491,10.39,10.168,9.765,10.162,9.34,9.024,8.427,9.285,11.313,8.547,7.492,6.79,6.361,6.761,6.605,6.926,7.29,7.647,7.533
Chile,CHL,Military expenditure (% of GDP),MS.MIL.XPND.GD.ZS,2.56206462916649,2.44932089847955,2.49820192394138,2.58983722621321,2.7136315935113,2.68861588559481,2.64704915196781,2.53154294246795,2.70297150997137,2.71229040717924,2.53476299282486,2.50608214331462,2.33098063414723,2.58365225907913,2.27650786809373,2.25424091461721,2.2636127719888,2.04588025146131,1.99462247217943,1.96710687686468,1.90962335490079,1.92415844831483,1.94059253045695,1.87761395663911,1.86200539727185
China,CHN,Gini index,SI.POV.GINI,..,35.2,..,..,38.7,..,..,42,..,..,40.9,..,..,43,..,43.7,42.4,42.2,39.7,39.2,38.6,38.5,39.1,38.5,38.2
China,CHN,"Government expenditure on education, total (% of GDP)",SE.XPD.TOTL.GD.ZS,1.84192001819611,1.85338997840881,..,1.84432995319366,1.88803994655609,..,..,..,..,..,..,..,2.70073485374451,3.63178825378418,3.75152206420898,3.75464248657227,3.52196502685547,3.94409418106079,3.71047639846802,3.58033418655396,3.81382989883423,3.76111555099487,3.66745042800903,3.54249453544617,3.54105472564697
China,CHN,"Unemployment, total (% of total labor force) (national estimate)",SL.UEM.TOTL.NE.ZS,2.9,3,3.1,3.1,3.1,3.707,3.6,4,4.3,4.2,4.2,4.1,4,4.2,4.3,4.1,4.1,4.1,4.05,4.1,..,..,3.9,4.93,5.15
China,CHN,Military expenditure (% of GDP),MS.MIL.XPND.GD.ZS,1.68623388691537,1.65272667000964,1.63265067284541,1.65508069090551,1.87146591412577,1.83575968454189,1.98308624365796,2.05936465293746,1.99628893565843,1.93850823279804,1.87185802294835,1.8695916362794,1.75016458545192,1.71604254580499,1.89352379603523,1.73351986212832,1.65908251595704,1.70094267160117,1.7143409229625,1.73840928794394,1.77677106896806,1.7688865902507,1.71124264388853,1.67357820944542,1.68291101151296
Colombia,COL,Gini index,SI.POV.GINI,..,56.9,..,..,58.7,58.7,57.5,56,53.6,55,53.9,..,..,55.3,54.3,54.6,53.5,52.6,52.6,52.6,51,50.6,49.7,50.4,51.3
Colombia,COL,"Government expenditure on education, total (% of GDP)",SE.XPD.TOTL.GD.ZS,..,..,..,3.92644000053406,4.44080018997192,3.5112099647522,3.70867991447449,4.26812982559204,4.32513999938965,4.07934999465942,4.02098989486694,3.91671991348267,4.08301019668579,3.9387800693512,4.77651977539062,4.83382987976074,4.46608018875122,4.37038993835449,4.87855005264282,4.62945985794067,4.47038984298706,4.47721004486084,4.53551006317139,4.44910001754761,4.51069021224976
Colombia,COL,"Unemployment, total (% of total labor force) (national estimate)",SL.UEM.TOTL.NE.ZS,8.72,11.81,12.14,15,20.06,20.52,15.04,14.481,13.221,13.717,11.062,..,11.204,11.273,12.066,11.153,10.288,9.959,9.246,8.799,8.572,8.922,9.086,9.36,10.28
Colombia,COL,Military expenditure (% of GDP),MS.MIL.XPND.GD.ZS,2.83162658057701,4.44539325396431,2.80178788575936,3.44098574204708,3.76274205786296,3.03168353865852,3.32387281880532,3.41712762358197,3.46398869081496,3.46501517406307,3.37467969392646,3.29582499135229,3.28630170949445,3.73724698565115,3.88696383706353,3.63691504613462,3.07710698906549,3.15600586340429,3.27226285651869,3.10825884811044,3.10996008410671,3.07113102611539,3.20809672439436,3.0332327385044,3.14565669372153
Comoros,COM,Gini index,SI.POV.GINI,..,..,..,..,..,..,..,..,..,55.9,..,..,..,..,..,..,..,..,..,45.3,..,..,..,..,..
Comoros,COM,"Government expenditure on education, total (% of GDP)",SE.XPD.TOTL.GD.ZS,..,..,..,2.20135998725891,..,..,..,2.25841999053955,..,..,..,..,..,4.42264986038208,..,..,2.8304500579834,2.74783992767334,2.3827600479126,2.74472999572754,2.5450599193573,..,..,..,..
Comoros,COM,"Unemployment, total (% of total labor force) (national estimate)",SL.UEM.TOTL.NE.ZS,..,..,..,..,..,..,..,..,..,4.571,..,..,..,..,..,..,..,..,..,8.143,..,..,..,..,..
Comoros,COM,Military expenditure (% of GDP),MS.MIL.XPND.GD.ZS,..,..,..,..,..,..,..,..,..,..,..,..,..,..,..,..,..,..,..,..,..,..,..,..,..
"Congo, Dem. Rep.",COD,Gini index,SI.POV.GINI,..,..,..,..,..,..,..,..,..,42.2,..,..,..,..,..,..,..,42.1,..,..,..,..,..,..,..
"Congo, Dem. Rep.",COD,"Government expenditure on education, total (% of GDP)",SE.XPD.TOTL.GD.ZS,..,..,..,..,..,..,..,..,..,..,..,..,..,..,..,1.5249799489975,..,..,2.06221008300781,1.95142996311188,2.17043995857239,2.1186900138855,1.45494997501373,..,..
"Congo, Dem. Rep.",COD,"Unemployment, total (% of total labor force) (national estimate)",SL.UEM.TOTL.NE.ZS,..,..,..,..,..,..,..,..,..,..,2.948,..,..,..,..,..,..,4.485,..,..,..,..,..,..,..
"Congo, Dem. Rep.",COD,Military expenditure (% of GDP),MS.MIL.XPND.GD.ZS,..,1.5468010910472,1.41085112381148,0.428454161411096,1.15815066378512,0.220260772572306,..,..,0.880645710714365,1.33660438482268,1.38079545825312,1.419205358118,1.22612428688611,0.808542543768538,0.656239765021042,0.851731339135211,0.924109080327308,1.13455027573242,1.1461779767659,0.950247139541403,1.29563974884727,1.06610820875977,0.770467135721514,0.623912514687135,0.700795464424695
"Congo, Rep.",COG,Gini index,SI.POV.GINI,..,..,..,..,..,..,..,..,..,..,47.3,..,..,..,..,..,48.9,..,..,..,..,..,..,..,..
"Congo, Rep.",COG,"Government expenditure on education, total (% of GDP)",SE.XPD.TOTL.GD.ZS,4.91033983230591,..,..,4.06827020645142,..,..,..,3.20831990242004,2.8361599445343,2.28813004493713,1.6810200214386,..,..,..,..,5.6867299079895,2.64652967453003,2.73923063278198,5.01388120651245,3.1837100982666,3.28257989883423,5.21051597595215,4.45052003860474,2.99548006057739,3.55946898460388
"Congo, Rep.",COG,"Unemployment, total (% of total labor force) (national estimate)",SL.UEM.TOTL.NE.ZS,..,..,..,..,..,..,..,..,..,..,19.796,..,..,..,19.86,..,..,10,..,..,..,..,..,..,..
"Congo, Rep.",COG,Military expenditure (% of GDP),MS.MIL.XPND.GD.ZS,..,..,..,..,..,..,1.79222454052521,2.12335238350685,2.43229339855318,2.44017990277083,1.51813794092809,1.56934291857187,1.9162889436872,1.79027941022784,..,1.6625904477394,..,..,2.04447551898046,3.94035726748698,..,4.94273981879824,3.38425588569075,2.14338895638622,2.34540553524246
Costa Rica,CRI,Gini index,SI.POV.GINI,45.7,46.5,45.6,45.7,47.7,47.4,51.5,51.8,49.3,48.4,47.5,49.3,49.3,48.6,50.6,48,48.8,48.4,49.2,48.6,48.4,48.7,48.3,48,48.2
Costa Rica,CRI,"Government expenditure on education, total (% of GDP)",SE.XPD.TOTL.GD.ZS,3.35272002220154,3.89071989059448,..,..,5.39436006546021,4.66695022583008,4.83202981948853,5.15044021606445,5.13373994827271,4.89062976837158,..,4.61613988876343,4.6345100402832,4.88697004318237,6.01030015945435,6.56574010848999,6.37988996505737,6.58239984512329,6.68739986419678,6.67952013015747,6.87349987030029,6.89395999908447,7.06980991363525,6.76991987228394,6.73808002471924
Costa Rica,CRI,"Unemployment, total (% of total labor force) (national estimate)",SL.UEM.TOTL.NE.ZS,..,..,..,..,..,..,6.051,6.396,6.654,6.445,6.749,5.926,4.557,4.934,7.824,7.171,9.518,9.11,8.218,8.499,8.415,8.085,7.729,9.01,10.807
Costa Rica,CRI,Military expenditure (% of GDP),MS.MIL.XPND.GD.ZS,..,..,..,..,..,..,..,..,..,..,..,..,..,..,..,..,..,..,..,..,..,..,..,..,..
Cote d'Ivoire,CIV,Gini index,SI.POV.GINI,40.6,..,..,39,..,..,..,41.3,..,..,..,..,..,43.2,..,..,..,..,..,..,41.5,..,..,37.2,..
Cote d'Ivoire,CIV,"Government expenditure on education, total (% of GDP)",SE.XPD.TOTL.GD.ZS,4.3014497756958,2.72476005554199,2.61811995506287,2.43498992919922,2.68529009819031,2.40031003952026,2.44477009773254,2.81048011779785,2.86437010765076,2.91176009178162,2.91944003105164,2.8199999332428,3.01613998413086,3.09853005409241,3.1739399433136,3.24651002883911,2.86576008796692,3.4344699382782,3.45860004425049,3.31416988372803,3.49412989616394,3.93593001365662,3.73654007911682,3.21164989471436,3.44067001342773
Cote d'Ivoire,CIV,"Unemployment, total (% of total labor force) (national estimate)",SL.UEM.TOTL.NE.ZS,4.1,..,..,4.1,..,..,..,..,..,..,..,..,..,..,..,..,..,7.223,4.255,..,..,1.896,3.273,..,2.401
Cote d'Ivoire,CIV,Military expenditure (% of GDP),MS.MIL.XPND.GD.ZS,..,0.611814463966836,0.577204483263576,..,..,..,..,..,1.0067518242091,1.09607344304215,1.05806530751568,1.08657956101875,1.1508330294867,1.1017046812579,1.25173572577555,1.12710510056221,1.00705786228658,1.10066387533087,0.995019119922897,1.06778466016063,1.24392724695093,1.25737962390348,0.983197802304189,1.04836823083765,0.915612640909431
Croatia,HRV,Gini index,SI.POV.GINI,..,..,..,..,..,..,..,..,..,..,..,..,..,..,32.6,32.4,32.3,32.5,32,32.1,31.1,30.9,30.4,29.7,28.9
Croatia,HRV,"Government expenditure on education, total (% of GDP)",SE.XPD.TOTL.GD.ZS,..,..,..,..,..,6.112708568573,5.68086528778076,3.82300996780396,3.86901998519897,3.82214999198914,5.36704969406128,5.00697135925293,3.97731995582581,4.28681993484497,4.3888897895813,4.22721004486084,4.12564992904663,5.22161388397217,4.53844022750854,5.17615127563477,4.96908521652222,4.89622449874878,3.88921999931335,3.94578003883362,3.95437002182007
Croatia,HRV,"Unemployment, total (% of total labor force) (national estimate)",SL.UEM.TOTL.NE.ZS,..,9.68,9.71,11.392,13.559,16.064,20.46,15.053,13.924,13.664,12.598,11.13,9.909,8.53,9.202,11.62,13.678,15.935,17.251,17.29,16.175,13.103,11.208,8.432,6.617
Croatia,HRV,Military expenditure (% of GDP),MS.MIL.XPND.GD.ZS,9.17569132270808,8.16321470358059,7.52158642382081,5.59525129683707,4.41637693322144,3.02098660264849,2.70460855366516,2.70984361143565,2.02770104358502,1.74186592099339,1.74564360143634,1.67011885636533,1.61679762549879,1.8317261289334,1.78982105089475,1.68119004403669,1.75156707309848,1.67035771818299,1.62500930184102,1.82318151586821,1.76057668551165,1.60035063862307,1.64359280793866,1.55248991956117,1.60930358927584
Cuba,CUB,Gini index,SI.POV.GINI,..,..,..,..,..,..,..,..,..,..,..,..,..,..,..,..,..,..,..,..,..,..,..,..,..
Cuba,CUB,"Government expenditure on education, total (% of GDP)",SE.XPD.TOTL.GD.ZS,..,..,..,6.20873022079468,6.75523996353149,7.70481014251709,8.3580904006958,9.57116985321045,9.9408597946167,10.2682304382324,10.5577802658081,9.05716991424561,11.8682098388672,14.0590801239014,13.1248598098755,12.8373098373413,..,11.5516605377197,10.6716957092285,9.6074686050415,8.96333694458008,9.01313304901123,..,..,9.04696941375732
Cuba,CUB,"Unemployment, total (% of total labor force) (national estimate)",SL.UEM.TOTL.NE.ZS,8.27,7.61,7.1,6.23,6.26,5.45,4.08,3.31,2.33,1.854,1.95,1.913,1.788,1.583,1.67,2.5,3.18,3.46,3.29,2.7,2.4,2,1.7,1.7,..
Cuba,CUB,Military expenditure (% of GDP),MS.MIL.XPND.GD.ZS,..,..,..,..,..,..,..,..,..,..,..,..,..,..,3.38096005154639,3.32685611242383,3.08450500072474,3.93759997812444,3.51272878104423,3.53600476096013,3.08379144526184,3.07218792501319,2.87240323946139,2.87620737245072,..
Curacao,CUW,Gini index,SI.POV.GINI,..,..,..,..,..,..,..,..,..,..,..,..,..,..,..,..,..,..,..,..,..,..,..,..,..
Curacao,CUW,"Government expenditure on education, total (% of GDP)",SE.XPD.TOTL.GD.ZS,..,..,..,..,..,..,..,..,..,..,..,..,..,..,..,..,..,6.29371309280396,5.10559988021851,..,7.36069011688232,7.23445272445679,..,6.81298160552979,6.62462139129639
Curacao,CUW,"Unemployment, total (% of total labor force) (national estimate)",SL.UEM.TOTL.NE.ZS,..,..,..,..,..,..,..,..,..,..,..,..,..,..,..,..,9.78,..,13.03,12.61,11.71,..,..,13.43,..
Curacao,CUW,Military expenditure (% of GDP),MS.MIL.XPND.GD.ZS,..,..,..,..,..,..,..,..,..,..,..,..,..,..,..,..,..,..,..,..,..,..,..,..,..
Cyprus,CYP,Gini index,SI.POV.GINI,..,..,..,..,..,..,..,..,..,30.1,30.3,31.1,31.1,31.7,32.1,31.5,32.6,34.3,37,35.6,34,32.9,31.4,32.7,31.2
Cyprus,CYP,"Government expenditure on education, total (% of GDP)",SE.XPD.TOTL.GD.ZS,3.74123001098633,..,..,..,4.7720799446106,4.98954010009766,5.11552000045776,5.58166980743408,6.6702299118042,6.11772012710571,6.28667020797729,6.3302698135376,6.28082990646362,6.72276020050049,7.2054500579834,6.52559995651245,6.52042007446289,5.91185474395752,6.46747016906738,6.42111015319824,6.30491018295288,6.11811017990112,5.69961977005005,5.0396294593811,5.21296977996826
Cyprus,CYP,"Unemployment, total (% of total labor force) (national estimate)",SL.UEM.TOTL.NE.ZS,2.6,3.1,3.4,3.3,5.532,4.766,3.45,3.336,4.153,4.77,5.481,4.593,3.946,3.756,5.594,6.36,10.99,12.097,16.131,16.277,15.026,13.006,11.155,8.504,7.155
Cyprus,CYP,Military expenditure (% of GDP),MS.MIL.XPND.GD.ZS,3.04103421492608,4.52471482889734,5.573910769889,4.67631794591642,2.73385096955161,2.82209015133954,3.15322215947894,2.1301607353618,1.98516312435716,1.9557691617927,2.03746974323698,1.8999978625024,1.68459965831751,1.62970494449745,1.81681950779024,1.85292455056688,1.73783209097559,1.65475170209627,1.60700908951525,1.54260195978916,1.64766762744388,1.40455761221209,1.56810293907547,1.76054591686911,1.78674474437728
Czechia,CZE,Gini index,SI.POV.GINI,..,25.8,..,..,..,..,..,26.6,..,27.5,26.9,26.7,26,26.3,26.2,26.6,26.4,26.1,26.5,25.9,25.9,25.4,24.9,25,25.3
Czechia,CZE,"Government expenditure on education, total (% of GDP)",SE.XPD.TOTL.GD.ZS,4.51754999160767,4.24490976333618,..,3.58012008666992,3.66753005981445,3.64034008979797,3.73283004760742,3.95878005027771,4.11728000640869,3.99238991737366,3.86591005325317,4.1955099105835,3.84717988967896,3.7271900177002,4.1460599899292,4.03350019454956,4.24209022521973,4.22070980072021,4.04676008224487,3.96522998809814,5.75182008743286,5.55373001098633,3.80615997314453,4.26605987548828,4.54246997833252
Czechia,CZE,"Unemployment, total (% of total labor force) (national estimate)",SL.UEM.TOTL.NE.ZS,4.083,3.852,4.674,6.455,8.702,8.764,8.128,7.281,7.777,8.298,7.927,7.141,5.316,4.393,6.662,7.281,6.712,6.979,6.953,6.108,5.048,3.952,2.893,2.246,2.015
Czechia,CZE,Military expenditure (% of GDP),MS.MIL.XPND.GD.ZS,1.84362277299769,1.73190468756652,1.66204579070562,1.82593182035358,1.85906992321232,1.87735695616487,1.75124955758828,1.82440696826275,1.8927640441762,1.71370317302129,1.77882220026108,1.5678353362801,1.42371628899144,1.2324715671579,1.31056414250743,1.19477218141337,1.07783649896869,1.0632168166006,1.01508371972557,0.966227818064756,0.946582095560622,0.996128102620186,0.956655421726352,1.08844948058138,1.15229255021758
Denmark,DNK,Gini index,SI.POV.GINI,23,..,..,..,..,23.8,..,..,25.6,24.9,25.2,25.9,26.2,25.2,26.7,27.2,27.3,27.8,28.5,28.4,28.2,28.2,28.7,28.2,27.7
Denmark,DNK,"Government expenditure on education, total (% of GDP)",SE.XPD.TOTL.GD.ZS,7.47103977203369,7.8849401473999,..,8.10674953460693,7.93115997314453,8.08434009552002,8.21545028686523,8.2130298614502,8.12193012237549,8.2076301574707,8.08557033538818,7.72990989685059,7.61560010910034,7.47604990005493,8.44888019561768,8.55955028533936,8.48486042022705,7.23782014846802,8.49442958831787,7.634850025177,7.01041460037231,7.4769401550293,7.11585998535156,7.00015020370483,6.9096999168396
Denmark,DNK,"Unemployment, total (% of total labor force) (national estimate)",SL.UEM.TOTL.NE.ZS,6.992,6.844,5.4,5.039,5.142,4.476,4.164,4.274,4.19,5.204,4.83,3.897,3.801,3.683,6.409,7.747,7.769,7.798,7.384,6.925,6.278,5.989,5.833,5.131,5.018
Denmark,DNK,Military expenditure (% of GDP),MS.MIL.XPND.GD.ZS,1.6853146650741,1.64481665845606,1.61596120506505,1.60802638812534,1.56485472255403,1.45744405054744,1.53238072045298,1.50814985204971,1.46685124979903,1.42370423392813,1.31148849991359,1.37749201363591,1.30724682939246,1.35500459027372,1.35017862531649,1.3986217868925,1.31353128527572,1.35181897255939,1.22725200034691,1.14927328634589,1.11144601158659,1.14763761681092,1.13823325447046,1.27753927185212,1.29509238115422
Djibouti,DJI,Gini index,SI.POV.GINI,..,..,..,..,..,..,..,40,..,..,..,..,..,..,..,..,..,45.1,44.1,..,..,..,41.6,..,..
Djibouti,DJI,"Government expenditure on education, total (% of GDP)",SE.XPD.TOTL.GD.ZS,..,..,..,..,7.62947988510132,9.65999984741211,7.80542993545532,8.44760036468506,8.88984966278076,9.26467037200928,8.36588954925537,8.27877998352051,8.40625,..,..,4.49022006988525,..,6.35127544403076,4.64782524108887,4.38407516479492,3.59894990921021,3.92226004600525,3.73344993591309,3.75143003463745,..
Djibouti,DJI,"Unemployment, total (% of total labor force) (national estimate)",SL.UEM.TOTL.NE.ZS,..,..,..,..,..,..,..,..,..,..,..,..,..,..,..,..,..,..,..,..,..,..,26.064,..,..
Djibouti,DJI,Military expenditure (% of GDP),MS.MIL.XPND.GD.ZS,5.79164602938749,5.08047879345913,5.47498607759421,5.6508745401074,5.47808971304258,5.06910119132427,..,..,..,5.60717905405405,4.50775678258952,4.58763424043374,2.90107489253439,2.62758252462798,..,..,..,..,..,..,..,..,..,..,..
Dominica,DMA,Gini index,SI.POV.GINI,..,..,..,..,..,..,..,..,..,..,..,..,..,..,..,..,..,..,..,..,..,..,..,..,..
Dominica,DMA,"Government expenditure on education, total (% of GDP)",SE.XPD.TOTL.GD.ZS,..,..,..,5.73984003067017,4.02858018875122,..,..,..,..,..,..,..,..,..,..,..,..,4.39310455322266,4.46448278427124,4.52459239959717,3.40858006477356,5.12971973419189,4.76675081253052,5.15360450744629,5.53449010848999
Dominica,DMA,"Unemployment, total (% of total labor force) (national estimate)",SL.UEM.TOTL.NE.ZS,..,..,23.18,..,15.67,..,10.96,..,..,..,..,..,..,..,..,..,..,..,..,..,..,..,..,..,..
Dominica,DMA,Military expenditure (% of GDP),MS.MIL.XPND.GD.ZS,..,..,..,..,..,..,..,..,..,..,..,..,..,..,..,..,..,..,..,..,..,..,..,..,..
Dominican Republic,DOM,Gini index,SI.POV.GINI,..,47.4,48.9,..,..,51.5,50,49.7,52.1,52.1,50,52,48.9,48.1,48.9,47.3,47.7,46.1,47.7,44.3,45.2,45.7,42.2,43.7,41.9
Dominican Republic,DOM,"Government expenditure on education, total (% of GDP)",SE.XPD.TOTL.GD.ZS,1.0333000421524,1.22724997997284,..,..,..,1.88829004764557,1.96782994270325,1.9140100479126,1.84465003013611,..,..,..,2.04678988456726,..,..,..,..,..,3.62818145751953,3.62243437767029,3.6040027141571,3.85049557685852,3.9202675819397,3.91821074485779,4.04276895523071
Dominican Republic,DOM,"Unemployment, total (% of total labor force) (national estimate)",SL.UEM.TOTL.NE.ZS,..,..,..,..,..,6.432,7.262,13.79,6.938,6.303,6.587,5.655,5.158,4.764,5.467,5.212,6.087,6.722,7.352,6.719,7.605,7.284,5.832,5.861,6.356
Dominican Republic,DOM,Military expenditure (% of GDP),MS.MIL.XPND.GD.ZS,0.549477867602509,0.633651609977827,0.796926406823975,0.780062374149808,0.81624388755279,1.03009647155323,1.21349605211345,1.05891921128922,0.764145027120822,0.687618052138186,0.766536371799736,0.683423360678412,0.62761905715381,0.699861657175699,0.667461170274579,0.6675317048534,0.602928060143009,0.653151461976632,0.611824773045351,0.651437855543241,0.643674978238558,0.63403055291349,0.6660634439633,0.693991110098086,0.689583104134605
Early-demographic dividend,EAR,Gini index,SI.POV.GINI,..,..,..,..,..,..,..,..,..,..,..,..,..,..,..,..,..,..,..,..,..,..,..,..,..
Early-demographic dividend,EAR,"Government expenditure on education, total (% of GDP)",SE.XPD.TOTL.GD.ZS,..,..,..,..,4.11037015914917,3.90509998798371,4.10587978363037,4.01734018325806,4.16870021820068,3.5786600112915,..,4.20910000801087,3.6185849905014,4.12538993358612,4.42207002639771,4.02741503715515,4.07831501960754,4.40412497520446,4.42167997360229,4.08329010009766,3.96933007240295,3.88637781143188,3.93130993843079,3.75143003463745,3.48775553703308
Early-demographic dividend,EAR,"Unemployment, total (% of total labor force) (national estimate)",SL.UEM.TOTL.NE.ZS,..,..,..,..,..,5.39924704068765,..,..,..,..,8.07393956905431,..,..,..,..,4.88747967322467,..,4.95689667614491,..,..,..,..,..,6.95629833463036,6.3491939634494
Early-demographic dividend,EAR,Military expenditure (% of GDP),MS.MIL.XPND.GD.ZS,2.78020484642946,2.65258398077053,2.77038703210035,2.84942087018635,2.69580491106363,2.58428960441219,2.5788237122951,2.54349808371308,2.50962519707487,2.43215423374358,2.39006771035737,2.2976052434369,2.2848592225026,2.25731497094632,2.55958845764674,2.35431295690358,2.19547458835923,2.28100107223648,2.39043120978698,2.53407689626917,2.63155718930405,2.42878694708884,2.44212288671881,2.39688176012415,2.33097738334029
East Asia & Pacific,EAS,Gini index,SI.POV.GINI,..,..,..,..,..,..,..,..,..,..,..,..,..,..,..,..,..,..,..,..,..,..,..,..,..
East Asia & Pacific,EAS,"Government expenditure on education, total (% of GDP)",SE.XPD.TOTL.GD.ZS,3.04020500183105,..,..,..,..,4.17209994792938,3.54249000549316,3.86491990089417,..,3.65276002883911,..,..,3.17887997627258,3.50850009918213,3.88776075839996,3.59951996803284,3.60527992248535,3.64741992950439,3.76031994819641,3.56207001209259,3.58360004425049,3.56997132301331,3.44198906421661,3.31080508232117,3.3557915687561
East Asia & Pacific,EAS,"Unemployment, total (% of total labor force) (national estimate)",SL.UEM.TOTL.NE.ZS,3.10546207134257,3.26543535479867,3.35600059178357,3.70208238625238,3.77373320726145,4.14358085282873,3.89484214701633,4.29523112509423,4.37571701920433,4.35656616866009,4.45368425605243,4.33798451188899,4.15707767975,4.32113781003971,4.28099759993013,4.01064467014637,3.91256276391222,3.83039817193725,3.76116011090102,3.76110602373102,..,..,3.52211024369837,4.19038496558793,4.21415301452262
East Asia & Pacific,EAS,Military expenditure (% of GDP),MS.MIL.XPND.GD.ZS,1.39808939122222,1.43170573840204,1.44259255445291,1.40777689340688,1.40782254264289,1.35020330142254,1.41603439732352,1.45367200394766,1.45407827317107,1.43432532126262,1.44902307744217,1.47605152312755,1.47871072951,1.47208587185775,1.57400825791058,1.4854677863057,1.47034988665298,1.49536249601135,1.54511067334357,1.58507525025942,1.63630365493824,1.60942752061567,1.57942452402221,1.56348178375143,1.57074307983025
East Asia & Pacific (excluding high income),EAP,Gini index,SI.POV.GINI,..,..,..,..,..,..,..,..,..,..,..,..,..,..,..,..,..,..,..,..,..,..,..,..,..
East Asia & Pacific (excluding high income),EAP,"Government expenditure on education, total (% of GDP)",SE.XPD.TOTL.GD.ZS,2.25295501947403,2.68665993213653,3.51327002048493,..,..,4.20893001556396,2.92463994026184,2.89222002029419,..,2.74847006797791,..,..,3.06133496761322,3.57014417648316,3.80673098564148,3.75464248657227,3.65109753608704,3.77050626277923,3.76743745803833,3.54012298583984,3.58360004425049,3.56997132301331,3.44198906421661,3.24653208255768,3.08499836921692
East Asia & Pacific (excluding high income),EAP,"Unemployment, total (% of total labor force) (national estimate)",SL.UEM.TOTL.NE.ZS,3.05735550642188,3.22526335111774,3.32058869156572,3.54425268269662,3.59691135098444,4.0690353553095,3.78349251167815,4.20510965944313,4.30836763818688,4.33085188886968,4.46697559983667,4.3702062815961,4.20130850748712,4.38296491060565,4.22533989221814,3.93765403973932,3.87796338485753,3.80249917342991,3.74403797493185,3.75887475594937,..,..,3.53186347284563,4.2983133339333,4.33959802752366
East Asia & Pacific (excluding high income),EAP,Military expenditure (% of GDP),MS.MIL.XPND.GD.ZS,1.81906447350996,1.75655594564545,1.71869149388134,1.630159805722,1.74900097394597,1.67412718484185,1.79854995986693,1.85381831662743,1.84373055582513,1.77694574174737,1.70164270898496,1.68428207225991,1.62880939825882,1.60042282940324,1.75537530918134,1.59662419417751,1.54393458523973,1.59718362285758,1.63869249251066,1.65434667930196,1.70489877073958,1.6864201379658,1.63504215853018,1.59051574283774,1.57953479375177
East Asia & Pacific (IDA & IBRD countries),TEA,Gini index,SI.POV.GINI,..,..,..,..,..,..,..,..,..,..,..,..,..,..,..,..,..,..,..,..,..,..,..,..,..
East Asia & Pacific (IDA & IBRD countries),TEA,"Government expenditure on education, total (% of GDP)",SE.XPD.TOTL.GD.ZS,2.25295501947403,2.68665993213653,3.51327002048493,..,..,4.20893001556396,2.92463994026184,2.89222002029419,..,2.74847006797791,..,..,3.06133496761322,3.57014417648316,3.80673098564148,3.75464248657227,3.65109753608704,3.77050626277923,3.76743745803833,3.54012298583984,3.58360004425049,3.56997132301331,3.44198906421661,3.24653208255768,3.08499836921692
East Asia & Pacific (IDA & IBRD countries),TEA,"Unemployment, total (% of total labor force) (national estimate)",SL.UEM.TOTL.NE.ZS,3.05735550642188,3.22526335111774,3.32058869156572,3.54425268269662,3.59691135098444,4.0690353553095,3.78349251167815,4.20510965944313,4.30836763818688,4.33085188886968,4.46697559983667,4.3702062815961,4.20130850748711,4.38296491060565,4.22533989221814,3.93765403973932,3.87796338485753,3.80249917342991,3.74403797493185,3.75887475594937,..,..,3.53186347284563,4.2983133339333,4.33959802752366
East Asia & Pacific (IDA & IBRD countries),TEA,Military expenditure (% of GDP),MS.MIL.XPND.GD.ZS,1.81906447350996,1.75655594564545,1.71869149388134,1.630159805722,1.74900097394597,1.67412718484185,1.79854995986693,1.85381831662743,1.84373055582513,1.77694574174737,1.70164270898496,1.68428207225992,1.62880939825882,1.60042282940324,1.75537530918134,1.59662419417751,1.54393458523973,1.59718362285758,1.63869249251066,1.65434667930196,1.70489877073958,1.6864201379658,1.63504215853018,1.59051574283774,1.57953479375177
Ecuador,ECU,Gini index,SI.POV.GINI,..,..,..,..,58.6,56.4,..,..,53.5,53.9,53.1,52.3,53.4,49.8,48.5,48.8,45.9,46.1,46.9,45,46,45,44.7,45.4,45.7
Ecuador,ECU,"Government expenditure on education, total (% of GDP)",SE.XPD.TOTL.GD.ZS,1.99764001369476,..,..,2.19536995887756,1.54734003543854,1.15093004703522,..,..,..,..,..,..,..,..,4.34242010116577,4.50743007659912,4.72689008712769,4.64307022094727,5.00464010238647,5.26099014282227,4.99870014190674,4.36274814605713,4.6142578125,4.62145519256592,4.22565984725952
Ecuador,ECU,"Unemployment, total (% of total labor force) (national estimate)",SL.UEM.TOTL.NE.ZS,6.7,10.38,9.17,11.49,13.96,4.8,4.252,..,5.662,5.002,3.779,3.55,3.142,3.917,4.608,4.088,3.458,3.235,3.083,3.48,3.616,4.597,3.836,3.53,3.812
Ecuador,ECU,Military expenditure (% of GDP),MS.MIL.XPND.GD.ZS,2.34132011021456,1.95039752732418,2.10417123484069,2.35723486474882,1.75192504601763,1.45207595274333,1.56937598177954,1.76889198532555,2.2785533646602,1.9403327987762,2.29840279075247,2.02982587683564,2.56823582019659,2.66504173599459,3.11741808812028,3.01055129218138,3.09511005659875,2.94545286467451,2.87589068305185,2.73923080937619,2.6160741592884,2.51476680030726,2.36126338358467,2.35188715281228,2.18363240921904
"Egypt, Arab Rep.",EGY,Gini index,SI.POV.GINI,30.1,..,..,..,32.8,..,..,..,..,31.8,..,..,..,31.1,..,30.2,..,28.3,..,..,31.8,..,31.5,..,31.9
"Egypt, Arab Rep.",EGY,"Government expenditure on education, total (% of GDP)",SE.XPD.TOTL.GD.ZS,4.60400009155273,4.67156982421875,..,..,..,..,..,4.7958836555481,4.94563007354736,4.67072010040283,4.79442977905273,4.00178003311157,3.68460988998413,3.76082992553711,3.6391909122467,3.54265189170837,3.3442964553833,3.36830472946167,4.12252616882324,4.25138568878174,3.93084812164307,..,..,..,..
"Egypt, Arab Rep.",EGY,"Unemployment, total (% of total labor force) (national estimate)",SL.UEM.TOTL.NE.ZS,11.04,9,8.37,8.03,7.95,8.98,9.26,10.01,10.91,10.32,11.049,10.49,8.8,8.517,9.087,8.757,11.849,12.597,13.154,13.105,13.052,12.45,11.767,9.855,7.851
"Egypt, Arab Rep.",EGY,Military expenditure (% of GDP),MS.MIL.XPND.GD.ZS,3.08203623414837,2.97481186979645,2.84148521846447,2.65938329094369,2.56976747814276,2.55126513982739,2.98556856033807,3.27845479650374,3.17728527009726,2.87753123653597,2.71422040657605,2.60621860261331,2.37963467509709,2.18078548537016,2.03264504307225,1.95296704226796,1.83702555925574,1.64817579267929,1.61005697699419,1.68969483568075,1.72314742829085,1.66660515243227,1.42203170028818,1.24996619642133,1.18097179684711
El Salvador,SLV,Gini index,SI.POV.GINI,49.9,51,..,54.5,52.2,51.5,51.4,51.9,50.5,47.8,48.5,45.7,45.2,46.9,45.8,43.5,42.3,41.8,43.4,41.6,40.6,40,38,38.6,38.8
El Salvador,SLV,"Government expenditure on education, total (% of GDP)",SE.XPD.TOTL.GD.ZS,..,..,..,2.54725003242493,2.56260991096497,2.83868002891541,..,3.242840051651,3.13467001914978,..,3.17785000801086,3.49298000335693,3.60984992980957,4.45810985565186,4.65950012207031,4.04807996749878,3.89854001998901,3.7124400138855,3.80149006843567,3.82416009902954,3.90987992286682,3.82523989677429,3.7252299785614,3.60575008392334,3.38710999488831
El Salvador,SLV,"Unemployment, total (% of total labor force) (national estimate)",SL.UEM.TOTL.NE.ZS,7.65,7.68,7.98,7.1,7.3,6.96,6.96,6.2,6.9,6.8,7.22,6.57,6.41,5.88,7.33,4.893,4.297,3.843,3.693,4.154,3.998,4.418,4.385,4.006,4.17
El Salvador,SLV,Military expenditure (% of GDP),MS.MIL.XPND.GD.ZS,1.17505832785871,1.07440915279515,1.00776620629422,0.922942907935975,0.920549239593538,0.840331038102095,1.09067003863398,1.13023872990524,0.841381284888912,0.810214431044768,0.90420465369438,0.888131105901353,0.973444824900437,0.961811831487238,1.07887821146881,1.08955372746629,1.08806149544119,1.04880962679117,1.07998923193894,1.03525487674093,1.05681996600427,1.02350295125175,1.04446940079198,1.13220727885334,1.18000962074512
Equatorial Guinea,GNQ,Gini index,SI.POV.GINI,..,..,..,..,..,..,..,..,..,..,..,..,..,..,..,..,..,..,..,..,..,..,..,..,..
Equatorial Guinea,GNQ,"Government expenditure on education, total (% of GDP)",SE.XPD.TOTL.GD.ZS,..,..,..,2.18797993659973,..,..,..,..,..,..,..,..,..,..,..,..,..,..,..,..,..,..,..,..,..
Equatorial Guinea,GNQ,"Unemployment, total (% of total labor force) (national estimate)",SL.UEM.TOTL.NE.ZS,..,..,..,..,..,..,..,..,..,..,..,..,..,..,..,..,..,..,..,..,..,..,..,..,..
Equatorial Guinea,GNQ,Military expenditure (% of GDP),MS.MIL.XPND.GD.ZS,2.0456168533629,..,..,..,..,..,..,..,..,..,..,..,1.50182582447025,1.48230906749545,2.47492960390331,..,..,..,..,0.766177853756616,1.0414320758195,1.23949051891159,1.12893661595392,1.14208318733626,1.30196407170833
Eritrea,ERI,Gini index,SI.POV.GINI,..,..,..,..,..,..,..,..,..,..,..,..,..,..,..,..,..,..,..,..,..,..,..,..,..
Eritrea,ERI,"Government expenditure on education, total (% of GDP)",SE.XPD.TOTL.GD.ZS,..,1.63855004310608,..,4.62058019638062,5.26281023025513,..,4.04716014862061,3.52390003204346,..,3.14896988868713,..,2.12700009346008,..,..,..,..,..,..,..,..,..,..,..,..,..
Eritrea,ERI,"Unemployment, total (% of total labor force) (national estimate)",SL.UEM.TOTL.NE.ZS,..,..,..,..,..,..,..,..,..,..,..,..,..,..,..,..,..,..,..,..,..,..,..,..,..
Eritrea,ERI,Military expenditure (% of GDP),MS.MIL.XPND.GD.ZS,19.5391124143288,20.3448190649491,11.8604149677876,32.4970666110039,34.3777684538841,32.6556711938037,22.1367915582472,20.6718783563252,20.8657453093811,..,..,..,..,..,..,..,..,..,..,..,..,..,..,..,..
Estonia,EST,Gini index,SI.POV.GINI,..,..,..,..,..,..,..,..,37.2,33.6,33.4,33.7,31.2,31.9,31.4,32,32.5,32.9,35.1,34.6,32.7,31.2,30.4,30.3,30.8
Estonia,EST,"Government expenditure on education, total (% of GDP)",SE.XPD.TOTL.GD.ZS,5.89866018295288,6.0549201965332,6.33788013458252,6.23536014556885,6.65249013900757,5.33945989608765,5.22845983505249,5.43460988998413,5.27309989929199,4.87674999237061,4.81026983261108,5.85676240921021,4.61990976333618,5.48403978347778,5.96005010604858,5.51778984069824,5.01449012756348,4.71772003173828,4.84388017654419,4.39433002471924,5.14418983459473,5.15763998031616,4.96131992340088,5.23997020721436,5.29571008682251
Estonia,EST,"Unemployment, total (% of total labor force) (national estimate)",SL.UEM.TOTL.NE.ZS,9.659,9.915,10.369,9.51,11.573,13.93,13.135,10.026,11.288,10.248,8.033,5.915,4.592,5.455,13.548,16.707,12.328,10.021,8.631,7.352,6.412,6.882,5.807,5.412,4.514
Estonia,EST,Military expenditure (% of GDP),MS.MIL.XPND.GD.ZS,0.958098327008493,0.873596073837831,1.0467724867254,1.06749171827448,1.28711336447566,1.37632711527768,1.50221446192756,1.66712950092163,1.74304929525979,1.6996892247017,1.4509199321799,1.38756206587647,1.65732023639674,1.7671976129674,1.79905979568072,1.70042562190944,1.67893330315731,1.89767278395814,1.9089636493344,1.92535738573578,2.0260417420727,2.06916436631533,2.00976650859972,2.0090871203263,2.04936301781519
Eswatini,SWZ,Gini index,SI.POV.GINI,..,..,..,..,..,53.1,..,..,..,..,..,..,..,..,51.5,..,..,..,..,..,..,54.6,..,..,..
Eswatini,SWZ,"Government expenditure on education, total (% of GDP)",SE.XPD.TOTL.GD.ZS,5.6531400680542,4.93815994262695,..,..,5.09095001220703,5.50848007202148,4.83824014663696,4.44086980819702,5.81677007675171,5.40160989761353,6.48462009429932,6.55475997924805,..,6.61812019348145,6.47135019302368,6.11837005615234,6.86432981491089,5.5932822227478,5.08461046218872,7.07059001922607,5.35494709014893,5.43355321884155,6.17791414260864,5.73687362670898,5.69914817810059
Eswatini,SWZ,"Unemployment, total (% of total labor force) (national estimate)",SL.UEM.TOTL.NE.ZS,21.65,..,22.5,..,..,..,..,..,..,..,..,..,28.24,..,..,..,..,..,..,..,..,22.718,..,..,..
Eswatini,SWZ,Military expenditure (% of GDP),MS.MIL.XPND.GD.ZS,1.69333926177873,1.65257773101622,1.49483917047487,1.64720895062658,1.68450591336061,1.43520579097508,1.29003645312602,1.30378651591846,1.47095407871897,1.54133090916197,1.90288657921506,1.80993274483633,1.64439058808864,2.00612325515657,2.09870056819641,2.37429405971718,2.21866369386686,1.91453554721434,1.95191015320914,1.82287677397053,1.74961403450706,2.07380910826263,1.92443993258528,2.09603771542402,1.89023924327776
Ethiopia,ETH,Gini index,SI.POV.GINI,44.6,..,..,..,30,..,..,..,..,29.8,..,..,..,..,..,33.2,..,..,..,..,35,..,..,..,..
Ethiopia,ETH,"Government expenditure on education, total (% of GDP)",SE.XPD.TOTL.GD.ZS,..,2.77462005615234,2.75794005393982,..,..,3.98310995101929,3.7002899646759,3.63245010375977,..,..,..,5.49096012115479,5.45112991333008,5.40819978713989,4.42207002639771,4.49659013748169,5.48576021194458,5.56678009033203,4.4985499382019,4.60201978683472,5.15336132049561,5.06151390075684,5.49905061721802,5.22011184692383,4.48086929321289
Ethiopia,ETH,"Unemployment, total (% of total labor force) (national estimate)",SL.UEM.TOTL.NE.ZS,..,..,..,..,3.714,..,..,..,..,..,2.497,..,..,..,..,..,..,..,2.251,..,..,..,..,..,..
Ethiopia,ETH,Military expenditure (% of GDP),MS.MIL.XPND.GD.ZS,2.22561605430131,2.11713848911382,3.3431774775412,7.27693614895529,9.50694268259021,7.61384390577726,4.34902077753107,3.71938809903571,3.23884273442423,3.07265040654432,2.81221837499407,2.30714932404438,1.89627732982541,1.51584796368311,1.20460157802807,1.15394252706819,1.09070647415251,0.868361507077892,0.806417193723534,0.768407756190907,0.70541465068261,0.683567210395797,0.675310715716932,0.645850962685811,0.579949536836241
Euro area,EMU,Gini index,SI.POV.GINI,..,..,..,..,..,..,..,..,..,..,..,..,..,..,..,..,..,..,..,..,..,..,..,..,..
Euro area,EMU,"Government expenditure on education, total (% of GDP)",SE.XPD.TOTL.GD.ZS,4.69021487236023,4.79957008361816,..,4.54056978225708,4.51084995269775,5.21905994415283,5.28279495239258,5.34666490554809,5.11418008804321,5.04638004302979,4.87839984893799,4.90767002105713,4.71541023254395,5.10951995849609,5.56314992904663,5.45078992843628,5.11838006973267,5.17981505393982,5.33834981918335,5.20261502265931,5.026859998703,4.8159499168396,4.91657495498657,4.93455982208252,5.00662994384765
Euro area,EMU,"Unemployment, total (% of total labor force) (national estimate)",SL.UEM.TOTL.NE.ZS,11.4527040422554,11.6885029703317,11.6878255034632,11.2397520612291,10.4489082819782,9.44473172961832,8.58210077978482,8.62023131591915,8.97160826697521,9.24204009471854,9.09381737643755,8.38041808638779,7.49757560190302,7.54212617700826,9.60449818289063,10.1398965670349,10.1949270925396,11.3666605546398,11.9148524097531,11.561000970849,10.8288190003376,9.99438809483334,9.02959482675726,8.15524227609396,7.51552057736081
Euro area,EMU,Military expenditure (% of GDP),MS.MIL.XPND.GD.ZS,1.7763895625688,1.76271433754625,1.72662459537019,1.68653327005483,1.66690045511691,1.63494615456317,1.58759731660389,1.57229380770768,1.57214395260469,1.55718043030285,1.46679589005835,1.46898093809666,1.42647163799785,1.4633094798372,1.55216987804602,1.47901294697116,1.41753670927665,1.41383214897176,1.36216251120754,1.32372482431092,1.30079558454351,1.32686932554112,1.32968003639351,1.33247228292275,1.35640391493575
Europe & Central Asia,ECS,Gini index,SI.POV.GINI,..,..,..,..,..,..,..,..,..,..,..,..,..,..,..,..,..,..,..,..,..,..,..,..,..
Europe & Central Asia,ECS,"Government expenditure on education, total (% of GDP)",SE.XPD.TOTL.GD.ZS,4.59609484672547,4.49445009231567,..,4.45031023025513,4.50699996948242,4.38873505592347,4.65009021759033,4.53032994270325,5.0404200553894,4.83406019210815,4.87839984893799,4.90767002105713,4.63328981399536,4.83990001678467,4.96806502342224,5.03881978988647,4.8969202041626,4.88011002540589,4.93538999557495,4.92579507827759,4.90953016281128,4.83923006057739,4.78053998947144,4.67667984962464,4.65441513061523
Europe & Central Asia,ECS,"Unemployment, total (% of total labor force) (national estimate)",SL.UEM.TOTL.NE.ZS,9.51388424602307,9.84404321101789,10.1605482309062,10.3281703475762,10.3893182590411,9.27422695965779,8.83472285795251,8.78141956257461,8.69645182203501,8.68619123234472,8.34785439062223,7.90468577543148,7.17125046211331,7.14176156923463,9.05928098484732,9.13334002039307,8.79787953704565,8.99655959227571,9.19566895118734,8.87918248564538,8.49804888634798,8.07466950359428,7.46751763640215,6.97173780012272,6.72823214238645
Europe & Central Asia,ECS,Military expenditure (% of GDP),MS.MIL.XPND.GD.ZS,2.03864458018168,2.01599025348204,2.0083654745103,1.89647376232197,1.87847413272789,1.85677143512548,1.82711295336153,1.84886456949825,1.83470253794152,1.79356417449725,1.73150419340994,1.72785257561911,1.70359766555372,1.72835642723679,1.82628803977161,1.7688959828751,1.7212931985236,1.76580062259373,1.73081531564232,1.69958360429759,1.68452702684297,1.69894231247435,1.64843634755119,1.63424138996389,1.6922212928377
Europe & Central Asia (excluding high income),ECA,Gini index,SI.POV.GINI,..,..,..,..,..,..,..,..,..,..,..,..,..,..,..,..,..,..,..,..,..,..,..,..,..
Europe & Central Asia (excluding high income),ECA,"Government expenditure on education, total (% of GDP)",SE.XPD.TOTL.GD.ZS,..,..,..,..,3.75532495975494,3.46928000450134,3.38423991203308,3.22730493545532,3.48234498500824,3.33761000633239,3.64203000068665,3.63488006591797,3.54680502414704,3.80548799037933,4.27429008483887,3.8476243019104,3.93511009216309,3.95983362197876,4.05822992324829,4.04196643829346,3.91208434104919,3.96209001541138,4.32368993759155,4.30003976821899,4.05669510364532
Europe & Central Asia (excluding high income),ECA,"Unemployment, total (% of total labor force) (national estimate)",SL.UEM.TOTL.NE.ZS,7.96585258311058,8.79814735649807,10.123074697466,11.2767933152542,11.8827434800198,9.65572087004723,9.35049821715735,8.56382400744479,8.52881174204675,8.2058650131259,7.6201085761766,7.61573941196097,7.28534731196382,7.43861485973029,9.37209596930082,8.70990476826021,7.83949448793112,7.19306263163087,7.20187126530878,7.28697688468694,7.44066369563208,7.59026481197796,7.37805795627122,7.28365701153113,7.43828820096574
Europe & Central Asia (excluding high income),ECA,Military expenditure (% of GDP),MS.MIL.XPND.GD.ZS,3.44726275435814,3.50000539317157,3.70380718849284,2.78794766802162,3.20368116211223,3.19822465959991,3.23884555668527,3.41046243337236,3.19518466446616,2.82980689530253,2.77290363396621,2.74874928501572,2.68537571030394,2.68729080262894,3.08613334905253,2.85016712741402,2.76313674032558,2.92778656037231,2.97929292471479,3.1012818291425,3.49921578729677,3.62200008085799,3.12546213684892,3.01450475096296,3.20956222781514
Europe & Central Asia (IDA & IBRD countries),TEC,Gini index,SI.POV.GINI,..,..,..,..,..,..,..,..,..,..,..,..,..,..,..,..,..,..,..,..,..,..,..,..,..
Europe & Central Asia (IDA & IBRD countries),TEC,"Government expenditure on education, total (% of GDP)",SE.XPD.TOTL.GD.ZS,..,3.51256990432739,..,..,3.89257001876831,3.50838994979858,3.42146992683411,3.38608002662659,3.67853999137878,3.44770002365112,3.77192997932434,3.90346002578735,3.97731995582581,4.10174989700317,4.32161498069764,3.85279715061187,4.03038001060486,4.01803016662598,4.20151996612549,4.07005310058594,4.11714208126068,4.29491496086121,4.1994800567627,4.17266488075256,3.95437002182007
Europe & Central Asia (IDA & IBRD countries),TEC,"Unemployment, total (% of total labor force) (national estimate)",SL.UEM.TOTL.NE.ZS,8.51392826577231,9.05354848140942,9.88967663916205,10.7682515359925,11.5739745836583,10.1609477040796,10.1173285585262,9.94925497020293,9.48097360478971,9.21616461235918,8.56922632375235,8.18684036629487,7.47158182742428,7.34205026682062,9.14893074666698,8.7399301890125,8.02437320813307,7.51533484064151,7.56786282174917,7.51039299594738,7.4986883177387,7.44118042650338,7.08386716839769,6.85623906893573,6.91289752396353
Europe & Central Asia (IDA & IBRD countries),TEC,Military expenditure (% of GDP),MS.MIL.XPND.GD.ZS,3.32110682857215,3.31535004620472,3.49994794323342,2.73114187231736,2.94245012849485,2.89779468172199,2.90484021351664,3.04511599045284,2.88649275122969,2.61097874234444,2.58357978690294,2.56413090604731,2.50495745919642,2.4723580671875,2.77174950295587,2.62102538640746,2.56566253590083,2.72144910648692,2.76867896807742,2.86599405734388,3.16768685508137,3.23578310815401,2.85832275674579,2.77704818225952,2.9186938436573
European Union,EUU,Gini index,SI.POV.GINI,..,..,..,..,..,..,..,..,..,..,..,..,..,..,..,..,..,..,..,..,..,..,..,..,..
European Union,EUU,"Government expenditure on education, total (% of GDP)",SE.XPD.TOTL.GD.ZS,4.69021487236023,4.75392007827759,..,4.54056978225708,4.57943487167358,5.07388997077942,5.27374482154846,5.21897506713867,5.11418008804321,5.04638004302979,5.07394981384277,5.00697135925293,4.71541023254395,5.02904987335205,5.52265977859497,5.20246005058289,5.04305505752563,4.93892502784729,4.97831511497498,5.04528498649598,4.93930768966675,4.8159499168396,4.69770503044129,4.62343978881836,4.65441513061523
European Union,EUU,"Unemployment, total (% of total labor force) (national estimate)",SL.UEM.TOTL.NE.ZS,11.0803044173847,11.1120367861638,10.9010308756324,10.491587346327,10.1940051411028,9.84357100063315,9.63921687883725,9.85527118238095,9.6440011766708,9.88152581708814,9.62554608353345,8.67567283306332,7.49561210813578,7.24898553661077,9.17499426544336,9.85358665328065,9.90408511861273,10.867696101802,11.3205609473183,10.8180241920617,10.0202284528246,9.1034863830255,8.1194012443605,7.25186197003969,6.67426331604498
European Union,EUU,Military expenditure (% of GDP),MS.MIL.XPND.GD.ZS,1.81317977055363,1.79596350396817,1.76131188930021,1.71807244914232,1.69185827780975,1.65446833974971,1.61053740716089,1.59426878492676,1.58886916481568,1.56377174493525,1.48368338297596,1.47916234091782,1.43886389946412,1.4577435397032,1.53472561535158,1.46955727784575,1.40694785867789,1.40464747341551,1.3562378617029,1.32612641836644,1.31231003397221,1.32809528358871,1.3341323965999,1.34828999323069,1.38254838363267
Faroe Islands,FRO,Gini index,SI.POV.GINI,..,..,..,..,..,..,..,..,..,..,..,..,..,..,..,..,..,..,..,..,..,..,..,..,..
Faroe Islands,FRO,"Government expenditure on education, total (% of GDP)",SE.XPD.TOTL.GD.ZS,..,..,..,..,..,..,..,..,..,..,..,..,..,..,..,..,..,..,..,..,..,..,..,..,..
Faroe Islands,FRO,"Unemployment, total (% of total labor force) (national estimate)",SL.UEM.TOTL.NE.ZS,..,..,..,..,..,4.17,4,..,3.85,3.7,3.46,1.8,1.73,2.36,3.94,6.39,5.29,3.03,4.03,..,..,..,..,..,..
Faroe Islands,FRO,Military expenditure (% of GDP),MS.MIL.XPND.GD.ZS,..,..,..,..,..,..,..,..,..,..,..,..,..,..,..,..,..,..,..,..,..,..,..,..,..
Fiji,FJI,Gini index,SI.POV.GINI,..,..,..,..,..,..,..,38.1,..,..,..,..,..,40.4,..,..,..,..,36.7,..,..,..,..,..,30.7
Fiji,FJI,"Government expenditure on education, total (% of GDP)",SE.XPD.TOTL.GD.ZS,..,..,..,5.52470016479492,5.16864013671875,5.87773990631104,5.6431097984314,6.27586984634399,..,6.20915985107422,5.16705989837646,5.6553201675415,5.89472007751465,4.25357007980347,4.49847984313965,..,4.17305994033813,4.46150588989258,3.88288998603821,3.76960921287537,4.80931758880615,4.83590269088745,4.88133430480957,5.03804206848145,5.11768341064453
Fiji,FJI,"Unemployment, total (% of total labor force) (national estimate)",SL.UEM.TOTL.NE.ZS,5.4,5.78,..,..,..,..,..,..,8.22,4.7,3.886,..,..,8.94,8.72,8.91,4.406,9,..,6.17,..,4.32,..,..,..
Fiji,FJI,Military expenditure (% of GDP),MS.MIL.XPND.GD.ZS,1.6257873899244,1.42424634501108,1.36495958076192,1.25918886595729,1.13180634323429,1.75624341841376,1.82458369041641,1.5485667306433,1.48650087420329,1.58387595253995,1.32359461422314,1.60859901711712,2.23709999847122,1.52095281013957,1.78657925681224,1.60512894075313,1.61040391811109,1.49096169403815,1.38677744785356,1.53977309916003,0.910147310120732,1.10379290217157,1.4048380780238,1.45588315236828,1.43529925860875
Finland,FIN,Gini index,SI.POV.GINI,23.5,..,..,..,..,27.2,..,..,27.7,27.9,27.6,28,28.3,27.8,27.5,27.7,27.6,27.1,27.2,26.8,27.1,27.1,27.4,27.3,27.7
Finland,FIN,"Government expenditure on education, total (% of GDP)",SE.XPD.TOTL.GD.ZS,6.80990982055664,6.85898017883301,..,..,5.86992979049683,5.70930004119873,5.84025001525879,6.01677989959717,6.16743993759155,6.15757989883423,6.02507019042969,5.92838001251221,5.67125988006592,5.83010005950928,6.45955991744995,6.50444984436035,6.44504976272583,7.14803981781006,7.12404012680054,7.10236978530884,7.03208017349243,6.85153007507324,6.36311006546021,6.27557992935181,6.41695022583008
Finland,FIN,"Unemployment, total (% of total labor force) (national estimate)",SL.UEM.TOTL.NE.ZS,19.78,15.572,14.968,13.215,11.693,12.49,10.291,10.423,10.469,10.358,8.384,7.719,6.854,6.369,8.25,8.394,7.781,7.689,8.193,8.663,9.376,8.818,8.64,7.361,6.695
Finland,FIN,Military expenditure (% of GDP),MS.MIL.XPND.GD.ZS,1.42254149924916,1.53047227121301,1.53515505066012,1.46317555780765,1.22310377157804,1.24114750368778,1.14451283258445,1.15463722865486,1.44685726264926,1.47016356457354,1.46451773981136,1.44240186243663,1.28752050624668,1.39093940428535,1.56074235593355,1.49175815960034,1.48940898392913,1.52658465854544,1.53386093450991,1.45193018748459,1.44996097168673,1.41965262644931,1.35129760805299,1.36253437390239,1.35371761625629
Fragile and conflict affected situations,FCS,Gini index,SI.POV.GINI,..,..,..,..,..,..,..,..,..,..,..,..,..,..,..,..,..,..,..,..,..,..,..,..,..
Fragile and conflict affected situations,FCS,"Government expenditure on education, total (% of GDP)",SE.XPD.TOTL.GD.ZS,..,..,..,..,..,..,..,..,..,..,..,..,..,..,..,3.41166996955871,3.60811996459961,3.3331550359726,3.57199490070343,3.6717050075531,3.47633492946625,3.02660501003266,3.78976988792419,3.0132200717926,3.54063856601715
Fragile and conflict affected situations,FCS,"Unemployment, total (% of total labor force) (national estimate)",SL.UEM.TOTL.NE.ZS,..,..,..,..,..,..,..,..,..,..,..,..,..,..,..,..,..,..,..,..,..,..,..,..,..
Fragile and conflict affected situations,FCS,Military expenditure (% of GDP),MS.MIL.XPND.GD.ZS,2.27977391767859,1.92091427482334,2.16185447616604,2.19929628981892,2.92810479876516,2.69346254679206,2.63728819229281,2.62772754814892,2.59722377724988,2.41823007532288,2.24987377855977,2.07959638791351,2.10237597676963,2.06975934292651,2.12658999282393,1.84820806824512,1.42916398562683,1.58938499004181,1.95775679817678,1.95142685911616,2.04379476620015,1.84639755750095,1.98742287370391,1.65236803227615,1.69153769470915
France,FRA,Gini index,SI.POV.GINI,..,32,31.9,31.7,32.5,32.6,32.5,31.8,31.4,30.6,29.8,29.7,32.4,33,32.7,33.7,33.3,33.1,32.5,32.3,32.7,31.9,31.6,32.4,31.2
France,FRA,"Government expenditure on education, total (% of GDP)",SE.XPD.TOTL.GD.ZS,5.79072999954224,5.75672006607056,..,5.68792009353638,..,5.60021924972534,5.61780023574829,5.78097534179688,5.76206302642822,5.54923391342163,5.47005081176758,5.47531032562256,5.30452871322632,5.40407991409302,5.73407077789307,5.65859603881836,5.48298311233521,5.45646715164185,5.50037813186646,5.51206302642822,5.46424007415771,5.41906976699829,5.45160007476807,5.40716981887817,5.35443019866943
France,FRA,"Unemployment, total (% of total labor force) (national estimate)",SL.UEM.TOTL.NE.ZS,11.834,12.367,12.566,12.074,11.981,10.218,8.61,8.702,8.307,8.914,8.882,8.833,8.009,7.386,9.122,9.279,9.228,9.841,9.913,10.273,10.354,10.057,9.41,9.018,8.415
France,FRA,Military expenditure (% of GDP),MS.MIL.XPND.GD.ZS,2.49249618936836,2.41447395059335,2.37540965314127,2.22620830652768,2.17784297022174,2.08501824480333,2.03069528996546,2.04625799037992,2.0956804128006,2.10435083527246,2.02370691892637,1.97509829987374,1.90752863357749,1.89707589581907,2.09814733452729,1.96941935275241,1.89140621361087,1.87108059984757,1.84987591828694,1.86296143947269,1.87225828127684,1.91728236804142,1.90864201234437,1.84300872300244,1.8364614707329
French Polynesia,PYF,Gini index,SI.POV.GINI,..,..,..,..,..,..,..,..,..,..,..,..,..,..,..,..,..,..,..,..,..,..,..,..,..
French Polynesia,PYF,"Government expenditure on education, total (% of GDP)",SE.XPD.TOTL.GD.ZS,..,..,..,..,..,..,..,..,..,..,..,..,..,..,..,..,..,..,..,..,..,..,..,..,..
French Polynesia,PYF,"Unemployment, total (% of total labor force) (national estimate)",SL.UEM.TOTL.NE.ZS,..,..,..,..,..,..,..,11.71,..,..,..,..,11.74,..,..,..,..,..,..,..,..,..,..,..,..
French Polynesia,PYF,Military expenditure (% of GDP),MS.MIL.XPND.GD.ZS,..,..,..,..,..,..,..,..,..,..,..,..,..,..,..,..,..,..,..,..,..,..,..,..,..
Gabon,GAB,Gini index,SI.POV.GINI,..,..,..,..,..,..,..,..,..,..,42.2,..,..,..,..,..,..,..,..,..,..,..,38,..,..
Gabon,GAB,"Government expenditure on education, total (% of GDP)",SE.XPD.TOTL.GD.ZS,..,..,..,3.41966009140015,3.08122992515564,3.82709002494812,..,..,..,..,..,..,..,..,..,3.07808995246887,2.987459897995,3.01340007781982,3.02971005439758,2.66667008399963,2.82435989379883,2.66773080825806,3.55570793151855,3.07154297828674,2.8743097782135
Gabon,GAB,"Unemployment, total (% of total labor force) (national estimate)",SL.UEM.TOTL.NE.ZS,..,..,..,..,..,..,..,..,..,..,16.91,..,..,..,..,20.39,..,..,..,..,..,..,..,..,..
Gabon,GAB,Military expenditure (% of GDP),MS.MIL.XPND.GD.ZS,..,..,..,..,..,1.80145224765811,1.79395209821725,1.78317027682097,1.66832793289402,1.6131661692941,1.24868216929966,1.28261921013258,..,..,..,1.87162256589575,1.46243422997043,1.61980464787095,1.60404717948982,1.14481839629997,1.18502560854907,1.44754580418175,1.81138276957815,1.54948729535702,1.58168467646335
"Gambia, The",GMB,Gini index,SI.POV.GINI,..,..,..,48.5,..,..,..,..,47.3,..,..,..,..,..,..,43.6,..,..,..,..,35.9,..,..,..,..
"Gambia, The",GMB,"Government expenditure on education, total (% of GDP)",SE.XPD.TOTL.GD.ZS,2.55356001853943,2.56627988815308,..,..,1.56512999534607,1.46587002277374,1.15810000896454,1.44291996955872,1.36337995529175,0.622470021247864,0.691879987716675,0.751630008220673,0.816860020160675,2.18129992485046,1.90813994407654,2.56322002410889,2.50116991996765,2.63756990432739,1.81839001178741,2.23094010353088,2.16002988815308,2.0244300365448,2.45919442176819,2.36543989181519,2.65492939949036
"Gambia, The",GMB,"Unemployment, total (% of total labor force) (national estimate)",SL.UEM.TOTL.NE.ZS,..,..,..,..,..,..,..,..,..,..,..,..,..,..,..,..,..,10.346,..,..,..,..,..,4.127,..
"Gambia, The",GMB,Military expenditure (% of GDP),MS.MIL.XPND.GD.ZS,0.304615670171595,0.397307469403729,0.407575945502193,0.384833814905964,0.325833061382465,0.31579359886356,0.234862058929382,0.24438080993324,0.227388636213975,0.192621401787275,0.277027428909804,0.260242378391835,0.355318377435937,1.09491765751865,0.482205427892009,..,..,0.792325301857297,0.739511152519748,1.20768853626782,1.04052212323916,..,..,0.715876283557486,0.769340979399031
Georgia,GEO,Gini index,SI.POV.GINI,..,37.1,40.7,41.3,40.1,40.5,39.6,37.2,36.7,36.2,37.4,36.9,38.1,38.5,38.2,39.5,39.6,39,38.6,37.6,36.5,36.6,37.9,36.4,35.9
Georgia,GEO,"Government expenditure on education, total (% of GDP)",SE.XPD.TOTL.GD.ZS,..,..,..,2.10888004302979,2.15512990951538,2.18105006217957,2.13750004768372,2.23501992225647,2.06559991836548,2.91420006752014,2.48431992530823,3.00364995002747,2.69687008857727,2.9195499420166,3.22237992286682,2.80364799499512,2.5761399269104,1.90610003471375,3.47322177886963,2.99768662452698,3.16487407684326,3.59386992454529,3.57442998886108,3.5210599899292,3.86666989326477
Georgia,GEO,"Unemployment, total (% of total labor force) (national estimate)",SL.UEM.TOTL.NE.ZS,..,2.4,5,14.53,13.8,10.82,11.16,12.59,11.51,12.62,13.81,13.57,13.28,17.87,20.71,20.203,19.632,19.653,19.416,17.439,16.506,16.604,13.939,12.667,11.565
Georgia,GEO,Military expenditure (% of GDP),MS.MIL.XPND.GD.ZS,..,2.21017302703038,1.25358766896378,1.13697395615685,0.924374855931971,0.615582490752135,0.740186005258763,1.00053299706695,1.06848912472203,1.37383897186186,3.33916979671741,5.21830695097827,9.15911651704757,8.52011839531126,5.60659705141183,3.70963239057219,3.10296868545418,2.98373409824723,2.57055243515557,2.35793959370315,2.00294589032771,2.08164031548883,1.96974296903126,1.89711315739272,1.77655401596637
Germany,DEU,Gini index,SI.POV.GINI,28.7,28,28.3,28.1,29,28.8,29.9,29.9,29.9,30.2,31.6,31,31.1,30.9,30.5,30.3,30.7,31.1,31.5,30.9,31.4,31.4,31.9,31.8,31.7
Germany,DEU,"Government expenditure on education, total (% of GDP)",SE.XPD.TOTL.GD.ZS,4.4307599067688,4.49470996856689,..,4.46187019348145,..,4.06815242767334,4.14708137512207,4.16305732727051,4.17101860046387,4.10064888000488,4.62490797042847,4.02527379989624,3.92246603965759,4.54924011230469,4.34005403518677,5.09588003158569,4.98425006866455,4.92844009399414,4.93538999557495,4.92102003097534,4.85515022277832,4.83923006057739,4.87182998657227,4.97933006286621,5.11676979064941
Germany,DEU,"Unemployment, total (% of total labor force) (national estimate)",SL.UEM.TOTL.NE.ZS,8.158,8.822,9.861,9.787,8.854,7.917,7.89,8.482,9.779,10.727,11.167,10.25,8.658,7.525,7.742,6.967,5.825,5.379,5.231,4.981,4.624,4.122,3.746,3.384,3.136
Germany,DEU,Military expenditure (% of GDP),MS.MIL.XPND.GD.ZS,1.49502201427653,1.46585845994395,1.40930173264786,1.39089478616645,1.39507435456434,1.35888303317903,1.3234383027941,1.32795812092343,1.31692486502826,1.26895739640399,1.06562970052135,1.19930295839133,1.17247176491769,1.20903400366779,1.31060407322149,1.26682662611137,1.20615033635783,1.24167747904608,1.18525790100841,1.14994199690514,1.13733842666332,1.15123037317289,1.15340372066259,1.17054854477113,1.26215025653133
Ghana,GHA,Gini index,SI.POV.GINI,..,..,..,40.1,..,..,..,..,..,..,42.8,..,..,..,..,..,..,42.4,..,..,..,43.5,..,..,..
Ghana,GHA,"Government expenditure on education, total (% of GDP)",SE.XPD.TOTL.GD.ZS,..,..,..,..,4.11037015914917,..,5.35444021224976,..,..,7.53558015823364,7.42208003997803,5.14794015884399,5.51986980438232,5.75795984268188,5.31744003295898,5.54059982299805,8.14097023010254,7.91913986206055,4.57646989822388,4.39978981018066,4.4340500831604,4.39452981948853,3.53362989425659,3.8861300945282,3.15307116508484
Ghana,GHA,"Unemployment, total (% of total labor force) (national estimate)",SL.UEM.TOTL.NE.ZS,..,..,..,8.2,10.1,10.456,..,..,..,..,..,4.897,..,..,..,5.384,..,..,2.173,..,6.806,..,3.369,..,..
Ghana,GHA,Military expenditure (% of GDP),MS.MIL.XPND.GD.ZS,0.335747716894977,0.286903633491311,0.287938176197836,0.334707661290323,0.333671099852227,0.4436304,0.264452812963597,0.260305614783227,0.30375830974791,0.277570912276859,0.260967076343411,0.262213532811969,0.370332914572864,0.294033500427925,0.336757870912986,0.282687655236928,0.43515452267479,0.593208552483374,0.400293224505535,0.484989034811323,0.392914355459172,0.291411917393383,0.312701238213381,0.325876657150172,0.343818434751391
Gibraltar,GIB,Gini index,SI.POV.GINI,..,..,..,..,..,..,..,..,..,..,..,..,..,..,..,..,..,..,..,..,..,..,..,..,..
Gibraltar,GIB,"Government expenditure on education, total (% of GDP)",SE.XPD.TOTL.GD.ZS,..,..,..,..,..,..,..,..,..,..,..,..,..,..,..,..,..,..,..,..,..,..,..,..,..
Gibraltar,GIB,"Unemployment, total (% of total labor force) (national estimate)",SL.UEM.TOTL.NE.ZS,..,..,..,..,..,..,..,..,..,..,..,..,..,..,..,..,..,..,..,..,..,..,..,..,..
Gibraltar,GIB,Military expenditure (% of GDP),MS.MIL.XPND.GD.ZS,..,..,..,..,..,..,..,..,..,..,..,..,..,..,..,..,..,..,..,..,..,..,..,..,..
Greece,GRC,Gini index,SI.POV.GINI,37,..,..,..,..,34.2,..,..,32.8,33.6,34.6,35.1,34,33.6,33.6,34.1,34.8,36.3,36.1,35.8,36,35,34.4,32.9,33.1
Greece,GRC,"Government expenditure on education, total (% of GDP)",SE.XPD.TOTL.GD.ZS,..,..,..,2.89256000518799,3.02772998809814,3.23019003868103,3.36457991600037,3.42430996894836,3.42933988571167,3.66719007492065,3.96395993232727,3.67875790596008,3.62195110321045,3.8049910068512,4.16507434844971,4.14056491851807,4.51630020141602,4.58220291137695,4.49511909484863,4.32135677337646,3.66139006614685,4.01561069488525,3.47708988189697,3.59734010696411,3.58606004714966
Greece,GRC,"Unemployment, total (% of total labor force) (national estimate)",SL.UEM.TOTL.NE.ZS,10.117,10.402,10.472,12.227,12.138,11.345,11.02,10.346,9.839,10.628,10.074,8.906,8.351,7.664,9.546,12.719,17.973,24.731,27.686,26.708,24.981,23.514,21.414,19.179,17.045
Greece,GRC,Military expenditure (% of GDP),MS.MIL.XPND.GD.ZS,3.17319019644845,3.31191328182087,3.36586889039913,3.53386881535161,3.36046994465272,3.46535532008881,3.25141285622817,3.07737457530621,2.49389475249858,2.60567252971209,2.83659627711189,2.78341887026498,2.67930592141264,2.98305234467131,3.22484113782964,2.75021826236583,2.52227876563293,2.44377558683293,2.36777200944603,2.35228766757336,2.46330328904394,2.57212022449423,2.56348990681236,2.71645307270589,2.62239872406513
Greenland,GRL,Gini index,SI.POV.GINI,..,..,..,..,..,..,..,..,..,..,..,..,..,..,..,..,..,..,..,..,..,..,..,..,..
Greenland,GRL,"Government expenditure on education, total (% of GDP)",SE.XPD.TOTL.GD.ZS,..,..,..,..,..,..,..,..,..,..,..,..,..,..,..,..,..,..,..,..,..,..,..,..,..
Greenland,GRL,"Unemployment, total (% of total labor force) (national estimate)",SL.UEM.TOTL.NE.ZS,..,12.92,10.08,11.56,9.03,11.02,9.53,8.82,10.3,10.44,9.25,8.4,..,..,..,7.8,9.4,9.8,10.1,10.3,9.1,..,..,..,..
Greenland,GRL,Military expenditure (% of GDP),MS.MIL.XPND.GD.ZS,..,..,..,..,..,..,..,..,..,..,..,..,..,..,..,..,..,..,..,..,..,..,..,..,..
Grenada,GRD,Gini index,SI.POV.GINI,..,..,..,..,..,..,..,..,..,..,..,..,..,..,..,..,..,..,..,..,..,..,..,..,..
Grenada,GRD,"Government expenditure on education, total (% of GDP)",SE.XPD.TOTL.GD.ZS,..,..,..,..,..,..,..,..,3.92673993110657,..,..,..,..,..,..,5.07508230209351,5.48532342910767,5.07225894927979,..,4.47756576538086,4.23861026763916,..,3.17379999160767,3.55919337272644,..
Grenada,GRD,"Unemployment, total (% of total labor force) (national estimate)",SL.UEM.TOTL.NE.ZS,..,16.89,..,15.24,..,..,..,..,..,..,..,..,..,..,..,..,..,..,24.2,24.5,22.9,..,..,14.066,10.161
Grenada,GRD,Military expenditure (% of GDP),MS.MIL.XPND.GD.ZS,..,..,..,..,..,..,..,..,..,..,..,..,..,..,..,..,..,..,..,..,..,..,..,..,..
Guam,GUM,Gini index,SI.POV.GINI,..,..,..,..,..,..,..,..,..,..,..,..,..,..,..,..,..,..,..,..,..,..,..,..,..
Guam,GUM,"Government expenditure on education, total (% of GDP)",SE.XPD.TOTL.GD.ZS,..,..,..,..,..,..,..,..,..,..,..,..,..,..,..,..,..,..,..,..,..,..,..,..,..
Guam,GUM,"Unemployment, total (% of total labor force) (national estimate)",SL.UEM.TOTL.NE.ZS,7.9,8.283,9.67,7.74,13.95,11.48,13.213,11.39,..,7.7,7,7.4,8.3,..,9.3,8.2,13.3,12.2,11.5,7.6,6.9,5.4,..,..,..
Guam,GUM,Military expenditure (% of GDP),MS.MIL.XPND.GD.ZS,..,..,..,..,..,..,..,..,..,..,..,..,..,..,..,..,..,..,..,..,..,..,..,..,..
Guatemala,GTM,Gini index,SI.POV.GINI,..,..,..,..,..,54.2,..,..,..,..,..,54.6,..,..,..,..,..,..,..,48.3,..,..,..,..,..
Guatemala,GTM,"Government expenditure on education, total (% of GDP)",SE.XPD.TOTL.GD.ZS,1.60479998588562,1.56369996070862,..,..,..,..,..,..,..,..,..,3.03285002708435,3.08808994293213,3.23686003684998,..,2.8486499786377,2.96865010261536,3.00524997711182,2.88808989524841,2.98562002182007,3.03032994270325,2.94474005699158,2.95009994506836,3.13193988800049,3.19297003746033
Guatemala,GTM,"Unemployment, total (% of total labor force) (national estimate)",SL.UEM.TOTL.NE.ZS,..,..,..,..,..,..,..,..,2.807,2.971,..,1.902,..,..,..,3.497,4.126,2.765,3.017,2.717,2.506,2.583,2.462,2.283,2.193
Guatemala,GTM,Military expenditure (% of GDP),MS.MIL.XPND.GD.ZS,1.08042737364637,0.895717413539242,0.74281794332224,0.720839850994178,0.675600759866063,0.918401634718749,1.05206292918867,0.762245026054294,0.815655342525256,0.479416089056921,0.383913656735458,0.43182946456192,0.398456601466993,0.468231102914397,0.395326073511874,0.441382604389834,0.459619447723005,0.475870730886697,0.471272593167646,0.424656428368739,0.405967931287061,0.440496512523365,0.383850245049506,0.372491637911365,0.430081218533133
Guinea,GIN,Gini index,SI.POV.GINI,..,..,..,..,..,..,..,43,..,..,..,..,39.4,..,..,..,..,33.7,..,..,..,..,..,29.6,..
Guinea,GIN,"Government expenditure on education, total (% of GDP)",SE.XPD.TOTL.GD.ZS,..,..,..,..,2.36141991615295,2.59340000152588,2.08190989494324,2.59386992454529,2.37102007865906,2.21000003814697,1.84906005859375,..,..,1.58112001419067,2.20725011825562,2.55118989944458,2.28742003440857,1.83370995521545,2.63421010971069,2.42281007766724,2.51713991165161,2.54450011253357,2.3203399181366,2.38432002067566,1.85812997817993
Guinea,GIN,"Unemployment, total (% of total labor force) (national estimate)",SL.UEM.TOTL.NE.ZS,..,..,..,..,..,..,..,4.549,..,..,..,..,..,..,..,..,..,..,..,..,..,..,..,..,5.018
Guinea,GIN,Military expenditure (% of GDP),MS.MIL.XPND.GD.ZS,..,..,1.17281926203606,1.25499180312356,1.59513114331129,1.53463751403247,3.10021054615164,3.3246802439883,2.44118141486197,2.22856440980186,..,..,..,..,..,..,..,2.28659822674558,2.34960684351508,2.24021951361906,2.51773534460496,1.88205381003036,1.76812250574436,1.63681420468527,1.44513568163751
Guinea-Bissau,GNB,Gini index,SI.POV.GINI,..,..,..,..,..,..,..,35.6,..,..,..,..,..,..,..,50.7,..,..,..,..,..,..,..,34.8,..
Guinea-Bissau,GNB,"Government expenditure on education, total (% of GDP)",SE.XPD.TOTL.GD.ZS,..,..,..,..,5.24617004394531,..,..,..,..,..,..,..,..,..,..,1.86082005500793,1.8578599691391,2.00106000900269,2.13248991966248,..,..,..,..,..,..
Guinea-Bissau,GNB,"Unemployment, total (% of total labor force) (national estimate)",SL.UEM.TOTL.NE.ZS,..,..,..,..,..,..,..,..,..,..,..,..,..,..,..,..,..,..,..,..,..,..,..,3.196,..
Guinea-Bissau,GNB,Military expenditure (% of GDP),MS.MIL.XPND.GD.ZS,0.495568090249799,0.566593083149375,0.650521152667075,1.4047619047619,..,2.62803036170707,1.62672677091596,1.5586028989376,1.57542311053966,..,1.89459928348781,..,..,..,1.55025769160365,1.82387957578709,1.51613050510836,2.33372193259001,1.9570423918299,1.89380436110046,1.47900420224188,1.26454587592398,1.30856549036791,1.40917665155925,1.56801327840185
Guyana,GUY,Gini index,SI.POV.GINI,..,..,..,45.1,..,..,..,..,..,..,..,..,..,..,..,..,..,..,..,..,..,..,..,..,..
Guyana,GUY,"Government expenditure on education, total (% of GDP)",SE.XPD.TOTL.GD.ZS,3.60933995246887,..,..,..,8.56105995178223,8.48414993286133,8.39729976654053,8.36553955078125,6.95590019226074,5.51293992996216,8.13973045349121,3.11891007423401,2.39117002487183,..,2.15057992935181,2.40938997268677,2.50669002532959,2.24131989479065,..,4.36033010482788,3.89569997787476,4.73775005340576,4.6647801399231,4.45058012008667,..
Guyana,GUY,"Unemployment, total (% of total labor force) (national estimate)",SL.UEM.TOTL.NE.ZS,..,..,..,..,..,..,..,11.81,..,..,..,10.7,..,..,..,..,..,..,..,..,..,..,..,14.019,13.525
Guyana,GUY,Military expenditure (% of GDP),MS.MIL.XPND.GD.ZS,0.915520386083765,0.78783093358105,..,..,..,1.765977248429,2.01794562341177,2.29328668097935,2.19971682743689,2.80932483375126,1.41048583687429,0.805815134799291,0.914399668478094,1.00888107540392,0.981015648111865,0.905210395614708,0.878175345601621,0.825543220373685,0.843693300095089,0.951652170035393,1.08486547097887,1.15412827584568,1.25334268912328,1.29081562879598,1.29961278504611
Haiti,HTI,Gini index,SI.POV.GINI,..,..,..,..,..,..,..,..,..,..,..,..,..,..,..,..,..,41.1,..,..,..,..,..,..,..
Haiti,HTI,"Government expenditure on education, total (% of GDP)",SE.XPD.TOTL.GD.ZS,..,..,..,..,..,..,..,..,..,..,..,..,..,..,..,..,..,..,..,1.75226998329163,1.85497999191284,1.38776004314423,1.49846994876862,1.63715994358063,1.75941300392151
Haiti,HTI,"Unemployment, total (% of total labor force) (national estimate)",SL.UEM.TOTL.NE.ZS,..,..,..,..,7.2,..,..,..,..,..,..,..,16.8,..,..,..,..,14.1,..,..,..,..,..,..,..
Haiti,HTI,Military expenditure (% of GDP),MS.MIL.XPND.GD.ZS,0.106210123351765,..,..,..,..,..,..,..,..,..,..,..,..,..,..,..,..,..,0.0348932921803055,0.0359325390815037,0.0522036996982964,0.0482249983187593,0.0492694869004829,0.0880935388760229,0.0820730320346067
Heavily indebted poor countries (HIPC),HPC,Gini index,SI.POV.GINI,..,..,..,..,..,..,..,..,..,..,..,..,..,..,..,..,..,..,..,..,..,..,..,..,..
Heavily indebted poor countries (HIPC),HPC,"Government expenditure on education, total (% of GDP)",SE.XPD.TOTL.GD.ZS,..,..,..,..,2.68529009819031,2.5650200843811,2.65844988822937,2.59386992454529,..,2.81261992454529,2.8372700214386,2.8199999332428,..,2.75020003318786,3.13160502910614,3.34388995170593,3.12436997890473,3.3106449842453,3.45445990562439,3.32569003105164,3.57060992717743,3.28257989883423,3.63261497020722,3.39011991024017,3.4834486246109
Heavily indebted poor countries (HIPC),HPC,"Unemployment, total (% of total labor force) (national estimate)",SL.UEM.TOTL.NE.ZS,..,..,..,..,..,..,..,..,..,..,..,..,..,..,..,..,..,..,..,..,..,..,..,..,..
Heavily indebted poor countries (HIPC),HPC,Military expenditure (% of GDP),MS.MIL.XPND.GD.ZS,1.55598494023654,1.45058615162152,1.47120405093332,2.1450394048053,2.38211148267966,2.04359847225302,1.93216207175302,1.82163249227968,1.55172012891497,1.88753299930283,1.53028148864342,1.6069783531837,1.7875901053946,1.84889903253722,1.88658642009844,1.31232218362861,1.24967236811888,1.10807413331632,1.18176396343956,1.19262137744543,1.32750699292468,1.32662006363135,1.45851703887569,1.12648768878207,1.13072816853952
High income,HIC,Gini index,SI.POV.GINI,..,..,..,..,..,..,..,..,..,..,..,..,..,..,..,..,..,..,..,..,..,..,..,..,..
High income,HIC,"Government expenditure on education, total (% of GDP)",SE.XPD.TOTL.GD.ZS,4.76711988449097,4.75392007827759,..,4.50121998786926,4.56723022460938,4.8840799331665,4.95303010940552,5.08594512939453,5.08566498756409,5.04638004302979,4.91179490089417,4.87443995475769,4.68453001976014,4.87298512458801,5.05902004241943,5.29786014556885,5.04131507873536,4.86667013168335,4.91392993927002,4.93057012557983,4.90671515464783,4.81154012680054,4.78053998947144,4.67515993118286,4.68173503875733
High income,HIC,"Unemployment, total (% of total labor force) (national estimate)",SL.UEM.TOTL.NE.ZS,7.59357753098753,7.58783540588477,7.29455730088784,7.22283600140376,7.03684888310862,6.64178007139296,6.66844857871428,7.2293699344802,7.22653670006944,7.07520189945121,6.77835654762412,6.25540508249511,5.69973655702279,5.94275160102118,8.07179764335566,8.34538534527863,8.10397389221499,8.09420533577802,7.99506911340988,7.35395012048638,6.75372006486338,6.19899740528024,5.66363040206062,5.13901347230199,4.81877340059474
High income,HIC,Military expenditure (% of GDP),MS.MIL.XPND.GD.ZS,2.42088292094923,2.35787383359689,2.3723930417212,2.33385381835851,2.25092694968645,2.25585220707189,2.28511906830314,2.398616074236,2.48155786902972,2.49900815596523,2.50861420091665,2.49880665158747,2.4754017940337,2.5687917718619,2.82376720719556,2.78869927528413,2.69582237435355,2.63266114881769,2.52206387036767,2.44295913920779,2.44614174205875,2.37129503323402,2.34059092640434,2.33818381222773,2.40270172696203
Honduras,HND,Gini index,SI.POV.GINI,55.5,55.7,52.7,57.4,55.4,..,55.4,55.7,58.1,58.1,59.5,57.5,55.8,55.5,51.3,53.1,52.6,53.4,50,49.9,49.2,49.8,49.4,48.9,48.2
Honduras,HND,"Government expenditure on education, total (% of GDP)",SE.XPD.TOTL.GD.ZS,2.61744999885559,..,..,..,..,..,..,..,..,..,..,..,..,..,..,..,..,6.29972791671753,5.87492990493774,7.0901198387146,6.41297006607056,6.30841255187988,6.09336185455322,6.05646991729736,5.93245983123779
Honduras,HND,"Unemployment, total (% of total labor force) (national estimate)",SL.UEM.TOTL.NE.ZS,3.24,4.37,3.32,4.02,3.85,..,4,4.02,5.3,5.99,4.909,3.575,3.211,3.156,3.292,4.119,4.475,3.755,5.646,7.078,6.147,6.727,5.528,5.622,5.551
Honduras,HND,Military expenditure (% of GDP),MS.MIL.XPND.GD.ZS,..,..,..,..,..,0.729929060458941,0.822610515328626,0.809187514419362,0.998264922159563,0.682692754206461,0.641478464457184,0.692430000775615,0.776008264862645,0.953978556250972,1.07491069621038,1.07445720815541,1.13130910330426,1.14601855382863,1.60131821530496,1.54864514050243,1.67127565023158,1.66470130383407,1.72440517780481,1.60769447208664,1.62394902602413
"Hong Kong SAR, China",HKG,Gini index,SI.POV.GINI,..,..,..,..,..,..,..,..,..,..,..,..,..,..,..,..,..,..,..,..,..,..,..,..,..
"Hong Kong SAR, China",HKG,"Government expenditure on education, total (% of GDP)",SE.XPD.TOTL.GD.ZS,..,2.72831010818481,..,..,..,..,3.90370011329651,4.01554012298584,4.28529977798462,4.5589599609375,4.13463020324707,3.84278988838196,3.45455002784729,3.26062989234924,4.39212989807129,3.51003003120422,3.41822004318237,3.50960993766785,3.76031994819641,3.57255005836487,3.26212000846863,3.29269003868103,3.30989003181458,3.32624006271362,3.81017994880676
"Hong Kong SAR, China",HKG,"Unemployment, total (% of total labor force) (national estimate)",SL.UEM.TOTL.NE.ZS,3.22,2.83,2.22,4.58,6.25,4.92,5.09,7.28,7.86,6.74,5.58,4.77,4.01,3.56,5.26,4.329,3.422,3.285,3.4,3.296,3.314,3.392,3.124,2.805,2.917
"Hong Kong SAR, China",HKG,Military expenditure (% of GDP),MS.MIL.XPND.GD.ZS,..,..,..,..,..,..,..,..,..,..,..,..,..,..,..,..,..,..,..,..,..,..,..,..,..
Hungary,HUN,Gini index,SI.POV.GINI,..,..,..,..,..,..,..,..,..,29.9,34.7,28.3,27.9,27.5,27,29.4,29.2,30.8,31.5,30.9,30.4,30.3,30.6,29.6,30
Hungary,HUN,"Government expenditure on education, total (% of GDP)",SE.XPD.TOTL.GD.ZS,4.84748983383179,4.33475017547607,..,4.40864992141724,4.56704998016357,4.86840009689331,4.9310097694397,5.17923021316528,5.7923002243042,5.32762002944946,5.3200798034668,5.28974008560181,5.13495016098022,4.9676399230957,4.94636011123657,4.72375011444092,4.5631799697876,4.14249992370605,4.18921995162964,4.60187005996704,4.49539995193481,4.61547994613647,4.61487007141113,4.62343978881836,4.22488021850586
Hungary,HUN,"Unemployment, total (% of total labor force) (national estimate)",SL.UEM.TOTL.NE.ZS,10.168,10.022,8.991,8.925,6.929,6.563,5.671,5.608,5.79,5.832,7.189,7.494,7.406,7.817,10.03,11.172,11.029,11.003,10.177,7.725,6.813,5.115,4.156,3.709,3.419
Hungary,HUN,Military expenditure (% of GDP),MS.MIL.XPND.GD.ZS,1.32472748303328,1.25906103979783,1.47668440278226,1.2721641748015,1.43361259969176,1.51310022700998,1.57012709014657,1.59377380209258,1.64262159438689,1.47272381889096,1.40983615554013,1.21856650672823,1.26721425125684,1.17976756209114,1.125985152169,1.02199035673629,1.03709056372928,1.02649856116043,0.943403779328103,0.857809630794751,0.904722073336147,1.00201990429055,1.19355289709367,1.00607480181133,1.33550194403956
IBRD only,IBD,Gini index,SI.POV.GINI,..,..,..,..,..,..,..,..,..,..,..,..,..,..,..,..,..,..,..,..,..,..,..,..,..
IBRD only,IBD,"Government expenditure on education, total (% of GDP)",SE.XPD.TOTL.GD.ZS,..,3.50608992576599,..,..,4.22564482688904,3.99243998527527,3.8391250371933,3.83502006530762,3.91868996620178,3.86734998226166,3.9797899723053,3.95924997329712,3.83096492290497,4.10174989700317,4.42976570129395,3.95195496082306,3.98013496398926,4.16420984268188,4.18072319030762,4.25138568878174,4.16068077087402,3.96209001541138,4.13007760047912,3.99742722511292,3.91623997688293
IBRD only,IBD,"Unemployment, total (% of total labor force) (national estimate)",SL.UEM.TOTL.NE.ZS,..,5.10771363015767,5.30805818874821,5.73088957986475,6.0176000777981,5.35624493292864,6.11170989337023,6.68662880070641,6.46145468243798,6.32787528243373,6.86119931327906,5.98285159727924,5.69588974020924,5.67636229017915,5.96523482105928,4.95735560580982,5.55944943339952,4.89328704800675,5.29365224350426,5.3368656292194,..,..,5.56749725269735,6.3082207240149,6.1306444477868
IBRD only,IBD,Military expenditure (% of GDP),MS.MIL.XPND.GD.ZS,2.1489491068561,2.06664584464859,2.05136765902173,1.90653540448871,1.96914197478044,1.89432564817417,1.97238640197255,2.01767924926377,1.98698836215845,1.93150613407079,1.92603035391929,1.89104360353131,1.85346884530037,1.86691428664528,2.04921839462791,1.90184109000138,1.82717200964018,1.87495250496253,1.91566728902304,1.92879241447852,1.94673622413168,1.95109856136615,1.87906703334129,1.80928695618135,1.83629789871817
Iceland,ISL,Gini index,SI.POV.GINI,..,..,..,..,..,..,..,..,26.8,28,29,30.2,29.5,31.8,28.7,26.2,26.8,26.8,25.4,27.8,26.8,27.2,26.1,..,..
Iceland,ISL,"Government expenditure on education, total (% of GDP)",SE.XPD.TOTL.GD.ZS,4.78062009811401,5.21834993362427,..,6.78387022018433,6.43401002883911,6.4314398765564,6.70592021942139,7.29892015457153,7.24507999420166,7.16118001937866,7.33843994140625,7.19521999359131,6.9443302154541,7.03601980209351,7.18984985351562,6.9442400932312,6.78997993469238,7.58223009109497,7.44868993759155,7.6414098739624,7.4579701423645,7.43219995498657,7.58385992050171,7.56349992752075,7.60675001144409
Iceland,ISL,"Unemployment, total (% of total labor force) (national estimate)",SL.UEM.TOTL.NE.ZS,5.196,3.6,3.72,3.069,2.178,1.936,1.874,2.988,3.997,4.031,2.547,2.83,2.251,2.946,7.22,7.564,7.028,6,5.376,4.897,3.979,2.978,2.742,2.704,3.507
Iceland,ISL,Military expenditure (% of GDP),MS.MIL.XPND.GD.ZS,..,..,..,..,..,..,..,..,..,..,..,..,..,..,..,..,..,..,..,..,..,..,..,..,..
IDA & IBRD total,IBT,Gini index,SI.POV.GINI,..,..,..,..,..,..,..,..,..,..,..,..,..,..,..,..,..,..,..,..,..,..,..,..,..
IDA & IBRD total,IBT,"Government expenditure on education, total (% of GDP)",SE.XPD.TOTL.GD.ZS,..,..,..,..,3.60550498962403,3.34339499473572,3.45869994163513,3.38608002662659,3.53504991531372,3.35254001617432,3.51715505123139,3.75944495201111,3.60984992980957,3.85946500301361,4.0983099937439,3.67997002601624,3.7681736946106,3.70372116565705,3.7826600074768,3.82416009902954,3.84400498867035,3.76738393306732,3.78976988792419,3.70673000812531,3.60755932331085
IDA & IBRD total,IBT,"Unemployment, total (% of total labor force) (national estimate)",SL.UEM.TOTL.NE.ZS,..,..,..,..,..,5.35824113018568,..,..,..,..,6.6325695271081,..,..,..,..,4.78282126215991,..,4.80968290660118,..,..,..,..,..,6.1442149863379,6.10082462459148
IDA & IBRD total,IBT,Military expenditure (% of GDP),MS.MIL.XPND.GD.ZS,2.19611361972705,2.09204743652998,2.06777315076341,1.94898239636563,2.05249276930433,1.96977237296816,2.03453208173166,2.07739978756533,2.03918011113569,1.98363655230625,1.95453656894547,1.90640731561227,1.87175119849687,1.8799255209572,2.05653870979718,1.90614036373977,1.8116727349854,1.85658765039179,1.89072249475823,1.90057207313191,1.91532959669824,1.91782216564973,1.85681474011179,1.78554015915745,1.80299351446754
IDA blend,IDB,Gini index,SI.POV.GINI,..,..,..,..,..,..,..,..,..,..,..,..,..,..,..,..,..,..,..,..,..,..,..,..,..
IDA blend,IDB,"Government expenditure on education, total (% of GDP)",SE.XPD.TOTL.GD.ZS,..,..,..,..,..,..,..,..,..,2.54171502590179,2.35311996936798,..,..,..,..,3.83175992965698,4.70012998580933,4.93121004104614,5.01388120651245,4.7172999382019,4.01304006576538,5.05284810066223,4.70680499076843,3.0132200717926,3.86801564693451
IDA blend,IDB,"Unemployment, total (% of total labor force) (national estimate)",SL.UEM.TOTL.NE.ZS,..,..,..,..,..,..,..,..,..,..,..,..,..,..,..,..,2.5860602401716,..,3.46887635823172,3.38123731039966,4.07496088970964,4.38568955642691,..,..,7.43095474062446
IDA blend,IDB,Military expenditure (% of GDP),MS.MIL.XPND.GD.ZS,1.98531449097912,1.78179855829984,1.65083934120509,1.5879082910158,2.59364258263786,2.40746462881266,2.28518179340167,2.40397983714331,2.17895853008084,2.10501640815634,1.87906855419718,1.62667295996044,1.58738210337635,1.56287356810975,1.52378511666039,1.48689740444799,1.48735129838342,1.51058311523736,1.4483490349087,1.40921720650434,1.352075866632,1.50869980991318,1.60729600279357,1.7311614723006,1.48762771842455
IDA only,IDX,Gini index,SI.POV.GINI,..,..,..,..,..,..,..,..,..,..,..,..,..,..,..,..,..,..,..,..,..,..,..,..,..
IDA only,IDX,"Government expenditure on education, total (% of GDP)",SE.XPD.TOTL.GD.ZS,..,..,..,..,2.73165500164032,2.57921004295349,2.707200050354,2.68510496616364,..,2.91176009178162,3.3371399641037,3.00991988182068,3.07841992378235,3.2510449886322,3.1739399433136,3.34388995170593,3.12436997890473,3.3106449842453,3.25525999069214,3.31416988372803,3.39419174194336,3.22929000854492,3.53362989425659,3.457279920578,3.44067001342773
IDA only,IDX,"Unemployment, total (% of total labor force) (national estimate)",SL.UEM.TOTL.NE.ZS,..,..,..,..,..,..,..,..,..,..,..,..,..,..,..,..,..,..,..,..,..,..,..,..,..
IDA only,IDX,Military expenditure (% of GDP),MS.MIL.XPND.GD.ZS,3.47899229084311,2.98720761984728,2.90348543807115,3.27880653471141,3.32197251613098,3.08550791373439,3.07595483797614,2.95666054959477,2.85948344898463,2.83682466584417,2.54974719777494,2.45372527475114,2.50772528783725,2.38935086672714,2.56257146885461,2.33253767267316,1.64187981445138,1.649926286439,1.62750544639652,1.62510399644375,1.66203394218469,1.48598662208624,1.53164554280603,1.25484191623308,1.27004961392225
IDA total,IDA,Gini index,SI.POV.GINI,..,..,..,..,..,..,..,..,..,..,..,..,..,..,..,..,..,..,..,..,..,..,..,..,..
IDA total,IDA,"Government expenditure on education, total (% of GDP)",SE.XPD.TOTL.GD.ZS,..,..,..,..,2.73165500164032,2.5650200843811,2.707200050354,2.79313504695893,..,2.81261992454529,3.11453998088837,2.98435497283936,..,3.09853005409241,3.1739399433136,3.34388995170593,3.17111992835999,3.4344699382782,3.30608010292053,3.31992995738984,3.39419174194336,3.28257989883423,3.53558993339539,3.32295989990234,3.48568081855774
IDA total,IDA,"Unemployment, total (% of total labor force) (national estimate)",SL.UEM.TOTL.NE.ZS,..,..,..,..,..,..,..,..,..,..,..,..,..,..,..,..,..,..,..,..,..,..,..,..,..
IDA total,IDA,Military expenditure (% of GDP),MS.MIL.XPND.GD.ZS,2.68197243084255,2.33267521282466,2.22476683818666,2.35491769852965,3.03564557697873,2.80169231952262,2.73754075049899,2.71492050714191,2.5747016479585,2.53020449294188,2.26240471450719,2.07535515590567,2.0887605502374,2.03073529593374,2.14177176420224,1.96125516065092,1.56138816951041,1.57904138448889,1.53754865819397,1.51561829584746,1.51292583830294,1.49599406021366,1.56328769034708,1.47318038776557,1.36498323621801
India,IND,Gini index,SI.POV.GINI,..,..,..,..,..,..,..,..,..,34.4,..,..,..,..,35.4,..,35.7,..,..,..,34.7,34.8,35.9,34.6,35
India,IND,"Government expenditure on education, total (% of GDP)",SE.XPD.TOTL.GD.ZS,..,..,3.3613600730896,3.57256007194519,4.41539001464844,4.32479000091553,..,..,3.61340999603271,3.35254001617432,3.18875002861023,3.14284992218018,..,..,3.27824997901917,3.377690076828,3.79618000984192,4.08479833602905,3.84467005729675,3.89878034591675,4.11499166488647,..,4.30639696121216,..,..
India,IND,"Unemployment, total (% of total labor force) (national estimate)",SL.UEM.TOTL.NE.ZS,..,..,..,..,..,2.731,..,..,..,..,8.697,..,..,..,..,3.115,..,3.222,..,..,..,..,..,7.652,6.51
India,IND,Military expenditure (% of GDP),MS.MIL.XPND.GD.ZS,2.57848357246069,2.4727682254674,2.64773242601716,2.72731141679376,2.95719564743412,2.94892990622572,2.9244355462896,2.82686683045838,2.67777693222748,2.82875224798105,2.91058750164482,2.68038156022763,2.47824652803557,2.63146078124112,3.12938472737472,2.88946327164641,2.70448222276966,2.61816634758562,2.5488248901417,2.54398176462257,2.45745006060163,2.54315152114541,2.53151136056791,2.42428452604417,2.54862217391745
Indonesia,IDN,Gini index,SI.POV.GINI,..,35.6,..,32.2,32.1,29.5,30,32.8,33,33.9,34.1,35.3,36.7,36.1,36,37.2,40.5,40.5,40.8,40.2,40.4,39.3,38.8,38.4,37.6
Indonesia,IDN,"Government expenditure on education, total (% of GDP)",SE.XPD.TOTL.GD.ZS,1.00434994697571,1.07854998111725,1.07208001613617,..,..,..,2.46003007888794,2.64568996429443,3.21799993515015,2.74847006797791,2.8728199005127,..,3.04425001144409,2.90190005302429,3.52513003349304,2.81227993965149,3.18944001197815,3.40748000144958,3.35904002189636,3.28800988197327,3.58360004425049,3.56997132301331,2.66997861862183,2.75422644615173,2.84207797050476
Indonesia,IDN,"Unemployment, total (% of total labor force) (national estimate)",SL.UEM.TOTL.NE.ZS,..,4.861,4.684,5.459,6.358,6.078,6.082,6.604,6.658,7.303,7.945,7.551,8.06,7.209,6.106,5.614,5.153,4.468,4.336,4.049,4.514,4.301,3.783,4.387,3.59
Indonesia,IDN,Military expenditure (% of GDP),MS.MIL.XPND.GD.ZS,1.22630986064236,1.26439252827808,1.49774173762735,1.01911684387405,0.810812654015076,0.684483763500435,0.572792652704213,0.700120208801041,0.909285036773652,0.945714621727218,0.750789394004931,0.65870277762871,0.71236193115127,0.578945804493387,0.571133891996423,0.617587091951932,0.653776702606807,0.711549473406383,0.918769839183066,0.777855178232831,0.882266734481239,0.792220213496852,0.865191376221992,0.718928190476345,0.728563743551525
"Iran, Islamic Rep.",IRN,Gini index,SI.POV.GINI,..,..,..,44.1,..,..,..,..,..,..,43.6,44.8,..,..,42.1,..,..,..,37.4,38.8,39.5,40,40.8,42,40.9
"Iran, Islamic Rep.",IRN,"Government expenditure on education, total (% of GDP)",SE.XPD.TOTL.GD.ZS,4.08180999755859,3.53776001930237,..,..,4.22040987014771,4.03064012527466,4.07168006896973,4.48487997055054,4.36322021484375,4.29662990570068,4.05650997161865,4.28998994827271,4.59680986404419,3.91375994682312,3.84244990348816,3.70918011665344,3.48497009277344,2.93899989128113,2.85279011726379,2.61668992042542,2.62911009788513,3.17396998405457,3.45956993103027,3.61979007720947,3.25775003433228
"Iran, Islamic Rep.",IRN,"Unemployment, total (% of total labor force) (national estimate)",SL.UEM.TOTL.NE.ZS,..,9.1,..,..,..,..,..,12.8,..,10.3,11.813,11.519,10.772,10.63,12.113,13.679,12.491,12.275,10.595,10.68,11.166,12.618,12.232,12.195,10.74
"Iran, Islamic Rep.",IRN,Military expenditure (% of GDP),MS.MIL.XPND.GD.ZS,2.15416588498039,2.24486451064281,2.49887472505777,2.62907924769004,2.40455173780106,2.29504222152572,2.41817929679324,2.17457636612743,2.4050402653569,2.83455780463948,3.03665449804817,3.31519380033441,2.65398282115891,2.68334192055637,3.04770554917662,2.7865480606164,2.38163454250427,2.68660846849974,2.18077190909837,2.11655706144949,2.55709080686915,2.79643556281004,2.8443384495596,2.24343449628841,2.00613630912015
Iraq,IRQ,Gini index,SI.POV.GINI,..,..,..,..,..,..,..,..,..,..,..,28.6,..,..,..,..,..,29.5,..,..,..,..,..,..,..
Iraq,IRQ,"Government expenditure on education, total (% of GDP)",SE.XPD.TOTL.GD.ZS,..,..,..,..,..,..,..,..,..,..,..,..,..,..,..,..,..,..,..,..,..,..,..,..,..
Iraq,IRQ,"Unemployment, total (% of total labor force) (national estimate)",SL.UEM.TOTL.NE.ZS,..,..,..,..,..,..,..,..,..,..,..,..,8.646,..,..,..,..,7.965,..,10.59,..,10.82,13.02,..,..
Iraq,IRQ,Military expenditure (% of GDP),MS.MIL.XPND.GD.ZS,..,..,..,..,..,..,..,..,..,1.67558936789706,2.24258030532454,1.89757172208062,2.23992802514508,2.36775982414374,2.89914007639814,2.70935227972459,2.30344021962536,1.89956836613945,3.31583096149399,2.9506139914123,5.41292532011925,3.56348920180649,3.86234425591071,2.83413771023678,3.27892893664877
Ireland,IRL,Gini index,SI.POV.GINI,37,35.6,..,..,..,33,..,32.3,32.9,33.6,33.8,32.7,31.9,30.9,32.7,32.3,32.9,33.2,33.5,31.9,31.8,32.8,31.4,30.6,30.8
Ireland,IRL,"Government expenditure on education, total (% of GDP)",SE.XPD.TOTL.GD.ZS,4.87162017822266,4.75392007827759,..,4.28753995895386,4.13379001617432,4.13225984573364,4.08749008178711,4.10487985610962,4.20493984222412,4.48296022415161,4.51898002624512,4.54742002487183,4.71541023254395,5.45828008651733,6.15610980987549,..,..,..,..,..,..,..,..,3.38675999641418,..
Ireland,IRL,"Unemployment, total (% of total labor force) (national estimate)",SL.UEM.TOTL.NE.ZS,11.97,11.692,10.192,7.699,5.804,4.318,3.684,4.216,4.478,4.491,4.343,4.415,4.98,6.774,12.609,14.534,15.354,15.451,13.735,11.858,9.908,8.374,6.713,5.741,4.95
Ireland,IRL,Military expenditure (% of GDP),MS.MIL.XPND.GD.ZS,1.01435938826102,0.989927158967187,0.92406612738302,0.823869515994083,0.750676498659298,0.695697742113547,0.703517156269364,0.634013720386081,0.587540935936822,0.568322292110072,0.540612698817302,0.51315124388682,0.508754794161221,0.576987820203192,0.601169020641842,0.574760721661621,0.544777356237159,0.512995960104951,0.501845593229702,0.460824185574416,0.341856403142522,0.335189531022149,0.306820974138406,0.287173967490535,0.278633920598915
Isle of Man,IMN,Gini index,SI.POV.GINI,..,..,..,..,..,..,..,..,..,..,..,..,..,..,..,..,..,..,..,..,..,..,..,..,..
Isle of Man,IMN,"Government expenditure on education, total (% of GDP)",SE.XPD.TOTL.GD.ZS,..,..,..,..,..,..,..,..,..,..,..,..,..,..,..,..,..,..,..,..,..,..,..,..,..
Isle of Man,IMN,"Unemployment, total (% of total labor force) (national estimate)",SL.UEM.TOTL.NE.ZS,4.4,3.54,..,..,0.8,0.6,1.6,0.5,0.8,1,1.4,2.42,1.4,1.4,..,..,3.31,..,2.598,1.98,..,2.67,..,..,..
Isle of Man,IMN,Military expenditure (% of GDP),MS.MIL.XPND.GD.ZS,..,..,..,..,..,..,..,..,..,..,..,..,..,..,..,..,..,..,..,..,..,..,..,..,..
Israel,ISR,Gini index,SI.POV.GINI,..,..,38.1,..,..,..,38.9,39.6,40.7,41.5,42.3,41.6,41.1,41.6,42.6,42.5,41.4,41.6,40.2,39.8,39.7,39,38.2,38.6,..
Israel,ISR,"Government expenditure on education, total (% of GDP)",SE.XPD.TOTL.GD.ZS,..,..,..,6.42640018463135,6.2209300994873,5.95195007324219,6.19316005706787,6.26281976699829,6.13994979858398,5.75347995758057,5.58138990402222,5.59218978881836,5.34991979598999,5.42434978485107,5.37785005569458,5.43390989303589,5.45581007003784,5.58893013000488,5.78415012359619,5.70471000671387,5.7976598739624,5.79980993270874,6.00771999359131,6.06284999847412,6.05673980712891
Israel,ISR,"Unemployment, total (% of total labor force) (national estimate)",SL.UEM.TOTL.NE.ZS,8.782,8.455,9.751,10.749,11.183,11.102,11.812,12.888,13.505,13.029,11.342,10.707,9.379,7.704,9.534,8.48,7.139,6.762,6.137,5.789,5.176,4.723,4.14,3.917,3.731
Israel,ISR,Military expenditure (% of GDP),MS.MIL.XPND.GD.ZS,7.91874390646774,7.72965418733875,7.47926785987447,6.98021666560999,6.53012330164809,6.29716498346273,6.50806312310061,6.59401334001594,6.48640597347599,6.35803511317661,6.26491269041474,6.04956445483926,6.367865558416,6.39180109737032,6.14811192852559,5.93634502858407,5.76961982715994,5.64197274014679,5.45718721425508,5.6429116296547,5.42397037752075,5.41478205429478,5.43006103564793,5.28282858902518,5.0528461529668
Italy,ITA,Gini index,SI.POV.GINI,35.2,..,..,36.7,..,35.3,..,..,34.9,34.3,33.8,33.7,32.9,33.8,33.8,34.7,35.1,35.2,34.9,34.7,35.4,35.2,35.9,35.2,34.6
Italy,ITA,"Government expenditure on education, total (% of GDP)",SE.XPD.TOTL.GD.ZS,4.31864976882935,4.44763994216919,..,4.45031023025513,4.51084995269775,4.29107999801636,4.65009021759033,4.43240976333618,4.54179000854492,4.38520002365112,4.23829984664917,4.52545022964478,4.10503005981445,4.38794994354248,4.52371978759766,4.33411979675293,4.11568021774292,4.05601978302002,4.14367008209229,4.06127977371216,4.07362985610962,3.81578993797302,4.04493999481201,4.25614023208618,4.09527015686035
Italy,ITA,"Unemployment, total (% of total labor force) (national estimate)",SL.UEM.TOTL.NE.ZS,11.661,11.864,11.985,12.117,11.681,10.834,9.599,9.211,8.869,7.866,7.731,6.777,6.076,6.723,7.749,8.363,8.359,10.655,12.149,12.683,11.896,11.688,11.211,10.61,9.952
Italy,ITA,Military expenditure (% of GDP),MS.MIL.XPND.GD.ZS,1.46784314334637,1.58849227935037,1.62669279946621,1.64450887913205,1.68329979808882,1.74105950432123,1.67936473768145,1.7061872461629,1.70899553724228,1.68267326961679,1.60096876399271,1.52134332564687,1.44705251876997,1.53567479652557,1.55421070227095,1.50049457592519,1.47595659708976,1.42692488876226,1.39902128680429,1.28296965427672,1.20822825265709,1.33483525169556,1.35737048101487,1.35929101145422,1.31150962472626
Jamaica,JAM,Gini index,SI.POV.GINI,..,40.4,..,..,44.1,..,..,48.3,..,45.5,..,..,..,..,..,..,..,..,..,..,..,..,..,..,..
Jamaica,JAM,"Government expenditure on education, total (% of GDP)",SE.XPD.TOTL.GD.ZS,3.38908004760742,3.67773008346558,4.37953996658325,..,..,4.98346996307373,5.38103008270264,5.37522983551025,4.25684976577759,3.91254997253418,4.61641979217529,..,5.49022006988525,6.19131994247437,6.19848012924194,6.37060022354126,6.26664018630981,6.11246013641357,6.25108003616333,6.01586008071899,5.45521020889282,5.31461000442505,5.26016998291016,5.41380977630615,5.16364002227783
Jamaica,JAM,"Unemployment, total (% of total labor force) (national estimate)",SL.UEM.TOTL.NE.ZS,16.23,16.01,16.35,15.5,15.74,15.539,14.93,14.191,11.731,12.205,11.263,10.325,9.745,6.666,7.314,7.63,8.034,8.695,9.698,9.046,13.511,8.634,7.399,5.47,4.987
Jamaica,JAM,Military expenditure (% of GDP),MS.MIL.XPND.GD.ZS,0.538709243142773,0.567656626792595,0.655054826817414,0.544947828971664,0.511051526418673,0.486319761296974,0.504358949501446,0.585431033566746,0.581596297588658,0.53596996755953,0.527663694618897,0.608922318763779,0.65245791026588,0.953354273523125,0.947227444976472,0.874179484221201,0.925165752936644,0.929536056664277,0.898967963739861,0.872784216786518,0.872353476007681,0.954831298098327,0.973433068165328,1.33284679598136,1.68152578167608
Japan,JPN,Gini index,SI.POV.GINI,..,..,..,..,..,..,..,..,..,..,..,..,..,34.8,..,32.1,..,..,32.9,..,..,..,..,..,..
Japan,JPN,"Government expenditure on education, total (% of GDP)",SE.XPD.TOTL.GD.ZS,3.40211009979248,..,..,3.29797005653381,3.37812995910645,3.46011996269226,3.40082001686096,3.40898990631104,3.46662998199463,3.42611002922058,3.31493997573853,3.27667999267578,3.27934002876282,3.27241992950439,3.5559778213501,3.59951996803284,3.60527992248535,3.64741992950439,3.62496995925903,3.55158996582031,3.22902536392212,3.14643001556396,3.13057994842529,3.07782006263733,3.15533995628357
Japan,JPN,"Unemployment, total (% of total labor force) (national estimate)",SL.UEM.TOTL.NE.ZS,3.15,3.383,3.374,4.078,4.677,4.748,5.02,5.386,5.251,4.734,4.446,4.192,3.888,4.002,5.068,5.103,4.55,4.358,4.038,3.589,3.385,3.132,2.822,2.467,2.351
Japan,JPN,Military expenditure (% of GDP),MS.MIL.XPND.GD.ZS,0.916876617063548,0.911247075685009,0.920437898126436,0.938594774652954,0.94524833744442,0.915985609742523,0.931672842050063,0.940357539781883,0.940046609654355,0.926604015973528,0.916916800183882,0.902988432465036,0.884987382290183,0.907855045566342,0.972969565505525,0.94903256103587,0.974823549750829,0.956761841659896,0.940538501428935,0.957800922146808,0.947283518613377,0.929516816486597,0.913229492309334,0.962497356862304,0.99223146563367
Jordan,JOR,Gini index,SI.POV.GINI,..,..,36.4,..,..,..,..,37,..,..,..,33.9,..,32.6,..,33.7,..,..,..,..,..,..,..,..,..
Jordan,JOR,"Government expenditure on education, total (% of GDP)",SE.XPD.TOTL.GD.ZS,..,7.47691011428833,6.36482000350952,..,4.94366979598999,..,..,..,..,..,..,..,..,..,..,..,..,..,..,..,..,3.45282006263733,3.21305990219116,2.95461988449097,2.98846006393433
Jordan,JOR,"Unemployment, total (% of total labor force) (national estimate)",SL.UEM.TOTL.NE.ZS,14.6,13.7,..,..,..,13.7,14.7,15.3,14.5,..,14.8,14,13.1,12.7,12.9,12.5,12.9,12.2,12.6,11.9,13.075,15.275,18.12,18.257,16.801
Jordan,JOR,Military expenditure (% of GDP),MS.MIL.XPND.GD.ZS,4.45424850464514,6.02691751674709,6.13150620936661,6.27462165100982,6.28223322141843,6.25655642564826,5.89307853514787,5.44601446661176,6.00105948173936,5.14172128874042,4.79532278988433,4.65932400854871,5.85128256624216,5.99497156149729,6.39138388037152,5.74149982771799,5.40164163067694,4.65572090662121,4.19373981956594,4.20345261907888,4.1851629472753,4.43550630070496,4.6843537414966,4.56009087117148,4.56624818837005
Kazakhstan,KAZ,Gini index,SI.POV.GINI,..,35.4,..,..,..,..,36,34.8,33.7,31.8,39.8,30.2,30.1,28.5,28.2,28,28,28.2,27.1,27,26.8,27.2,27.5,27.8,..
Kazakhstan,KAZ,"Government expenditure on education, total (% of GDP)",SE.XPD.TOTL.GD.ZS,4.0344500541687,3.92371010780334,4.37342977523804,..,3.89257001876831,3.25661993026733,3.27934145927429,3.02970004081726,3.23048210144043,2.25590991973877,2.26353001594543,2.62678003311157,2.83138990402222,2.58945989608765,3.06071996688843,3.46225738525391,3.49352097511292,3.90163707733154,3.4373152256012,3.42450284957886,2.7885799407959,2.97810006141663,2.75081992149353,2.61595010757446,2.8569700717926
Kazakhstan,KAZ,"Unemployment, total (% of total labor force) (national estimate)",SL.UEM.TOTL.NE.ZS,10.98,12.96,13.01,13.13,13.46,12.75,10.43,9.33,8.78,8.4,8.13,7.79,7.26,6.63,6.55,5.77,5.39,5.29,5.2,5.06,4.93,4.96,4.9,4.85,4.8
Kazakhstan,KAZ,Military expenditure (% of GDP),MS.MIL.XPND.GD.ZS,1.03242166274226,1.20199445983379,1.11293900645579,1.14973828325921,0.819607059409027,0.784645080413813,0.99981747947367,0.998337701524197,1.02992745863145,0.988239740954479,1.03632123942771,0.97899879573514,1.29687682152726,1.15466850608291,1.10303324145897,1.01441556484772,0.93651358475802,1.04690637071706,1.07808460394627,1.0416921334727,..,0.933551765285713,0.831894968007788,0.835625758457601,1.02091636689134
Kenya,KEN,Gini index,SI.POV.GINI,..,..,45,..,..,..,..,..,..,..,46.5,..,..,..,..,..,..,..,..,..,40.8,..,..,..,..
Kenya,KEN,"Government expenditure on education, total (% of GDP)",SE.XPD.TOTL.GD.ZS,..,..,..,..,5.32323980331421,5.1867299079895,5.20621013641357,6.17199993133545,6.49426984786987,6.79692983627319,7.3356499671936,7.04983997344971,..,..,4.01999998092651,4.81548976898193,4.70012998580933,4.93121004104614,4.83721017837524,4.7172999382019,4.74350023269653,4.89518022537231,4.96308994293213,5.10761976242065,4.57799243927002
Kenya,KEN,"Unemployment, total (% of total labor force) (national estimate)",SL.UEM.TOTL.NE.ZS,..,..,..,..,9.76,..,..,..,..,..,9.957,..,..,..,9.6,..,..,..,..,..,..,2.757,..,..,5.014
Kenya,KEN,Military expenditure (% of GDP),MS.MIL.XPND.GD.ZS,1.64671623136492,1.4179547033567,1.34063859838611,1.22012251882916,1.18697414805458,1.31374203224597,1.50475490196078,1.63240781121287,1.65009984272562,1.61419423692636,1.69058701379422,1.45517741016444,1.54791227998168,1.61585029427424,1.36507571681354,1.3699852575929,1.37974304585955,1.48957729008126,1.39539650803677,1.19943336712808,1.20316940776845,1.24730980077159,1.23759393351972,1.20738542529625,1.11257115441069
Kiribati,KIR,Gini index,SI.POV.GINI,..,..,..,..,..,..,..,..,..,..,..,37,..,..,..,..,..,..,..,..,..,..,..,..,27.8
Kiribati,KIR,"Government expenditure on education, total (% of GDP)",SE.XPD.TOTL.GD.ZS,..,..,..,..,10.8710098266602,11.1858701705933,11.9881200790405,..,..,..,..,..,..,..,..,..,13.0445995330811,13.4276657104492,13.2187795639038,12.9531269073486,12.1140260696411,13.4831161499023,13.5754632949829,..,13.5741233825684
Kiribati,KIR,"Unemployment, total (% of total labor force) (national estimate)",SL.UEM.TOTL.NE.ZS,..,..,..,..,..,..,..,..,..,..,14.65,..,..,..,..,30.58,..,..,..,..,9.335,..,..,..,8.557
Kiribati,KIR,Military expenditure (% of GDP),MS.MIL.XPND.GD.ZS,..,..,..,..,..,..,..,..,..,..,..,..,..,..,..,..,..,..,..,..,..,..,..,..,..
"Korea, Dem. People's Rep.",PRK,Gini index,SI.POV.GINI,..,..,..,..,..,..,..,..,..,..,..,..,..,..,..,..,..,..,..,..,..,..,..,..,..
"Korea, Dem. People's Rep.",PRK,"Government expenditure on education, total (% of GDP)",SE.XPD.TOTL.GD.ZS,..,..,..,..,..,..,..,..,..,..,..,..,..,..,..,..,..,..,..,..,..,..,..,..,..
"Korea, Dem. People's Rep.",PRK,"Unemployment, total (% of total labor force) (national estimate)",SL.UEM.TOTL.NE.ZS,..,..,..,..,..,..,..,..,..,..,..,..,..,..,..,..,..,..,..,..,..,..,..,..,..
"Korea, Dem. People's Rep.",PRK,Military expenditure (% of GDP),MS.MIL.XPND.GD.ZS,..,..,..,..,..,..,..,..,..,..,..,..,..,..,..,..,..,..,..,..,..,..,..,..,..
"Korea, Rep.",KOR,Gini index,SI.POV.GINI,..,..,..,..,..,..,..,..,..,..,..,31.7,..,32.3,..,32,..,31.6,..,31.2,..,31.4,..,..,..
"Korea, Rep.",KOR,"Government expenditure on education, total (% of GDP)",SE.XPD.TOTL.GD.ZS,2.93543004989624,..,..,3.36813998222351,3.3692901134491,..,..,..,..,..,..,..,..,..,3.91358160972595,3.52756690979004,..,..,..,..,4.45423793792725,4.33309984207153,4.32823991775513,4.45807981491089,4.68465995788574
"Korea, Rep.",KOR,"Unemployment, total (% of total labor force) (national estimate)",SL.UEM.TOTL.NE.ZS,2.063,2.048,2.608,6.963,6.342,4.063,3.699,3.046,3.348,3.42,3.482,3.254,3.013,2.959,3.363,3.324,2.992,2.812,2.747,3.082,3.546,3.65,3.653,3.824,3.746
"Korea, Rep.",KOR,Military expenditure (% of GDP),MS.MIL.XPND.GD.ZS,2.8923329861881,2.74347966333348,2.66338780772064,2.79444200391705,2.49257721979611,2.45731751955534,2.42787774091322,2.31547437727618,2.32866461778874,2.33106488784499,2.46728273718568,2.48836866984537,2.46963885628269,2.48940276894302,2.60351410605304,2.46271920274076,2.47295558071308,2.49929988050229,2.50300902333872,2.52993578083201,2.49498136452362,2.45957788108271,2.42148900075187,2.4968437078958,2.67129907792582
Kosovo,XKX,Gini index,SI.POV.GINI,..,..,..,..,..,..,..,..,29,..,31.2,30.3,..,..,31.8,33.3,27.8,29,26.3,27.3,26.5,26.7,29,..,..
Kosovo,XKX,"Government expenditure on education, total (% of GDP)",SE.XPD.TOTL.GD.ZS,..,..,..,..,..,..,..,..,..,..,..,..,..,..,..,..,..,..,..,..,..,..,..,..,..
Kosovo,XKX,"Unemployment, total (% of total labor force) (national estimate)",SL.UEM.TOTL.NE.ZS,..,..,..,..,..,11.629,57,55,49.7,39.7,41.4,44.9,46.3,47.5,45.4,..,..,30.879,29.766,35.264,32.84,27.491,30.344,27.761,25.069
Kosovo,XKX,Military expenditure (% of GDP),MS.MIL.XPND.GD.ZS,..,..,..,..,..,..,..,..,..,..,..,..,..,0.0163027941392356,0.481597270513536,0.722607027057869,0.804775949375424,0.703953736091019,0.721740710505352,0.758329267674349,0.794280304031609,0.777868142388861,0.802899727206653,0.804420588442497,0.831727171719462
Kuwait,KWT,Gini index,SI.POV.GINI,..,..,..,..,..,..,..,..,..,..,..,..,..,..,..,..,..,..,..,..,..,..,..,..,..
Kuwait,KWT,"Government expenditure on education, total (% of GDP)",SE.XPD.TOTL.GD.ZS,..,5.85961008071899,5.5826301574707,..,..,..,6.5858302116394,6.551109790802,5.2112922668457,5.53506994247437,4.73833990097046,3.75997996330261,..,..,..,..,..,..,..,..,..,..,..,..,..
Kuwait,KWT,"Unemployment, total (% of total labor force) (national estimate)",SL.UEM.TOTL.NE.ZS,..,0.7,0.7,0.7,0.7,0.8,0.8,1.1,1.3,1.7,1.95,1.3,1.5,1.75,1.64,1.82,..,..,..,2.9,2.2,2.16,..,..,..
Kuwait,KWT,Military expenditure (% of GDP),MS.MIL.XPND.GD.ZS,13.5815813052368,10.2926484718519,8.0864758714549,8.79655979257573,7.59022387888794,7.15014865654555,7.70062608489699,7.39919407029019,6.54392425039453,5.80446088589746,4.34302594160701,3.54264578632145,3.59032675886877,3.00607272121515,3.97180632341079,3.7561481418781,3.50139726568748,3.41374157981372,3.27153182701652,3.58561842128005,5.0074693972269,5.89351944288143,5.60744536433338,5.19085473728776,5.42100598376451
Kyrgyz Republic,KGZ,Gini index,SI.POV.GINI,..,..,..,..,..,31,30.2,30.3,28.7,34.8,32.6,37.4,33.9,31.5,29.9,30.1,27.8,27.4,28.8,26.8,29,26.8,27.3,27.7,29.7
Kyrgyz Republic,KGZ,"Government expenditure on education, total (% of GDP)",SE.XPD.TOTL.GD.ZS,6.15642976760864,4.90260982513428,..,4.91963005065918,4.0852198600769,3.50838994979858,3.85418009757996,4.44545984268188,4.47541999816895,4.62243986129761,4.87383985519409,5.54986000061035,6.46700000762939,5.91318988800049,6.23267984390259,5.81883001327515,6.79061985015869,7.38423013687134,6.78020000457764,5.53159999847412,5.98550987243652,6.58615016937256,6.02618980407715,5.55267000198364,5.36674976348877
Kyrgyz Republic,KGZ,"Unemployment, total (% of total labor force) (national estimate)",SL.UEM.TOTL.NE.ZS,..,..,..,..,..,7.54,7.84,12.55,9.92,8.53,8.11,8.27,8.1,8.22,8.41,6.007,5.824,4.67,4.296,4.051,3.364,3.249,2.655,3.673,4.252
Kyrgyz Republic,KGZ,Military expenditure (% of GDP),MS.MIL.XPND.GD.ZS,1.79051693702733,1.54798006777981,1.76301868622844,1.59063408754469,1.85124758944691,1.88267868153659,1.45442256572189,1.61508707879466,1.69672879754716,1.68330677798352,1.61440181141179,1.66563950734665,1.33882185898714,1.18919890963387,1.43310991815544,1.6110185266278,1.39442800442394,1.62797221499078,1.62236082169272,1.7135690234793,1.75202408672204,1.6973895707374,1.57601108875052,1.53725886180592,1.45350773178251
Lao PDR,LAO,Gini index,SI.POV.GINI,..,..,34.9,..,..,..,..,32.6,..,..,..,..,35.4,..,..,..,..,36,..,..,..,..,..,38.8,..
Lao PDR,LAO,"Government expenditure on education, total (% of GDP)",SE.XPD.TOTL.GD.ZS,..,2.42974996566772,2.13019990921021,..,..,1.50369000434875,1.9902800321579,2.82522010803223,..,2.41300010681152,2.4140899181366,2.95879006385803,3.07841992378235,2.27854990959167,1.65485000610352,1.70978999137878,1.70801997184753,1.82147002220154,3.23380994796753,2.93780994415283,2.73689794540405,2.77442979812622,2.4979727268219,2.33501219749451,2.12201404571533
Lao PDR,LAO,"Unemployment, total (% of total labor force) (national estimate)",SL.UEM.TOTL.NE.ZS,2.6,..,..,..,..,..,..,..,..,..,1.35,..,..,..,..,0.708,..,..,..,..,..,..,3.269,..,..
Lao PDR,LAO,Military expenditure (% of GDP),MS.MIL.XPND.GD.ZS,5.83419558712492,4.1867068435997,3.83900703742237,2.59421725390312,1.0577425788587,0.791543216650207,0.717115235195965,0.583934898389787,0.492156926196989,0.433725286362231,0.392508608502655,0.343162744772127,0.312173796332908,0.273820907156906,0.217194753335539,0.204567128983702,0.212126552452257,0.199455064976167,0.189895181780941,..,..,..,..,..,..
Late-demographic dividend,LTE,Gini index,SI.POV.GINI,..,..,..,..,..,..,..,..,..,..,..,..,..,..,..,..,..,..,..,..,..,..,..,..,..
Late-demographic dividend,LTE,"Government expenditure on education, total (% of GDP)",SE.XPD.TOTL.GD.ZS,3.81464004516602,3.78422498703003,..,4.13832998275757,4.13379001617432,3.85399007797241,3.89494001865387,4.07684493064881,4.20956993103027,4.07934999465942,3.9797899723053,3.91671991348267,4.20983982086182,4.1646499633789,4.63024997711181,4.25867486000061,4.10555005073548,4.16420984268188,4.29638004302979,4.33084011077881,4.47038984298706,4.34598445892334,4.25155448913574,4.06468784809113,3.94788980484009
Late-demographic dividend,LTE,"Unemployment, total (% of total labor force) (national estimate)",SL.UEM.TOTL.NE.ZS,4.49493785545025,4.53743548758134,4.82390147102586,5.07828942018897,5.36090627235109,5.16553937188477,5.33434015137225,5.67957309324961,5.71499536366722,5.52895523034617,5.5523079469988,5.214387777283,4.91001063984265,5.05427470802794,5.34373989680459,4.69485015060546,4.85920411749329,4.7475692215632,4.68010615309053,4.6186531335395,..,..,4.89153932633982,5.43112808887135,5.57147844011047
Late-demographic dividend,LTE,Military expenditure (% of GDP),MS.MIL.XPND.GD.ZS,2.42835532979555,2.31900785159721,2.33327730492913,2.17365158641643,2.25563024401023,2.28430832100331,2.37105274282938,2.38049442683879,2.2781085921136,2.18322136747598,2.1236517897143,2.08357951304048,2.02850065378831,2.02560266639059,2.20500525008686,2.07992747791149,2.00823427293075,2.07382717386604,2.10309857006241,2.0997276673851,2.05711893016274,2.05751245348738,1.94150890112494,1.87327391792362,1.87572330863323
Latin America & Caribbean,LCN,Gini index,SI.POV.GINI,..,..,..,..,..,..,..,..,..,..,..,..,..,..,..,..,..,..,..,..,..,..,..,..,..
Latin America & Caribbean,LCN,"Government expenditure on education, total (% of GDP)",SE.XPD.TOTL.GD.ZS,2.98508501052856,..,..,3.32312989234924,3.75450503826141,3.75707006454468,3.84468007087708,4.01734018325806,3.72686994075775,3.91254997253418,..,3.91671991348267,4.08301019668579,4.82006978988647,5.46355009078979,4.83382987976074,4.46608018875122,4.64307022094727,4.87855005264282,4.69056987762451,4.47038984298706,4.36420011520386,4.46804499626159,4.46144795417786,4.55530500411987
Latin America & Caribbean,LCN,"Unemployment, total (% of total labor force) (national estimate)",SL.UEM.TOTL.NE.ZS,8.44387993966765,8.89291688934815,8.57531059253099,8.98421816671438,9.73641808484462,..,9.06614341872232,9.85804235986222,9.40324595776045,8.45220928682029,8.32987422591611,7.2417500626591,7.36542004088202,6.75656682211975,7.78052780584909,..,6.59701857943087,6.41459569286001,6.19478277255109,6.00990601869751,6.53099451869977,7.6116538109354,7.9577755247133,7.9707653481035,8.1481519871063
Latin America & Caribbean,LCN,Military expenditure (% of GDP),MS.MIL.XPND.GD.ZS,1.5832466872201,1.50309903868339,1.36083235675223,1.39163979844701,1.31119578135572,1.27232278299262,1.30265579732143,1.22329480356763,1.14790303933707,1.13748725933934,1.21351326052704,1.19685774907517,1.24254589008616,1.28912668405204,1.40405686239663,1.36331417674558,1.28960739311906,1.31080687610626,1.32277436829654,1.27645567194071,1.25509804100076,1.24465616576013,1.26587026761876,1.27453120919782,1.21543103026916
Latin America & Caribbean (excluding high income),LAC,Gini index,SI.POV.GINI,..,..,..,..,..,..,..,..,..,..,..,..,..,..,..,..,..,..,..,..,..,..,..,..,..
Latin America & Caribbean (excluding high income),LAC,"Government expenditure on education, total (% of GDP)",SE.XPD.TOTL.GD.ZS,..,..,..,3.6458649635315,3.80062007904053,3.94893002510071,4.04286015033722,4.01734018325806,3.89594984054565,4.02691495418548,4.47908020019531,4.37217497825623,4.46260023117065,4.84440994262695,5.46355009078979,4.92676997184754,4.9162700176239,5.22446489334107,5.00464010238647,5.25747013092041,4.99870014190674,4.47721004486084,4.52686500549316,4.46144795417786,4.55530500411987
Latin America & Caribbean (excluding high income),LAC,"Unemployment, total (% of total labor force) (national estimate)",SL.UEM.TOTL.NE.ZS,8.3359285747147,8.66235748812736,8.50128682446329,8.95252616604888,9.64469444669725,..,8.93213361317028,9.39364436850619,8.89528618062468,8.32850288805839,8.11229022582528,7.03223396940671,7.30886510887271,6.68168193884062,7.72457725358452,..,6.52633400026933,6.37320291165626,6.16437045816466,5.95539970236578,6.5159610537753,7.77046804423408,8.1286669671718,7.98480638988708,8.18404111586911
Latin America & Caribbean (excluding high income),LAC,Military expenditure (% of GDP),MS.MIL.XPND.GD.ZS,1.53095262328779,1.4677890717919,1.28087633276878,1.32458342831881,1.23120655866321,1.18620574451509,1.22737114630989,1.16744174126448,1.07514884405108,1.04697757106851,1.10688748497412,1.07199071374741,1.14155233387451,1.18794112342338,1.37851319025088,1.35006638139709,1.25228433144427,1.26968654900807,1.26177235905408,1.25087273810817,1.21589894791187,1.20185902299355,1.22284547452101,1.23087606937252,1.17004444520589
Latin America & the Caribbean (IDA & IBRD countries),TLA,Gini index,SI.POV.GINI,..,..,..,..,..,..,..,..,..,..,..,..,..,..,..,..,..,..,..,..,..,..,..,..,..
Latin America & the Caribbean (IDA & IBRD countries),TLA,"Government expenditure on education, total (% of GDP)",SE.XPD.TOTL.GD.ZS,2.98508501052856,..,..,3.30065488815308,3.7083899974823,3.63414001464844,3.8391250371933,3.88385510444642,3.53504991531372,3.74560499191284,..,3.79288995265961,3.85516512393952,4.63908982276917,5.3257451057434,4.67062997817993,4.46608018875122,4.59238719940186,4.69605016708374,4.44840502738952,4.33837985992431,4.36347413063049,4.46804499626159,4.46144795417786,4.51069021224976
Latin America & the Caribbean (IDA & IBRD countries),TLA,"Unemployment, total (% of total labor force) (national estimate)",SL.UEM.TOTL.NE.ZS,8.39600936064098,8.88345123882996,8.56694876520713,9.01776528153748,9.8058128956695,..,9.16134876704436,9.99062135495814,9.53616189263737,8.58125680113449,8.44226510890157,7.33457993757908,7.45767915720089,6.83497305934279,7.86200966828767,..,6.61653895442188,6.42964149767379,6.20500366361572,6.03115150807199,6.5870070018644,7.70142546016722,8.06062717244187,8.08369356949354,8.1474178347819
Latin America & the Caribbean (IDA & IBRD countries),TLA,Military expenditure (% of GDP),MS.MIL.XPND.GD.ZS,1.5832466872201,1.50309903868339,1.36083235675223,1.39163979844701,1.31119578135572,1.27232278299262,1.30265579732143,1.22329480356763,1.14790303933707,1.13748725933934,1.21351326052704,1.19685774907517,1.24254589008616,1.28912668405204,1.37630848105111,1.34046576230508,1.26838662709546,1.27818400600976,1.29480610410219,1.24683018444173,1.2220075024813,1.20894877775531,1.23604710662922,1.24304690596508,1.21543103026916
Latvia,LVA,Gini index,SI.POV.GINI,..,..,..,..,..,..,..,..,..,36.4,39,35.6,37.5,37.2,36,35,35.8,35.2,35.5,35.1,34.2,34.3,35.6,35.1,34.5
Latvia,LVA,"Government expenditure on education, total (% of GDP)",SE.XPD.TOTL.GD.ZS,..,5.2575798034668,5.51279020309448,5.80772018432617,5.53938007354736,5.27427005767822,5.44695997238159,5.60254001617432,5.05714988708496,4.83406019210815,4.76988697052002,4.68466997146606,4.63328981399536,5.36644983291626,5.52265977859497,5.03881978988647,5.07161998748779,6.58270978927612,6.99697017669678,5.28122997283936,5.28251981735229,4.65749979019165,4.36671018600464,4.24356985092163,4.42054986953735
Latvia,LVA,"Unemployment, total (% of total labor force) (national estimate)",SL.UEM.TOTL.NE.ZS,..,20.93,14.9,14.454,13.79,14.211,13.821,13.829,12.061,11.708,10.033,7.03,6.052,7.739,17.515,19.482,16.206,15.047,11.867,10.846,9.873,9.643,8.715,7.412,6.312
Latvia,LVA,Military expenditure (% of GDP),MS.MIL.XPND.GD.ZS,0.805656844387504,0.639144683331598,0.582114908741438,0.587847986496102,0.750940828413688,0.881715011606815,1.04153876427659,1.54220827552533,1.61002427493687,1.59565821670758,1.61062192658035,1.70523464011206,1.55039879604486,1.62264137558566,1.37736784110828,1.0835925294035,1.07114811696512,0.907662242915502,0.938941958353352,0.943460035769368,1.03735427695593,1.45006228291436,1.59351134040875,2.0614980896327,2.01443055910716
Least developed countries: UN classification,LDC,Gini index,SI.POV.GINI,..,..,..,..,..,..,..,..,..,..,..,..,..,..,..,..,..,..,..,..,..,..,..,..,..
Least developed countries: UN classification,LDC,"Government expenditure on education, total (% of GDP)",SE.XPD.TOTL.GD.ZS,..,..,..,..,2.56853008270264,2.59340000152588,2.68282496929169,2.59386992454529,..,2.6897599697113,2.8372700214386,2.83097004890442,..,2.75020003318786,2.92000007629395,3.34388995170593,3.17111992835999,2.98175537586212,3.24453496932983,2.93780994415283,3.21786284446716,2.90522003173828,2.94685506820678,3.19835495948792,3.01338386535645
Least developed countries: UN classification,LDC,"Unemployment, total (% of total labor force) (national estimate)",SL.UEM.TOTL.NE.ZS,..,..,..,..,..,..,..,..,..,..,..,..,..,..,..,..,..,..,..,..,..,..,..,..,..
Least developed countries: UN classification,LDC,Military expenditure (% of GDP),MS.MIL.XPND.GD.ZS,2.35432169765391,2.0031092520918,2.11566594382017,2.27295511639749,2.94035043612496,2.33718570376441,2.16571881637492,2.04410269416936,1.94041854892033,2.15608841667439,1.95256462932178,2.12185801360153,2.19149219916827,2.36563543700462,2.5041977719689,2.08366643690071,1.98744673202836,2.00782685519603,2.17683517384858,2.15621869981328,1.85796607671479,1.60959458372048,1.67522803915321,1.33967020547659,1.34275705221386
Lebanon,LBN,Gini index,SI.POV.GINI,..,..,..,..,..,..,..,..,..,..,..,..,..,..,..,..,31.8,..,..,..,..,..,..,..,..
Lebanon,LBN,"Government expenditure on education, total (% of GDP)",SE.XPD.TOTL.GD.ZS,2.22463011741638,2.0846700668335,..,..,..,..,2.84148001670837,2.55271005630493,..,2.64094996452332,2.64618992805481,2.77975988388062,2.58357000350952,2.01479005813599,1.76570999622345,1.61330997943878,1.65251994132996,2.14902997016907,2.43396997451782,..,..,2.12633323669434,2.13748621940613,2.52722072601318,2.60026550292969
Lebanon,LBN,"Unemployment, total (% of total labor force) (national estimate)",SL.UEM.TOTL.NE.ZS,..,..,8.62,..,..,..,..,..,..,7.85,..,..,8.98,..,6.355,..,..,..,..,..,..,..,..,..,11.301
Lebanon,LBN,Military expenditure (% of GDP),MS.MIL.XPND.GD.ZS,6.71192798911137,5.66185242685313,4.30515463917526,4.02325225638672,4.77043929225137,5.39210030383447,5.44789624491027,4.75330090340514,4.67569110879715,4.51424506886149,4.47893172691688,4.57603784913407,4.63239840402185,4.00131449104104,4.02004200140751,4.12655312377024,4.05865660564424,3.98937634457757,4.16539813900342,4.67817522836761,4.48688434454642,5.06266311306368,4.50513980065137,4.85179457921743,4.24221838501955
Lesotho,LSO,Gini index,SI.POV.GINI,..,..,..,..,..,..,..,51.6,..,..,..,..,..,..,..,..,..,..,..,..,..,..,44.9,..,..
Lesotho,LSO,"Government expenditure on education, total (% of GDP)",SE.XPD.TOTL.GD.ZS,8.64097023010254,..,11.3640098571777,..,12.4993495941162,10.0915498733521,9.36505031585693,10.1004495620728,13.2195701599121,11.1090097427368,12.0796604156494,11.2712802886963,..,12.3295202255249,..,..,8.17000007629395,7.67000007629395,7.28999996185303,7.19999980926514,8.68563556671143,7.80192899703979,8.1553201675415,7.28360986709595,7.19406890869141
Lesotho,LSO,"Unemployment, total (% of total labor force) (national estimate)",SL.UEM.TOTL.NE.ZS,..,..,37.94,..,27.27,..,..,..,..,..,..,..,..,35.46,..,..,..,..,24.58,..,..,..,..,..,16.876
Lesotho,LSO,Military expenditure (% of GDP),MS.MIL.XPND.GD.ZS,3.24188937641956,2.82467366309587,2.71217734729986,2.85192846653195,3.56245119166974,3.28492612837033,2.74417802299373,2.5163929527429,2.36900091916458,2.13166293812828,2.0492596155836,2.07422499066906,2.36815458611088,1.547920805645,2.722681670282,3.16251986795452,2.25555377549931,2.14822824003539,2.02650934722648,1.95379737279179,1.86575796326436,1.96391309240563,2.27078249552627,1.9993940110556,1.84049776969628
Liberia,LBR,Gini index,SI.POV.GINI,..,..,..,..,..,..,..,..,..,..,..,..,36.5,..,..,..,..,..,..,33.2,..,35.3,..,..,..
Liberia,LBR,"Government expenditure on education, total (% of GDP)",SE.XPD.TOTL.GD.ZS,..,..,..,..,..,..,..,..,..,..,..,..,..,1.70166003704071,..,..,..,1.77711999416351,1.69078004360199,2.20005011558533,2.11587476730347,2.11479687690735,2.66330003738403,2.50391006469727,2.493976354599
Liberia,LBR,"Unemployment, total (% of total labor force) (national estimate)",SL.UEM.TOTL.NE.ZS,..,..,..,..,..,..,..,..,..,..,..,..,..,..,..,2.266,..,..,..,2.079,..,3.081,5.947,..,..
Liberia,LBR,Military expenditure (% of GDP),MS.MIL.XPND.GD.ZS,..,..,..,..,..,..,..,..,..,0.634351668877098,0.856442095883425,0.476173999027361,0.311075182608453,0.497952236031321,0.651749770983154,0.816738925922708,1.05878496963336,1.18202743211185,1.08123677293918,1.03252916478791,1.05149809603217,1.06263832185229,0.940009270135755,0.938216027306212,0.940305253925036
Libya,LBY,Gini index,SI.POV.GINI,..,..,..,..,..,..,..,..,..,..,..,..,..,..,..,..,..,..,..,..,..,..,..,..,..
Libya,LBY,"Government expenditure on education, total (% of GDP)",SE.XPD.TOTL.GD.ZS,..,..,..,..,2.26416993141174,..,..,..,..,..,..,..,..,..,..,..,..,..,..,..,..,..,..,..,..
Libya,LBY,"Unemployment, total (% of total labor force) (national estimate)",SL.UEM.TOTL.NE.ZS,..,..,..,..,..,..,..,..,..,..,..,..,..,..,..,..,..,19.03,..,..,..,..,..,..,..
Libya,LBY,Military expenditure (% of GDP),MS.MIL.XPND.GD.ZS,..,..,4.07802671566895,5.29744153194161,3.7838602447132,3.14686367358096,2.41350785849837,2.06923852022456,2.07204807151526,2.07107445674837,1.52811115994456,1.12033540648601,0.946677517254647,1.48985108130425,..,..,..,3.74560382719202,7.63933084825893,15.4795763013832,..,..,..,..,..
Liechtenstein,LIE,Gini index,SI.POV.GINI,..,..,..,..,..,..,..,..,..,..,..,..,..,..,..,..,..,..,..,..,..,..,..,..,..
Liechtenstein,LIE,"Government expenditure on education, total (% of GDP)",SE.XPD.TOTL.GD.ZS,..,..,..,..,..,..,..,..,2.46013998985291,2.43333005905151,..,2.05380988121033,1.92119002342224,2.04836988449097,..,..,2.55604004859924,..,..,..,..,..,..,..,..
Liechtenstein,LIE,"Unemployment, total (% of total labor force) (national estimate)",SL.UEM.TOTL.NE.ZS,0.9,1.6,1.34,1.78,1.78,1.27,1.12,1.45,2.11,2.4,2.66,2.46,2.01,..,..,..,..,..,..,..,..,..,..,..,..
Liechtenstein,LIE,Military expenditure (% of GDP),MS.MIL.XPND.GD.ZS,..,..,..,..,..,..,..,..,..,..,..,..,..,..,..,..,..,..,..,..,..,..,..,..,..
Lithuania,LTU,Gini index,SI.POV.GINI,..,..,..,..,..,..,..,..,..,37,35.3,34.4,34.8,35.7,37.2,33.6,32.5,35.1,35.3,37.7,37.4,38.4,37.3,35.7,35.3
Lithuania,LTU,"Government expenditure on education, total (% of GDP)",SE.XPD.TOTL.GD.ZS,4.76711988449097,4.84522008895874,5.45043992996216,6.11644983291626,..,5.60238599777222,5.84758996963501,5.80007982254028,5.11418008804321,5.17428016662598,4.87839984893799,4.82572984695435,4.59521007537842,4.83990001678467,5.58523988723755,5.29786014556885,5.11343002319336,4.75802993774414,4.60233020782471,4.48657989501953,4.2271900177002,4.004310131073,3.81220006942749,3.89289999008179,3.96757006645203
Lithuania,LTU,"Unemployment, total (% of total labor force) (national estimate)",SL.UEM.TOTL.NE.ZS,17.54,16.4,14.13,13.711,13.388,15.931,16.84,13.008,12.875,10.684,8.325,5.78,4.25,5.826,13.785,17.814,15.39,13.365,11.77,10.698,9.12,7.862,7.073,6.147,6.255
Lithuania,LTU,Military expenditure (% of GDP),MS.MIL.XPND.GD.ZS,0.454372873794607,0.503980009230949,0.747111152854449,1.22925433619046,0.970102491828194,1.21669999047963,1.36194363753379,1.27128874631595,1.12122849806511,1.19594328186275,1.16345400761345,1.16518481322546,1.11360756727258,1.13160855191207,1.08280378279988,0.878659092050565,0.790700848052255,0.765265810142739,0.762907482084214,0.879596257744358,1.13774817357899,1.47750587185705,1.71207046761202,1.96637494666771,1.99761905657542
Low & middle income,LMY,Gini index,SI.POV.GINI,..,..,..,..,..,..,..,..,..,..,..,..,..,..,..,..,..,..,..,..,..,..,..,..,..
Low & middle income,LMY,"Government expenditure on education, total (% of GDP)",SE.XPD.TOTL.GD.ZS,..,..,..,..,3.59293007850647,3.34339499473572,3.4706050157547,3.242840051651,3.3827600479126,3.33961999416351,3.53421509265899,3.82137989997864,3.60314989089966,3.85946500301361,4.01999998092651,3.67997002601624,3.76120185852051,3.70372116565705,3.7826600074768,3.82416009902954,3.85398006439209,3.76761746406555,3.78976988792419,3.69953989982605,3.60665321350097
Low & middle income,LMY,"Unemployment, total (% of total labor force) (national estimate)",SL.UEM.TOTL.NE.ZS,..,..,..,..,..,5.19979964699675,..,..,..,..,6.48690617516448,..,..,..,..,4.69786900977159,..,4.73473644853275,..,..,..,..,..,6.16088107362491,6.13215137022917
Low & middle income,LMY,Military expenditure (% of GDP),MS.MIL.XPND.GD.ZS,2.1723789436836,2.07463748534557,2.03805589698658,1.91914917925539,2.04566661879642,1.96398446839537,2.03719009833287,2.08955782684936,2.04854610459869,1.99096591696279,1.95262863563012,1.90064171841152,1.8700319568426,1.88681165400683,2.09353755768089,1.93347481413377,1.8264237497694,1.87597349440737,1.90545838367595,1.92285663393448,1.92011926797958,1.92664498838964,1.86088766790557,1.78425689516943,1.80009235610718
Low income,LIC,Gini index,SI.POV.GINI,..,..,..,..,..,..,..,..,..,..,..,..,..,..,..,..,..,..,..,..,..,..,..,..,..
Low income,LIC,"Government expenditure on education, total (% of GDP)",SE.XPD.TOTL.GD.ZS,..,..,..,..,3.08017992973328,2.64670991897583,3.00112497806549,2.8962299823761,..,3.14794993400573,..,2.83097004890442,..,2.72311997413635,3.09108507633209,2.7219500541687,3.07762002944946,2.75958490371704,3.05298495292663,3.32569003105164,3.2558000087738,2.93488502502441,2.76899003982544,3.32295989990234,3.38245391845703
Low income,LIC,"Unemployment, total (% of total labor force) (national estimate)",SL.UEM.TOTL.NE.ZS,..,..,..,..,..,..,..,..,..,..,..,..,..,..,..,..,..,..,..,..,..,..,..,..,..
Low income,LIC,Military expenditure (% of GDP),MS.MIL.XPND.GD.ZS,4.57387005413604,4.1001279328663,4.06714321387212,4.5134741965034,4.8289979650556,4.19546546746866,4.37039709260015,4.28970573641128,4.32985205059563,4.20426958303841,3.6128365459223,3.41053948763421,3.36237079978225,3.19974484493174,3.42237680177591,3.16553384557329,..,1.89070653084097,1.99117538626225,1.81269344333082,1.74689292472709,1.44343813837671,1.77740977013929,1.18014244435643,1.24330396723905
Lower middle income,LMC,Gini index,SI.POV.GINI,..,..,..,..,..,..,..,..,..,..,..,..,..,..,..,..,..,..,..,..,..,..,..,..,..
Lower middle income,LMC,"Government expenditure on education, total (% of GDP)",SE.XPD.TOTL.GD.ZS,..,..,..,..,3.61807990074158,2.79134011268616,2.8830599784851,3.02252995967865,3.02476501464843,3.07778000831604,3.43838500976563,3.40350008010864,..,3.91375994682312,3.90160501003266,3.69457507133484,3.78820502758026,4.05141425132751,4.12252616882324,3.54012298583984,4.004634141922,3.92226004600525,3.73654007911682,3.68197274208069,3.48568081855774
Lower middle income,LMC,"Unemployment, total (% of total labor force) (national estimate)",SL.UEM.TOTL.NE.ZS,..,..,..,..,..,4.72069775188293,..,..,..,..,8.12441167203958,..,..,..,..,3.85345702568739,..,4.28330352155333,..,..,..,..,..,6.65621331823372,6.3311795928356
Lower middle income,LMC,Military expenditure (% of GDP),MS.MIL.XPND.GD.ZS,2.48537897370431,2.3491291658276,2.39773434628833,2.38324474080338,2.69594042871989,2.58915921725699,2.62528145789017,2.54535265728148,2.44109011485863,2.47707019141671,2.47019473134111,2.3580172976363,2.24784328120767,2.27864398983497,2.55692929908184,2.40983177824335,2.2798532862722,2.27853696063879,2.2071459277433,2.2577259110872,2.23220288978079,2.2946202213193,2.28439729080314,2.16208493820971,2.16161000344633
Luxembourg,LUX,Gini index,SI.POV.GINI,28.3,29,29.6,30.6,30,30.1,30.9,31,30.2,30.2,30.8,30.9,31.1,32.6,31.2,30.5,32.1,34.3,32,31.2,32.9,31.7,34.5,35.4,34.2
Luxembourg,LUX,"Government expenditure on education, total (% of GDP)",SE.XPD.TOTL.GD.ZS,3.65909004211426,3.47681999206543,..,..,..,4.24047231674194,3.53973007202148,4.61169099807739,4.86869335174561,4.90479755401611,4.85462236404419,4.42274475097656,4.27168464660645,4.32691144943237,4.86713409423828,5.01190233230591,4.98958110809326,3.87815999984741,3.69939088821411,3.85569000244141,3.76792001724243,3.40244603157043,3.48645997047424,3.66211009025574,3.73954010009766
Luxembourg,LUX,"Unemployment, total (% of total labor force) (national estimate)",SL.UEM.TOTL.NE.ZS,2.918,3.286,2.527,2.763,2.39,2.345,1.805,2.621,3.675,5.113,4.488,4.731,4.065,5.06,5.122,4.361,4.902,5.14,5.848,5.852,6.669,6.291,5.522,5.585,5.595
Luxembourg,LUX,Military expenditure (% of GDP),MS.MIL.XPND.GD.ZS,0.595326878183646,0.587036047449911,0.613890040125864,0.63992050413869,0.57140192589808,0.54411854308622,0.680287079761237,0.586825535638613,0.60717994174289,0.611235470879585,0.58477615707441,0.52078771268481,0.50162400683642,0.364912794964823,0.371311757115607,0.441009496679635,0.376775588804359,0.358937251707305,0.358492375793951,0.366856825936978,0.415571527949753,0.378949157263331,0.495110917223231,0.500655642661875,0.546705762701995
"Macao SAR, China",MAC,Gini index,SI.POV.GINI,..,..,..,..,..,..,..,..,..,..,..,..,..,..,..,..,..,..,..,..,..,..,..,..,..
"Macao SAR, China",MAC,"Government expenditure on education, total (% of GDP)",SE.XPD.TOTL.GD.ZS,..,..,..,3.35004997253418,3.33664989471436,3.31438994407654,2.71446990966797,2.84295988082886,2.78016996383667,2.23348999023438,2.2778799533844,2.19386005401611,2.04345011711121,2.1964099407196,2.53323006629944,2.61848998069763,2.67528009414673,3.32516002655029,2.05048990249634,2.04853010177612,3.00247001647949,3.09952998161316,2.70642995834351,2.72878003120422,3.05862998962402
"Macao SAR, China",MAC,"Unemployment, total (% of total labor force) (national estimate)",SL.UEM.TOTL.NE.ZS,3.581,4.249,3.261,4.607,6.348,6.874,6.393,6.267,5.995,4.905,4.158,3.822,3.27,2.999,3.58,2.84,2.56,1.97,1.82,1.67,1.81,1.939,1.987,1.834,1.749
"Macao SAR, China",MAC,Military expenditure (% of GDP),MS.MIL.XPND.GD.ZS,..,..,..,..,..,..,..,..,..,..,..,..,..,..,..,..,..,..,..,..,..,..,..,..,..
Madagascar,MDG,Gini index,SI.POV.GINI,..,..,39.5,..,38.6,..,47.4,..,..,..,39.9,..,..,..,..,42.4,..,42.6,..,..,..,..,..,..,..
Madagascar,MDG,"Government expenditure on education, total (% of GDP)",SE.XPD.TOTL.GD.ZS,..,..,1.53846001625061,1.58879005908966,2.40500998497009,2.4386899471283,2.707200050354,2.23179006576538,2.61094999313354,2.81261992454529,3.3096399307251,2.83097004890442,2.90274000167847,2.55433988571167,2.82512998580933,2.58523440361023,2.38168001174927,2.34067010879517,1.77693998813629,2.3812301158905,2.21011996269226,2.68719005584717,2.70137405395508,2.84409999847412,3.01338386535645
Madagascar,MDG,"Unemployment, total (% of total labor force) (national estimate)",SL.UEM.TOTL.NE.ZS,..,..,..,..,..,5.8,5.35,..,5.01,..,2.62,..,..,..,..,4.28,..,0.599,..,..,1.785,..,..,..,..
Madagascar,MDG,Military expenditure (% of GDP),MS.MIL.XPND.GD.ZS,0.859887969729569,1.23763444173934,1.48191235942607,1.34892749207597,1.21022921655833,1.21751390900084,1.43584760245284,1.31316157379668,1.32475732452129,1.2482266720781,1.07194154854732,0.977431205130634,0.961181513313121,0.962892092840992,0.738132953446095,0.570214687272478,0.623191026336477,0.592764957720632,0.578559931839726,0.556391260884791,0.520469241195104,0.501387044175783,0.506222289767563,0.532102174287315,0.545343037675691
Malawi,MWI,Gini index,SI.POV.GINI,..,..,65.8,..,..,..,..,..,..,39.9,..,..,..,..,..,45.5,..,..,..,..,..,44.7,..,..,38.5
Malawi,MWI,"Government expenditure on education, total (% of GDP)",SE.XPD.TOTL.GD.ZS,2.75467991828918,3.69773006439209,..,..,3.43224000930786,3.60612988471985,3.09834003448486,..,2.20964002609253,..,..,..,..,..,..,2.43236994743347,2.85346007347107,2.52861189842224,3.72170996665955,3.32569003105164,3.85398006439209,3.28257989883423,2.76899003982544,3.32295989990234,..
Malawi,MWI,"Unemployment, total (% of total labor force) (national estimate)",SL.UEM.TOTL.NE.ZS,..,..,..,..,..,..,..,..,..,..,0.942,..,..,..,..,..,1.736,..,4.978,..,..,..,3.538,..,..
Malawi,MWI,Military expenditure (% of GDP),MS.MIL.XPND.GD.ZS,0.790559173717009,0.88346812069005,0.991556075150474,0.813639842029948,0.811014470541655,0.672638828685643,0.738822048464015,0.423822864518439,0.408792459950684,0.631868059297767,1.0452616055783,0.777651497953322,0.757951967846396,0.835636993913521,0.949704587838907,0.718201023626047,0.659728503647157,0.765630689417871,0.809790017163078,0.580771920223763,0.450825678295219,0.452047299475691,0.530100463619354,0.589501502223623,0.760781826918983
Malaysia,MYS,Gini index,SI.POV.GINI,48.5,..,49.1,..,..,..,..,..,46.4,..,..,44.8,..,45.5,..,..,43.9,..,41.3,..,41.1,..,..,41.2,..
Malaysia,MYS,"Government expenditure on education, total (% of GDP)",SE.XPD.TOTL.GD.ZS,4.3425498008728,4.91384983062744,4.62037992477417,..,5.68678998947144,5.9716100692749,7.48446989059448,7.65792989730835,7.50288009643555,5.92389011383057,..,4.48576021194458,4.37253999710083,3.95851993560791,5.97418022155762,4.96645021438599,5.76293992996216,5.73902988433838,5.48120021820068,5.02935981750488,4.70381021499634,4.34598445892334,4.18488502502441,4.13194847106934,3.97953963279724
Malaysia,MYS,"Unemployment, total (% of total labor force) (national estimate)",SL.UEM.TOTL.NE.ZS,3.15,2.52,2.45,3.2,3.43,3,3.53,3.48,3.61,3.54,3.53,..,3.23,3.32,3.66,3.39,3.05,3.1,3.16,2.88,3.1,3.44,3.41,3.3,3.26
Malaysia,MYS,Military expenditure (% of GDP),MS.MIL.XPND.GD.ZS,2.7513451070467,2.40056437500985,2.08555865079224,1.60533534809333,2.10148156029312,1.63467554804841,2.0849228116252,2.21913139689937,2.61480673115727,2.26306196840826,2.17392904054248,2.00759740140051,1.95850253260823,1.82484376549945,1.87148694418887,1.49021010582112,1.55285313376988,1.41333070740643,1.49929579850642,1.45511301633341,1.50389842704146,1.3843347942822,1.10033460723613,0.960308762120989,0.894622791765709
Maldives,MDV,Gini index,SI.POV.GINI,..,..,..,..,..,..,..,41.3,..,..,..,..,..,..,38.4,..,..,..,..,..,..,31.3,..,..,29.3
Maldives,MDV,"Government expenditure on education, total (% of GDP)",SE.XPD.TOTL.GD.ZS,..,..,..,..,..,5.73720693588257,5.24949979782104,5.79186010360718,5.32406997680664,4.66160011291504,5.0168399810791,4.64523983001709,4.41788005828857,4.470290184021,5.08168983459473,3.63328003883362,3.08072996139526,4.96826791763306,3.95450043678284,3.88979530334473,4.64490175247192,4.46996402740479,3.87273144721985,3.932044506073,4.20936489105225
Maldives,MDV,"Unemployment, total (% of total labor force) (national estimate)",SL.UEM.TOTL.NE.ZS,0.79,..,..,..,..,1.97,..,..,..,..,..,..,..,..,11.697,..,..,..,..,3.846,..,5.77,..,..,4.562
Maldives,MDV,Military expenditure (% of GDP),MS.MIL.XPND.GD.ZS,..,..,..,..,..,..,..,..,..,..,..,..,..,..,..,..,..,..,..,..,..,..,..,..,..
Mali,MLI,Gini index,SI.POV.GINI,..,..,..,..,..,..,39.9,..,..,..,..,38.9,..,..,33,..,..,..,..,..,..,..,..,36,..
Mali,MLI,"Government expenditure on education, total (% of GDP)",SE.XPD.TOTL.GD.ZS,..,..,..,2.64959001541138,2.23183989524841,2.97156000137329,2.65844988822937,2.8962299823761,3.80559992790222,3.85922002792358,3.52218008041382,..,..,3.403559923172,3.86904001235962,3.34388995170593,3.75423002243042,3.47949004173279,3.28465008735657,3.64819002151489,3.80152010917664,3.09477996826172,3.78976988792419,3.55817008018494,3.55504989624023
Mali,MLI,"Unemployment, total (% of total labor force) (national estimate)",SL.UEM.TOTL.NE.ZS,..,..,3.3,..,..,..,..,..,..,8.75,..,..,11.71,..,..,8.07,6.9,..,6.351,6.376,7.729,1.367,7.414,1.62,..
Mali,MLI,Military expenditure (% of GDP),MS.MIL.XPND.GD.ZS,1.49701708229888,1.42841059416252,1.49685223773671,1.40463231082634,1.49228992788343,1.47864974445751,1.29517222790027,1.26885043144455,1.4193331132051,1.42199884362637,1.38431204093435,1.39141541039687,1.35503402826002,1.46571486807421,1.41866425479876,1.37456680820104,1.2410333300729,1.19640574526633,1.16137913160626,1.51593383195421,2.36017445199795,2.58613087357125,3.02860111373814,2.82359553728645,2.75247053080834
Malta,MLT,Gini index,SI.POV.GINI,..,..,..,..,..,..,..,..,..,..,..,28,29.2,29,30.2,29,29.1,29.4,28.8,29,29.4,29.1,29.2,28.7,31
Malta,MLT,"Government expenditure on education, total (% of GDP)",SE.XPD.TOTL.GD.ZS,..,..,..,4.24004983901978,..,5.14647483825684,5.64622497558594,3.94616007804871,5.84895467758179,4.42151021957397,5.38576030731201,5.44513845443726,5.94747018814087,5.50122976303101,5.07042980194092,6.25005006790161,7.69612979888916,6.34542989730835,7.57927989959717,7.00420999526978,5.02398014068604,5.10766983032227,4.55917978286743,4.95746278762817,4.93738985061646
Malta,MLT,"Unemployment, total (% of total labor force) (national estimate)",SL.UEM.TOTL.NE.ZS,3.7,4.4,5,5.1,5.3,6.324,7.107,6.902,7.488,7.317,6.923,6.798,6.472,5.977,6.896,6.861,6.388,6.203,6.115,5.737,5.389,4.694,4.008,3.665,3.627
Malta,MLT,Military expenditure (% of GDP),MS.MIL.XPND.GD.ZS,0.842358247918523,0.8748123692217,0.824691193662375,0.731471858138656,0.683654672499048,0.625517348678825,0.666917449365587,0.635846067295531,0.630122908756666,0.670530017159899,0.819604968047487,0.653051750694016,0.61769072153659,0.616369198929103,0.679751022143928,0.650590925577019,0.580640238717098,0.527587899389015,0.509947594950674,0.486761550387849,0.467203716750544,0.511888844132672,0.479625797586355,0.437444774884638,0.505680519746359
Marshall Islands,MHL,Gini index,SI.POV.GINI,..,..,..,..,..,..,..,..,..,..,..,..,..,..,..,..,..,..,..,..,..,..,..,..,35.5
Marshall Islands,MHL,"Government expenditure on education, total (% of GDP)",SE.XPD.TOTL.GD.ZS,..,..,..,..,13.7318296432495,..,..,8.20897960662842,11.8198003768921,..,..,..,..,..,..,..,..,..,..,..,..,..,15.106164932251,15.1581830978394,9.91648006439209
Marshall Islands,MHL,"Unemployment, total (% of total labor force) (national estimate)",SL.UEM.TOTL.NE.ZS,..,..,..,..,..,..,..,..,..,..,25.37,..,..,..,..,..,4.74,..,..,..,..,..,..,..,6.342
Marshall Islands,MHL,Military expenditure (% of GDP),MS.MIL.XPND.GD.ZS,..,..,..,..,..,..,..,..,..,..,..,..,..,..,..,..,..,..,..,..,..,..,..,..,..
Mauritania,MRT,Gini index,SI.POV.GINI,37.7,..,..,..,..,39,..,..,..,40.2,..,..,..,35.7,..,..,..,..,..,32.6,..,..,..,..,..
Mauritania,MRT,"Government expenditure on education, total (% of GDP)",SE.XPD.TOTL.GD.ZS,..,..,1.58580005168915,..,1.72203004360199,..,2.10683989524841,2.27714991569519,2.36501002311707,1.9507999420166,..,1.95851004123688,..,..,..,..,2.33102011680603,2.15821003913879,2.29354000091553,2.55796432495117,2.82956600189209,1.94405996799469,..,..,1.7844500541687
Mauritania,MRT,"Unemployment, total (% of total labor force) (national estimate)",SL.UEM.TOTL.NE.ZS,..,..,..,..,..,..,..,..,..,..,..,..,..,..,..,..,..,9.865,..,..,..,..,10.336,..,10.416
Mauritania,MRT,Military expenditure (% of GDP),MS.MIL.XPND.GD.ZS,2.26015463356202,2.62634120713694,2.96726008736906,1.86244096675618,2.27363788853198,2.92800544546355,4.00238442248896,2.73938350984677,3.99527571653134,3.83812011166649,3.05155577623304,2.69364721669718,..,3.059333957503,3.13532417025639,..,..,2.11497466612287,1.99659728958967,2.19709519242621,2.15557240363879,2.14548780076745,2.12109845694596,2.13128230977177,1.99633301217738
Mauritius,MUS,Gini index,SI.POV.GINI,..,..,..,..,..,..,..,..,..,..,..,35.7,..,..,..,..,..,38.5,..,..,..,..,36.8,..,..
Mauritius,MUS,"Government expenditure on education, total (% of GDP)",SE.XPD.TOTL.GD.ZS,..,..,..,..,3.9397599697113,3.76910996437073,3.11486005783081,3.06089997291565,4.41583013534546,4.31306982040405,4.07819986343384,3.69751000404358,3.18540000915527,3.06307005882263,3.04731011390686,3.55147004127502,3.33207011222839,3.41820001602173,3.56775999069214,4.81514978408813,4.75847005844116,4.88207006454468,4.87887001037598,4.67447996139526,4.54195022583008
Mauritius,MUS,"Unemployment, total (% of total labor force) (national estimate)",SL.UEM.TOTL.NE.ZS,9.59,..,..,..,..,..,9.14,8.205,5.904,8.337,9.524,9.04,8.475,7.17,7.257,7.654,7.47,7.472,7.322,7.467,7.41,6.814,6.752,6.427,6.331
Mauritius,MUS,Military expenditure (% of GDP),MS.MIL.XPND.GD.ZS,0.332825601093285,0.293390184375287,0.2340788927524,0.202814817776534,0.208135283363803,0.200718816089576,0.194580389102996,0.196270033883066,0.187102773867202,0.166216849736244,0.160674051849869,0.153856508278369,0.142725039281222,0.15595207103506,0.167777183674029,0.148689589780391,0.152035252096647,0.14279440115901,0.188733237769964,0.151017482159405,0.142301917631184,0.174701755953711,0.16537629451361,0.156385299781821,0.148796738188038
Mexico,MEX,Gini index,SI.POV.GINI,..,53.6,..,51.7,..,52.6,..,50.1,..,50,50.1,48.9,..,49.9,..,47.2,..,48.7,..,48.7,..,47.7,..,46.7,..
Mexico,MEX,"Government expenditure on education, total (% of GDP)",SE.XPD.TOTL.GD.ZS,3.69255995750427,..,..,3.36528992652893,3.53536009788513,3.99243998527527,4.24104022979736,4.45495986938477,5.07257986068726,4.72670984268188,4.84568977355957,4.69992017745972,4.69050979614258,4.82006978988647,5.18794012069702,5.15922021865845,5.10564994812012,5.10309982299805,4.69605016708374,5.25747013092041,5.22942018508911,4.90681982040405,4.51821994781494,4.2542200088501,..
Mexico,MEX,"Unemployment, total (% of total labor force) (national estimate)",SL.UEM.TOTL.NE.ZS,7.095,5.465,4.235,3.733,2.598,2.646,2.627,3.003,3.455,3.937,3.558,3.566,3.628,3.874,5.356,5.303,5.175,4.892,4.921,4.819,4.311,3.853,3.419,3.275,3.477
Mexico,MEX,Military expenditure (% of GDP),MS.MIL.XPND.GD.ZS,0.450891531237052,0.476484777906755,0.458095853691372,0.450450487249782,0.460988775566099,0.446047820449759,0.442657003961602,0.421606002464969,0.405916546649963,0.364898722678153,0.355958931501411,0.311171936508264,0.401163917952381,0.390513227488772,0.501556274697719,0.45273449263425,0.465777802870552,0.47598728077372,0.507919454953,0.513829957307541,0.466676122422583,0.495064413696788,0.436510296383438,0.477494205142032,0.523424227075094
"Micronesia, Fed. Sts.",FSM,Gini index,SI.POV.GINI,..,..,..,..,..,..,..,..,..,..,42.4,..,..,..,..,..,..,..,40.1,..,..,..,..,..,..
"Micronesia, Fed. Sts.",FSM,"Government expenditure on education, total (% of GDP)",SE.XPD.TOTL.GD.ZS,..,..,..,..,6.42491006851196,6.70687007904053,..,..,..,..,..,..,..,..,..,..,..,11.7192287445068,12.3438835144043,12.2281684875488,13.6465101242065,13.5126600265503,12.4164171218872,9.69704532623291,10.2259912490845
"Micronesia, Fed. Sts.",FSM,"Unemployment, total (% of total labor force) (national estimate)",SL.UEM.TOTL.NE.ZS,..,..,..,..,..,..,..,..,..,..,..,..,..,..,..,..,..,..,..,8.863,..,..,..,..,..
"Micronesia, Fed. Sts.",FSM,Military expenditure (% of GDP),MS.MIL.XPND.GD.ZS,..,..,..,..,..,..,..,..,..,..,..,..,..,..,..,..,..,..,..,..,..,..,..,..,..
Middle East & North Africa,MEA,Gini index,SI.POV.GINI,..,..,..,..,..,..,..,..,..,..,..,..,..,..,..,..,..,..,..,..,..,..,..,..,..
Middle East & North Africa,MEA,"Government expenditure on education, total (% of GDP)",SE.XPD.TOTL.GD.ZS,..,4.67156982421875,..,..,..,..,6.19316005706787,5.52995491027832,5.94827938079834,5.45327496528625,4.79442977905273,4.71720290184021,..,4.46613502502441,4.50946497917175,..,..,4.74210977554321,..,..,..,..,3.59650993347168,..,..
Middle East & North Africa,MEA,"Unemployment, total (% of total labor force) (national estimate)",SL.UEM.TOTL.NE.ZS,..,..,..,..,..,..,..,12.7416318402175,..,11.2117174945408,11.3329373684737,10.5767080613272,9.85022187621919,9.53698606639912,9.75000193588931,10.1586894696614,..,10.805994525413,10.5042901281396,10.5516551065659,10.5457503190782,10.0881748331747,10.7496733069693,..,..
Middle East & North Africa,MEA,Military expenditure (% of GDP),MS.MIL.XPND.GD.ZS,6.24870058825947,5.69922534313899,6.16868318711529,6.70187609375903,5.91822606729117,5.84173395468763,5.84142810799666,5.45568063043869,5.21596977300729,4.86364756399302,4.54836545802155,4.32811526003086,4.30462720315514,4.03616713251908,4.84579816694994,4.61957878363157,4.44032970631273,4.58327430757546,5.1770790437151,5.70894869552072,6.51449171368428,5.52532929844809,5.6663643422877,5.40883026423264,5.03570016965309
Middle East & North Africa (excluding high income),MNA,Gini index,SI.POV.GINI,..,..,..,..,..,..,..,..,..,..,..,..,..,..,..,..,..,..,..,..,..,..,..,..,..
Middle East & North Africa (excluding high income),MNA,"Government expenditure on education, total (% of GDP)",SE.XPD.TOTL.GD.ZS,..,4.18530988693237,..,..,..,..,..,5.03286671638489,..,5.02110004425048,..,4.71720290184021,4.73075985908508,4.46613502502441,4.83119010925293,4.05070173740387,..,5.10344982147217,..,..,4.66321992874146,3.92226004600525,3.73344993591309,..,..
Middle East & North Africa (excluding high income),MNA,"Unemployment, total (% of total labor force) (national estimate)",SL.UEM.TOTL.NE.ZS,..,..,..,..,..,..,..,13.7117371377779,..,11.9324804334668,12.3367933123682,11.2413893070522,10.4953445603672,10.4457644128833,10.5431826199983,11.1105320573831,11.7689840822705,11.8765344254956,11.6146613933465,11.6737857606345,11.9876142541662,12.0224372221665,12.6671180903811,..,..
Middle East & North Africa (excluding high income),MNA,Military expenditure (% of GDP),MS.MIL.XPND.GD.ZS,3.73689023470461,3.49382784324923,3.63031689427591,3.66605422112599,3.4320442780147,3.26564419860137,3.5139081297369,3.49605194990597,3.58618602686837,3.36448275836947,3.22970410295268,3.07516412093892,2.86371008890999,2.80420726946664,3.23990877119955,3.0695658571454,2.74160263583723,2.81424510561039,3.10617348063713,3.40308069743894,3.34207725366419,3.18480854305698,3.23899408470693,2.86532981965379,2.8724017522115
Middle East & North Africa (IDA & IBRD countries),TMN,Gini index,SI.POV.GINI,..,..,..,..,..,..,..,..,..,..,..,..,..,..,..,..,..,..,..,..,..,..,..,..,..
Middle East & North Africa (IDA & IBRD countries),TMN,"Government expenditure on education, total (% of GDP)",SE.XPD.TOTL.GD.ZS,..,4.18530988693237,..,..,..,..,..,5.03286671638489,..,5.02110004425048,..,4.71720290184021,4.73075985908508,4.46613502502441,4.83119010925293,..,..,5.46478986740112,..,..,4.53210854530334,3.68754005432129,3.59650993347168,3.68561005592346,..
Middle East & North Africa (IDA & IBRD countries),TMN,"Unemployment, total (% of total labor force) (national estimate)",SL.UEM.TOTL.NE.ZS,..,..,..,..,..,..,..,13.5976773712785,..,11.8321559166704,12.267507853566,11.1751383911649,10.4321701307255,10.3326807016251,10.4535991386372,11.0134955553685,11.7020947168647,11.7999817252469,11.5162759110851,11.5817990880112,11.8455249285809,11.8843781556131,12.4930954780062,..,..
Middle East & North Africa (IDA & IBRD countries),TMN,Military expenditure (% of GDP),MS.MIL.XPND.GD.ZS,3.73689023470461,3.49382784324923,3.63031689427591,3.66605422112598,3.4320442780147,3.26564419860137,3.5139081297369,3.49605194990597,3.58618602686837,3.36448275836947,3.22970410295268,3.07516412093892,2.86371008890999,2.80420726946664,3.23990877119955,3.0695658571454,2.74160263583723,2.81424510561039,3.10617348063713,3.40308069743894,3.34207725366419,3.18480854305698,3.23899408470693,2.86532981965379,2.8724017522115
Middle income,MIC,Gini index,SI.POV.GINI,..,..,..,..,..,..,..,..,..,..,..,..,..,..,..,..,..,..,..,..,..,..,..,..,..
Middle income,MIC,"Government expenditure on education, total (% of GDP)",SE.XPD.TOTL.GD.ZS,..,..,..,..,3.91616499423981,3.5112099647522,3.6059000492096,3.34311497211456,3.61340999603271,3.46711003780365,3.81596994400025,3.84381997585296,3.60314989089966,3.95851993560791,4.27429008483887,3.85279715061187,3.84261989593506,4.05141425132751,4.09037804603576,3.97042989730835,4.02387511730194,3.93593001365662,4.02321231365204,3.80774164199829,3.73739981651306
Middle income,MIC,"Unemployment, total (% of total labor force) (national estimate)",SL.UEM.TOTL.NE.ZS,..,..,..,..,..,5.19721874722094,..,..,..,..,6.64279994888793,..,..,..,5.67558051286565,4.66513261320423,5.18087594920036,4.78285787688219,4.98620189509243,5.04279963218664,..,..,5.53264212524445,6.18654065993557,6.15689514796465
Middle income,MIC,Military expenditure (% of GDP),MS.MIL.XPND.GD.ZS,2.11409457667004,2.02689026220624,1.99012491385227,1.85403490194646,1.97084123572552,1.89917281777777,1.97331693134675,2.02615432467654,1.98176317378644,1.9257571238824,1.90323941094749,1.858061730425,1.82888883993842,1.8484934484709,2.05270623611037,1.90330744418393,1.82214684269599,1.875817882453,1.90447957345309,1.9241524504381,1.92248425066183,1.93343462204706,1.8620850683037,1.79099762353299,1.80665529232403
Moldova,MDA,Gini index,SI.POV.GINI,..,..,36.9,39.5,42.6,36.4,38,35.8,34.9,35,36.3,35.4,34.4,34.7,32.9,32.1,30.6,29.2,28.5,26.8,27,26.3,25.9,25.7,26
Moldova,MDA,"Government expenditure on education, total (% of GDP)",SE.XPD.TOTL.GD.ZS,..,9.89663982391357,..,..,4.6625599861145,4.48639011383057,4.84684991836548,5.4979100227356,5.42489004135132,6.77103996276855,7.16270017623901,7.49899005889893,8.29337024688721,8.23727035522461,9.5097599029541,7.5922999382019,7.13638019561768,6.98338985443115,5.90975522994995,6.33806991577148,5.80568695068359,5.67208003997803,5.71016979217529,5.53887987136841,6.22576999664307
Moldova,MDA,"Unemployment, total (% of total labor force) (national estimate)",SL.UEM.TOTL.NE.ZS,..,..,..,..,11.14,8.539,7.366,6.845,6.378,6.374,5.633,4.26,2.749,2.097,3.024,2.972,2.677,2.19,1.894,1.451,1.781,1.591,1.622,1.239,1.502
Moldova,MDA,Military expenditure (% of GDP),MS.MIL.XPND.GD.ZS,0.925965936799738,0.906693656299238,0.90277252095021,0.624855228169175,0.511299142949014,0.387282499272851,0.402592316596498,0.419846587081724,0.416381264465176,0.360979036536125,0.400235101204801,0.48263447637712,0.516193541658915,0.6085356171256,0.457886649076119,0.262879174562087,0.272949600366091,0.27407991661782,0.281261545863777,0.289852609278291,0.297625495156331,0.340329872924391,0.319318626147296,0.326375109622501,0.355027517384174
Monaco,MCO,Gini index,SI.POV.GINI,..,..,..,..,..,..,..,..,..,..,..,..,..,..,..,..,..,..,..,..,..,..,..,..,..
Monaco,MCO,"Government expenditure on education, total (% of GDP)",SE.XPD.TOTL.GD.ZS,1.06456995010376,1.082239985466,1.21241998672485,1.20882999897003,1.19527995586395,1.25536000728607,..,..,..,1.2438600063324,..,..,..,..,1.35459005832672,1.31735002994537,1.58989000320435,1.78004002571106,1.33440005779266,1.02195000648499,..,1.37092995643616,1.45792996883392,..,1.15890002250671
Monaco,MCO,"Unemployment, total (% of total labor force) (national estimate)",SL.UEM.TOTL.NE.ZS,..,..,..,..,..,3.6,..,..,..,..,..,..,..,..,..,..,..,..,..,..,..,6.33,..,..,..
Monaco,MCO,Military expenditure (% of GDP),MS.MIL.XPND.GD.ZS,..,..,..,..,..,..,..,..,..,..,..,..,..,..,..,..,..,..,..,..,..,..,..,..,..
Mongolia,MNG,Gini index,SI.POV.GINI,33.2,..,..,30.3,..,..,..,32.9,..,..,..,..,35.8,..,..,33.1,33.9,33.8,..,32,..,32.3,..,32.7,..
Mongolia,MNG,"Government expenditure on education, total (% of GDP)",SE.XPD.TOTL.GD.ZS,..,..,3.948970079422,5.49302005767822,5.14565992355347,5.55037021636963,4.93606424331665,7.21078014373779,..,4.32572984695435,..,..,4.69013023376465,..,5.14484977722168,4.64510011672974,4.60902976989746,5.96198511123657,5.24104022979736,5.42825603485107,4.38715648651123,5.20043277740479,4.31822395324707,3.99742722511292,3.65236973762512
Mongolia,MNG,"Unemployment, total (% of total labor force) (national estimate)",SL.UEM.TOTL.NE.ZS,5.5,..,..,..,..,..,..,6.2,6.768,..,..,7.193,7.2,5.565,5.86,6.549,4.769,3.905,4.231,4.798,4.861,7.235,6.359,5.377,9.269
Mongolia,MNG,Military expenditure (% of GDP),MS.MIL.XPND.GD.ZS,1.62050592646532,1.77694736936813,1.63873482170006,1.90653754569999,1.8350123058221,2.02248060815309,1.78165840784985,1.79556721143698,1.50969431652769,1.38273006263926,1.01728588491723,0.961656696108958,1.05327216611992,0.823306745414827,0.629698225139809,0.762997245666295,0.837270236688781,0.924305618490081,0.822311489894261,0.85972525833079,0.87550783278675,0.863910993583407,0.762153817758418,0.727577567691182,0.690477400694624
Montenegro,MNE,Gini index,SI.POV.GINI,..,..,..,..,..,..,..,..,..,..,..,..,..,..,..,..,..,41.2,39,38.8,39,38.5,36.9,36.8,..
Montenegro,MNE,"Government expenditure on education, total (% of GDP)",SE.XPD.TOTL.GD.ZS,..,..,..,..,..,..,..,..,..,..,..,..,..,..,..,..,..,..,..,..,..,..,..,..,..
Montenegro,MNE,"Unemployment, total (% of total labor force) (national estimate)",SL.UEM.TOTL.NE.ZS,..,..,..,..,..,..,..,..,..,..,30.31,..,19.4,17.15,19.09,19.649,19.759,19.808,19.585,18.054,17.555,17.732,16.082,15.19,15.128
Montenegro,MNE,Military expenditure (% of GDP),MS.MIL.XPND.GD.ZS,..,..,..,..,..,..,..,..,..,..,2.69436332580307,2.29071316307389,1.74405848731746,1.87218246206494,1.84376127299691,1.81434774678489,1.74896930267889,1.65646177250839,1.45226142609027,1.47227234869517,1.40371759825531,1.41128063506996,1.36277677368932,1.36929487275714,1.33441196432034
Morocco,MAR,Gini index,SI.POV.GINI,..,..,..,39.4,..,40.6,..,..,..,..,..,40.7,..,..,..,..,..,..,39.5,..,..,..,..,..,..
Morocco,MAR,"Government expenditure on education, total (% of GDP)",SE.XPD.TOTL.GD.ZS,4.73480987548828,..,..,4.59939002990723,4.62526988983154,..,..,..,..,..,..,..,..,4.85339021682739,4.83119010925293,..,..,5.55294847488403,..,5.48276042938232,5.13336896896362,5.08530187606812,4.73564958572388,4.96022701263428,5.00325679779053
Morocco,MAR,"Unemployment, total (% of total labor force) (national estimate)",SL.UEM.TOTL.NE.ZS,22.86,17.76,16.67,19.12,13.94,13.58,12.46,11.59,11.92,10.83,11.01,9.67,9.56,9.57,8.96,9.09,8.91,8.99,9.23,9.7,9.46,9.3,..,..,..
Morocco,MAR,Military expenditure (% of GDP),MS.MIL.XPND.GD.ZS,4.34741049396921,3.94909292657436,4.19265940634305,3.4563343607373,2.90045703406992,2.21096220697173,3.72613588276971,3.49178799247956,3.49420754151271,3.24946757487646,3.25799678207968,3.10979654916899,3.04695366406602,3.18350142755722,3.28865184646812,3.39079610106242,3.29749523520352,3.46275007931538,3.80578290120645,3.67785635244484,3.23015334784149,3.22057501315103,3.18379579415735,3.13013605325572,3.08214912136127
Mozambique,MOZ,Gini index,SI.POV.GINI,..,53.6,..,..,..,..,..,47,..,..,..,..,..,45.6,..,..,..,..,..,54,..,..,..,..,50.5
Mozambique,MOZ,"Government expenditure on education, total (% of GDP)",SE.XPD.TOTL.GD.ZS,..,..,..,1.89967000484467,2.77801990509033,..,..,..,..,3.32669997215271,4.00578022003174,3.87146997451782,..,..,..,5.39052867889404,5.62194490432739,5.67216014862061,6.1153302192688,6.49390125274658,6.01083421707153,5.86503982543945,5.50555992126465,5.45218992233276,6.2863941192627
Mozambique,MOZ,"Unemployment, total (% of total labor force) (national estimate)",SL.UEM.TOTL.NE.ZS,..,..,2.7,..,..,..,..,..,..,..,..,..,..,..,..,..,..,..,..,..,3.426,..,..,..,..
Mozambique,MOZ,Military expenditure (% of GDP),MS.MIL.XPND.GD.ZS,1.46048234605694,1.11168167118259,1.10274139236448,1.13921166552746,1.24586939078367,1.28445790695832,1.24217123946881,1.27363564169322,1.28094221116848,1.3624211148071,0.946231881192035,0.809467271779053,0.668953898163735,0.664921661879227,0.70542260842237,0.891902273445713,0.82655322493467,0.85072600767818,0.930182229707713,0.98075949386584,0.840285274150693,0.929584557013743,0.987964415251795,1.33533654635569,1.41998694334012
Myanmar,MMR,Gini index,SI.POV.GINI,..,..,..,..,..,..,..,..,..,..,..,..,..,..,..,..,..,..,..,..,38.1,..,30.7,..,..
Myanmar,MMR,"Government expenditure on education, total (% of GDP)",SE.XPD.TOTL.GD.ZS,1.36478996276855,..,..,..,..,..,..,..,..,..,..,..,..,..,..,..,0.850319981575012,1.58642876148224,1.84381175041199,2.01199841499329,2.2456042766571,2.15808844566345,2.32633996009827,2.15748000144958,2.13986992835999
Myanmar,MMR,"Unemployment, total (% of total labor force) (national estimate)",SL.UEM.TOTL.NE.ZS,..,..,..,..,..,..,..,..,..,..,..,..,..,..,..,..,..,..,..,..,0.766,..,1.356,0.767,0.407
Myanmar,MMR,Military expenditure (% of GDP),MS.MIL.XPND.GD.ZS,3.68483237946254,3.49342786434001,2.31372237705347,2.00890121108614,1.73138335784836,2.00119922180272,1.56256149129696,1.12750816122084,1.67046227508033,1.65722703145489,1.35460116507252,..,..,..,..,..,..,3.85435141027015,3.99963655299475,3.78953437926591,4.30136026437039,4.08929708316631,3.64194893785999,2.35979043196518,2.18974002099593
Namibia,NAM,Gini index,SI.POV.GINI,..,..,..,..,..,..,..,..,63.3,..,..,..,..,..,61,..,..,..,..,..,59.1,..,..,..,..
Namibia,NAM,"Government expenditure on education, total (% of GDP)",SE.XPD.TOTL.GD.ZS,..,..,..,..,7.13076019287109,6.901780128479,6.88886976242065,6.7423300743103,6.13713979721069,..,..,6.03171014785767,..,6.40342998504639,..,8.24330043792725,8.0213794708252,9.08414459228516,8.59541702270508,8.99440288543701,9.53063583374023,10.3148307800293,9.70867252349854,9.62228679656982,9.32253170013428
Namibia,NAM,"Unemployment, total (% of total labor force) (national estimate)",SL.UEM.TOTL.NE.ZS,..,..,24.45,..,..,20.3,..,..,..,22.09,..,..,..,..,..,22.12,..,16.771,19.028,18.521,..,23.352,..,19.877,..
Namibia,NAM,Military expenditure (% of GDP),MS.MIL.XPND.GD.ZS,1.94789863056824,1.90360402371594,2.30135514297654,2.32183724519666,3.12403306903887,2.70673279864922,3.00874087986708,2.61784537918538,2.62491288264622,2.5275896811078,2.6452053014553,2.50124939843779,2.61042455712992,3.1372615742466,3.37436368373618,3.51474397546307,3.5745889549471,3.16654259121144,3.20641632429402,4.32586724007944,4.52800016778678,3.97104492479212,3.52238850010305,3.33269228396146,3.29742631401913
Nauru,NRU,Gini index,SI.POV.GINI,..,..,..,..,..,..,..,..,..,..,..,..,..,..,..,..,..,32.4,..,..,..,..,..,..,..
Nauru,NRU,"Government expenditure on education, total (% of GDP)",SE.XPD.TOTL.GD.ZS,..,..,..,..,..,..,..,..,..,..,..,..,4.24615001678467,..,..,..,..,..,..,5.73714113235474,6.71445369720459,6.66896867752075,6.78900289535522,5.88931941986084,6.22442197799683
Nauru,NRU,"Unemployment, total (% of total labor force) (national estimate)",SL.UEM.TOTL.NE.ZS,..,..,..,..,..,..,..,22.76,..,..,..,..,..,..,..,..,22.96,..,13.282,..,..,..,..,..,..
Nauru,NRU,Military expenditure (% of GDP),MS.MIL.XPND.GD.ZS,..,..,..,..,..,..,..,..,..,..,..,..,..,..,..,..,..,..,..,..,..,..,..,..,..
Nepal,NPL,Gini index,SI.POV.GINI,35.2,..,..,..,..,..,..,..,43.8,..,..,..,..,..,..,32.8,..,..,..,..,..,..,..,..,..
Nepal,NPL,"Government expenditure on education, total (% of GDP)",SE.XPD.TOTL.GD.ZS,..,..,..,2.89287996292114,2.89331007003784,2.9751501083374,3.70837998390198,3.15283989906311,3.11435008049011,3.17194008827209,3.3646399974823,3.60536003112793,3.51721000671387,3.8051700592041,4.6637601852417,3.63172006607056,3.84261989593506,3.52898859977722,3.20268630981445,3.48599410057068,3.29425358772278,3.47711229324341,3.52892374992371,3.66440558433533,3.48568081855774
Nepal,NPL,"Unemployment, total (% of total labor force) (national estimate)",SL.UEM.TOTL.NE.ZS,..,4.5,..,..,1.85,..,..,..,..,..,..,..,..,1.328,..,..,..,..,..,..,3.1,..,10.66,..,..
Nepal,NPL,Military expenditure (% of GDP),MS.MIL.XPND.GD.ZS,0.941485114634425,0.900716314535601,0.880707845982183,0.927055460453057,0.947369575132442,0.962150318323636,1.09833438437267,1.44764998035493,1.59225110118825,1.79329239841169,1.92916137598653,1.74910986263113,1.54739388856211,1.59997165276816,1.44274238925516,1.37103513691746,1.35085556717891,1.24370217046399,1.3407258743985,1.43375979820576,1.3681310242704,1.46937461345505,1.48497718496345,1.34998219265679,1.23581135255825
Netherlands,NLD,Gini index,SI.POV.GINI,..,..,..,..,28.1,..,..,..,..,29.8,29,30,29.6,29.3,27.9,27.8,27.8,27.6,28.1,28.6,28.2,28.2,28.5,28.1,29.2
Netherlands,NLD,"Government expenditure on education, total (% of GDP)",SE.XPD.TOTL.GD.ZS,4.57887983322144,4.49419021606445,..,4.54056978225708,4.50699996948242,4.58512020111084,4.69964981079102,4.80590009689331,5.0404200553894,5.06297016143799,5.10939979553223,5.04402017593384,4.88682985305786,5.02904987335205,5.43156003952026,5.48908996582031,5.46303987503052,5.4102201461792,5.52655982971191,5.458899974823,5.34815979003906,5.47959995269775,5.17509984970093,5.35764980316162,5.15986013412476
Netherlands,NLD,"Unemployment, total (% of total labor force) (national estimate)",SL.UEM.TOTL.NE.ZS,7.158,6.421,5.511,4.394,3.623,2.725,2.119,2.554,3.593,4.646,5.873,5.002,4.153,3.654,4.347,4.989,4.977,5.821,7.243,7.416,6.873,6.006,4.839,3.831,3.38
Netherlands,NLD,Military expenditure (% of GDP),MS.MIL.XPND.GD.ZS,1.79424050457827,1.75660773571403,1.65927318261403,1.5806480613385,1.58982542582888,1.43400434064074,1.43790686912329,1.42655601162955,1.44380959809676,1.42682783976905,1.3964852790883,1.39338905749077,1.35471679829449,1.30531923769851,1.39763332170373,1.32543371501611,1.28836534898418,1.23540888805849,1.16615162393654,1.15968789088093,1.13271150479415,1.16362691769596,1.15680366756712,1.2166741818661,1.31836099648855
New Caledonia,NCL,Gini index,SI.POV.GINI,..,..,..,..,..,..,..,..,..,..,..,..,..,..,..,..,..,..,..,..,..,..,..,..,..
New Caledonia,NCL,"Government expenditure on education, total (% of GDP)",SE.XPD.TOTL.GD.ZS,..,..,..,..,..,..,..,..,..,..,..,..,..,..,..,..,..,..,..,..,..,..,..,..,..
New Caledonia,NCL,"Unemployment, total (% of total labor force) (national estimate)",SL.UEM.TOTL.NE.ZS,..,18.64,..,..,..,..,..,..,..,16.31,..,..,..,..,13.97,..,..,..,..,14.59,..,..,11.676,11.702,10.881
New Caledonia,NCL,Military expenditure (% of GDP),MS.MIL.XPND.GD.ZS,..,..,..,..,..,..,..,..,..,..,..,..,..,..,..,..,..,..,..,..,..,..,..,..,..
New Zealand,NZL,Gini index,SI.POV.GINI,..,..,..,..,..,..,..,..,..,..,..,..,..,..,..,..,..,..,..,..,..,..,..,..,..
New Zealand,NZL,"Government expenditure on education, total (% of GDP)",SE.XPD.TOTL.GD.ZS,5.74212980270386,6.38371992111206,6.15721988677979,..,6.6362099647522,5.60442399978638,..,..,..,..,5.7898120880127,..,..,6.18612718582153,6.50176286697388,6.50768280029297,6.27078819274902,6.16936111450195,5.88868808746338,5.80923318862915,5.70862293243408,5.5042839050293,5.27020978927612,5.18380880355835,5.17202997207642
New Zealand,NZL,"Unemployment, total (% of total labor force) (national estimate)",SL.UEM.TOTL.NE.ZS,6.461,6.29,6.857,7.718,7.023,6.13,5.433,5.282,4.745,4.005,3.807,3.857,3.661,4.167,6.121,6.557,6.491,6.931,5.839,5.428,5.415,5.147,4.736,4.335,4.109
New Zealand,NZL,Military expenditure (% of GDP),MS.MIL.XPND.GD.ZS,1.81534784641762,1.78188148485178,1.7039708435896,1.69528017523824,1.61934201810554,1.66874210670411,1.58130142358851,1.45440984523588,1.38993411515534,1.24607476576411,1.13993436677911,1.24082054907448,1.18204532109871,1.1527704961191,1.21981800607086,1.20990105642364,1.16242091344673,1.11634636312697,1.04388216827216,0.998117777445706,0.988586444651976,1.03554396646746,1.05230934704112,1.10527683290856,1.29327542803534
Nicaragua,NIC,Gini index,SI.POV.GINI,..,..,..,54.4,..,..,52.9,..,..,..,48.8,..,..,..,43.9,..,..,..,..,46.2,..,..,..,..,..
Nicaragua,NIC,"Government expenditure on education, total (% of GDP)",SE.XPD.TOTL.GD.ZS,..,..,..,2.22585010528564,2.92365002632141,3.00160002708435,..,2.39101004600525,2.42200994491577,..,..,..,..,..,..,4.48422002792358,..,..,..,4.08329010009766,4.07842016220093,4.08115005493164,4.35768985748291,4.47379589080811,4.59991979598999
Nicaragua,NIC,"Unemployment, total (% of total labor force) (national estimate)",SL.UEM.TOTL.NE.ZS,..,..,..,..,..,..,4.12,..,7.6,6.41,5.37,5.31,4.89,6.2,8.16,7.83,..,5.208,5.28,4.52,4.7,3.9,3.3,5.2,..
Nicaragua,NIC,Military expenditure (% of GDP),MS.MIL.XPND.GD.ZS,1.10282030687536,0.949704913116282,0.894669832421458,0.735362192331601,0.71949282543475,0.782751441383728,0.683524520762284,0.865165582304889,0.860737429085598,0.730793275300281,0.700404064217207,0.551255993486822,0.53172621458102,0.502058376769716,0.502751000926974,0.505472679188859,0.526411336509848,0.665903553721293,0.678614215031222,0.685091959091359,0.775537371941149,0.639876675817232,0.626510067010078,0.62717222145559,0.605020089397565
Niger,NER,Gini index,SI.POV.GINI,..,..,..,..,..,..,..,..,..,..,44.4,..,37.3,..,..,..,31.5,..,..,34.3,..,..,..,37.3,..
Niger,NER,"Government expenditure on education, total (% of GDP)",SE.XPD.TOTL.GD.ZS,2.32975006103516,2.14418005943298,..,..,2.56853008270264,2.5650200843811,2.27981996536255,2.40134000778198,1.93705999851227,..,..,2.55852007865906,3.01462006568909,2.72311997413635,3.33588004112244,2.7219500541687,3.07762002944946,3.1868200302124,3.68952989578247,5.10368013381958,4.48669004440308,2.95843005180359,2.57818007469177,3.457279920578,3.52622723579407
Niger,NER,"Unemployment, total (% of total labor force) (national estimate)",SL.UEM.TOTL.NE.ZS,..,..,..,..,..,..,1.47,..,..,..,3.1,..,..,..,..,..,0.317,2.177,..,0.524,..,..,7.769,..,0.544
Niger,NER,Military expenditure (% of GDP),MS.MIL.XPND.GD.ZS,0.970976253298153,0.861401471157569,0.932594644506002,1.06122448979592,1.16690809592789,1.16461081638404,1.32015978285548,0.963347955260515,0.931763626554351,1.09118729739427,0.715211768830327,..,..,0.73944643123804,0.735262361389119,0.87650323651909,0.976041978774068,1.62398436872309,1.0452311825973,1.33859819740079,..,1.59964624315915,1.80984292435405,1.79380881698289,1.91733600650351
Nigeria,NGA,Gini index,SI.POV.GINI,..,51.9,..,..,..,..,..,..,40.1,..,..,..,..,..,..,35.7,..,35.5,..,..,35.9,..,..,35.1,..
Nigeria,NGA,"Government expenditure on education, total (% of GDP)",SE.XPD.TOTL.GD.ZS,..,..,..,..,..,..,..,..,..,..,..,..,..,..,..,..,..,..,..,..,..,..,..,..,..
Nigeria,NGA,"Unemployment, total (% of total labor force) (national estimate)",SL.UEM.TOTL.NE.ZS,..,..,..,..,..,..,..,..,..,..,..,..,..,..,..,..,3.77,..,3.711,4.562,4.311,7.06,8.389,..,10.695
Nigeria,NGA,Military expenditure (% of GDP),MS.MIL.XPND.GD.ZS,0.483558767048935,0.406177811568832,0.435835755422039,0.548312392864221,0.855415630326234,0.543531645186578,0.780315876986167,0.95433804485135,0.570707544874932,0.490996769130759,0.397422937174069,0.348375434095589,0.370960976546406,0.489084134608938,0.505855627592204,0.539231118131693,0.579227031040921,0.504264930204985,0.469695304520636,0.414718776586509,0.417636537730714,0.432947784673169,0.430671218863917,0.506944517393582,0.459170524387093
North America,NAC,Gini index,SI.POV.GINI,..,..,..,..,..,..,..,..,..,..,..,..,..,..,..,..,..,..,..,..,..,..,..,..,..
North America,NAC,"Government expenditure on education, total (% of GDP)",SE.XPD.TOTL.GD.ZS,6.30476999282837,..,..,5.49377012252808,5.53079986572266,5.7544846534729,5.6259765625,5.67651772499084,6.3286075592041,6.2537636756897,5.4684317111969,6.16402912139893,5.50486421585083,5.53110313415528,5.78963923454285,6.02546191215515,5.8798668384552,5.47323679924011,5.40913391113281,5.48639774322509,4.84308004379272,4.81154012680054,5.04142498970032,4.90893507003784,4.88010501861572
North America,NAC,"Unemployment, total (% of total labor force) (national estimate)",SL.UEM.TOTL.NE.ZS,6.03415863093214,5.8664160370655,5.40775952942969,4.88696136177694,4.5559672375251,4.27676764256154,4.98294520295762,5.97740938464678,6.1553947365534,5.70343401150466,5.25960604864085,4.81792513642237,4.78416867764879,5.8370461819156,9.16932265516932,9.47635182508519,8.80674634593942,7.99543766304858,7.34960260615367,6.26149057907529,5.46179554343945,5.1054690107681,4.58159707965248,4.10869957355172,3.89232074051283
North America,NAC,Military expenditure (% of GDP),MS.MIL.XPND.GD.ZS,3.69077092310573,3.39911999557174,3.2523730158376,3.07437268099742,2.9643359090824,2.97691886527018,2.99388131580622,3.29595696244159,3.63030250927301,3.79055957077853,3.8430819723855,3.7869167301068,3.8073218570635,4.14203837921297,4.57242986261567,4.54402551542844,4.44825509374799,4.12365704564503,3.73326052464791,3.43898276497885,3.29801690668759,3.25194832402097,3.16685705748913,3.16835938953688,3.2724421287115
North Macedonia,MKD,Gini index,SI.POV.GINI,..,..,..,..,..,..,..,..,..,..,..,..,..,..,42.8,40.2,39.4,38.1,36.2,35.2,35.6,34.5,34.2,33,33.5
North Macedonia,MKD,"Government expenditure on education, total (% of GDP)",SE.XPD.TOTL.GD.ZS,4.27123022079468,4.30311012268066,..,..,..,..,..,3.30014991760254,..,..,..,..,..,..,..,..,..,..,..,..,..,..,..,..,..
North Macedonia,MKD,"Unemployment, total (% of total labor force) (national estimate)",SL.UEM.TOTL.NE.ZS,35.6,38.8,36,34.5,32.4,32.2,30.52,31.94,36.69,37.161,37.32,36.392,35.231,33.93,32.351,33.135,31.502,31.199,29.138,28.381,26.433,24.297,22.814,21.2,17.393
North Macedonia,MKD,Military expenditure (% of GDP),MS.MIL.XPND.GD.ZS,..,2.81367674231936,2.12824694412777,2.09823976120451,1.71382060586219,1.850821459557,6.10039562766158,2.64559751876128,2.34170115867248,2.38010407130392,2.02926330577443,1.83653768735825,1.95006969471653,1.74234086894233,1.68816456224776,1.38215461102863,1.26218709982742,1.22531966171625,1.16943718855289,1.09296080025624,0.99342769175221,0.970115977909212,0.895041406541028,0.943108732670231,1.15911628553257
Northern Mariana Islands,MNP,Gini index,SI.POV.GINI,..,..,..,..,..,..,..,..,..,..,..,..,..,..,..,..,..,..,..,..,..,..,..,..,..
Northern Mariana Islands,MNP,"Government expenditure on education, total (% of GDP)",SE.XPD.TOTL.GD.ZS,..,..,..,..,..,..,..,..,..,..,..,..,..,..,..,..,..,..,..,..,..,..,..,..,..
Northern Mariana Islands,MNP,"Unemployment, total (% of total labor force) (national estimate)",SL.UEM.TOTL.NE.ZS,..,..,..,..,..,3.83,..,..,4.57,..,8.22,..,..,..,..,11.17,..,..,..,..,..,..,..,..,..
Northern Mariana Islands,MNP,Military expenditure (% of GDP),MS.MIL.XPND.GD.ZS,..,..,..,..,..,..,..,..,..,..,..,..,..,..,..,..,..,..,..,..,..,..,..,..,..
Norway,NOR,Gini index,SI.POV.GINI,26,..,..,..,..,27.4,..,..,27.6,31.6,30.6,26.4,27.1,27,26.2,25.7,25.3,25.7,26.4,26.8,27.5,28.5,27,27.6,27.7
Norway,NOR,"Government expenditure on education, total (% of GDP)",SE.XPD.TOTL.GD.ZS,7.69568014144897,7.1380500793457,7.30343008041382,7.35759019851685,6.96222019195557,6.45934009552002,6.82015991210938,7.42246007919312,7.39933013916016,7.27744007110596,6.84082984924316,6.35822010040283,6.50671005249023,6.24915981292725,7.07067012786865,6.71042013168335,6.41490983963013,7.32766008377075,7.43906021118164,7.64403009414673,7.52334976196289,7.98444986343384,7.84598016738892,7.59563016891479,7.8645601272583
Norway,NOR,"Unemployment, total (% of total labor force) (national estimate)",SL.UEM.TOTL.NE.ZS,6.307,5.036,4.687,3.737,3.247,3.458,3.738,4.022,4.221,4.256,4.381,3.399,2.493,2.55,3.103,3.521,3.215,3.123,3.423,3.484,4.296,4.679,4.162,3.8,3.687
Norway,NOR,Military expenditure (% of GDP),MS.MIL.XPND.GD.ZS,2.30749103957538,2.1630749742096,2.01607957074415,2.15673766669647,2.03910557145363,1.7058318732318,1.70454145987594,2.08059193132079,1.97485448684346,1.84878514417382,1.57588467314326,1.44466802794409,1.45917207799086,1.37033371660879,1.59690979918941,1.50762795492815,1.44252755140788,1.39318999611811,1.40525218139781,1.46227942776465,1.49812327266489,1.61734383599671,1.70515328594991,1.71529737478335,1.84373537818427
Not classified,INX,Gini index,SI.POV.GINI,..,..,..,..,..,..,..,..,..,..,..,..,..,..,..,..,..,..,..,..,..,..,..,..,..
Not classified,INX,"Government expenditure on education, total (% of GDP)",SE.XPD.TOTL.GD.ZS,..,..,..,..,..,..,..,..,..,..,..,..,..,..,..,..,..,..,..,..,..,..,..,..,..
Not classified,INX,"Unemployment, total (% of total labor force) (national estimate)",SL.UEM.TOTL.NE.ZS,..,..,..,..,..,..,..,..,..,..,..,..,..,..,..,..,..,..,..,..,..,..,..,..,..
Not classified,INX,Military expenditure (% of GDP),MS.MIL.XPND.GD.ZS,..,..,..,..,..,..,..,..,..,..,..,..,..,..,..,..,..,..,..,..,..,..,..,..,..
OECD members,OED,Gini index,SI.POV.GINI,..,..,..,..,..,..,..,..,..,..,..,..,..,..,..,..,..,..,..,..,..,..,..,..,..
OECD members,OED,"Government expenditure on education, total (% of GDP)",SE.XPD.TOTL.GD.ZS,4.76711988449097,4.88391494750977,..,4.46187019348145,4.57943487167358,4.93400502204895,5.08958435058594,5.17923021316528,5.1900486946106,5.05467510223389,4.92684984207153,4.87443995475769,4.71541023254395,4.90607023239136,5.2828950881958,5.356369972229,5.10953998565674,4.93892502784729,5.12516522407532,5.14427495002746,4.99559020996094,4.90681982040405,4.96131992340088,4.9294900894165,5.00083494186401
OECD members,OED,"Unemployment, total (% of total labor force) (national estimate)",SL.UEM.TOTL.NE.ZS,7.59995190176912,7.55740209948515,7.26283309657878,7.23497121787765,7.18037298158769,6.78097795913087,6.68580344452827,7.17397447493419,7.25386040013529,7.18031855773743,6.82163908007771,6.17400550362789,5.87687008654272,6.19663632145471,8.35573311412809,8.50107442618653,8.10200529267712,8.08539956790069,7.9747922858752,7.40189041778156,6.85222347411913,6.43543006900234,5.90735039269867,5.46951282005291,5.38903931352424
OECD members,OED,Military expenditure (% of GDP),MS.MIL.XPND.GD.ZS,2.3166804977517,2.26233315363744,2.23470882424206,2.18410126249372,2.12616386520216,2.11966572889839,2.1465375573717,2.27895860859028,2.37751984948965,2.39582873920699,2.40069566979988,2.38765042494694,2.36063942008832,2.45703130370472,2.69598038746463,2.65047053350853,2.55186773945184,2.46773534578085,2.32940510385407,2.22636055275303,2.22429934101669,2.20866759959393,2.17248725323415,2.18363514271208,2.26920003684061
Oman,OMN,Gini index,SI.POV.GINI,..,..,..,..,..,..,..,..,..,..,..,..,..,..,..,..,..,..,..,..,..,..,..,..,..
Oman,OMN,"Government expenditure on education, total (% of GDP)",SE.XPD.TOTL.GD.ZS,3.41325998306274,3.18452000617981,3.3568000793457,4.13832998275757,4.03593015670776,3.20023989677429,4.02031993865967,4.32506990432739,3.89699006080627,4.02835988998413,3.51721000671387,3.85933995246887,..,..,4.18773984909058,..,..,..,4.35383987426758,..,..,..,..,..,..
Oman,OMN,"Unemployment, total (% of total labor force) (national estimate)",SL.UEM.TOTL.NE.ZS,..,..,..,..,..,..,..,..,..,..,..,..,..,4.142,..,..,..,..,..,..,..,3.266,..,1.8,..
Oman,OMN,Military expenditure (% of GDP),MS.MIL.XPND.GD.ZS,10.9676477238468,9.40707829017925,9.3579111585516,8.21609216715177,7.51678821932738,7.08570878292736,8.19564037118769,8.10066565457833,7.96203498651595,7.86037959717824,7.71403410853305,7.09909361868035,6.71756431693885,4.96024822382651,6.07257047519031,5.64885516492993,6.45275108066004,10.5832031528957,9.74727260107489,8.86041181394662,9.57116730321235,10.5631262289399,8.41324995212154,8.26760144238502,7.43921190765759
Other small states,OSS,Gini index,SI.POV.GINI,..,..,..,..,..,..,..,..,..,..,..,..,..,..,..,..,..,..,..,..,..,..,..,..,..
Other small states,OSS,"Government expenditure on education, total (% of GDP)",SE.XPD.TOTL.GD.ZS,..,..,..,..,5.16856002807617,5.33945989608765,5.03334999084472,4.93773984909057,5.81677007675171,5.13917994499207,6.28667020797729,6.03171014785767,..,5.94373488426208,6.21570014953613,5.02872490882874,5.01449012756348,4.71772003173828,4.84388017654419,5.61812996864318,5.24956846237183,5.29559659957886,4.96131992340088,4.96055603027343,4.87746000289917
Other small states,OSS,"Unemployment, total (% of total labor force) (national estimate)",SL.UEM.TOTL.NE.ZS,..,..,..,..,..,..,..,..,..,..,..,..,..,..,..,..,..,..,..,..,..,..,..,..,..
Other small states,OSS,Military expenditure (% of GDP),MS.MIL.XPND.GD.ZS,2.80627395439127,3.11250640243932,..,..,..,..,..,2.82217371785916,2.63133865822215,2.25779468958035,2.00855449059379,1.87540666330389,1.93128513208061,1.94765219730115,2.15781090816546,1.87133545384089,..,..,..,..,..,..,..,..,..
Pacific island small states,PSS,Gini index,SI.POV.GINI,..,..,..,..,..,..,..,..,..,..,..,..,..,..,..,..,..,..,..,..,..,..,..,..,..
Pacific island small states,PSS,"Government expenditure on education, total (% of GDP)",SE.XPD.TOTL.GD.ZS,..,..,..,..,..,..,..,..,..,..,..,..,..,..,..,..,..,..,..,..,..,..,..,..,..
Pacific island small states,PSS,"Unemployment, total (% of total labor force) (national estimate)",SL.UEM.TOTL.NE.ZS,..,..,..,..,..,..,..,..,..,..,..,..,..,..,5.78572148172156,..,..,..,..,..,..,..,..,..,..
Pacific island small states,PSS,Military expenditure (% of GDP),MS.MIL.XPND.GD.ZS,..,..,..,..,..,..,..,..,..,..,..,..,..,..,..,..,..,..,..,..,..,..,..,..,..
Pakistan,PAK,Gini index,SI.POV.GINI,..,28.7,..,33.1,..,..,28.7,..,..,30.9,31.3,..,29.7,..,..,28.8,29.7,..,29.5,..,31.3,..,..,29.6,..
Pakistan,PAK,"Government expenditure on education, total (% of GDP)",SE.XPD.TOTL.GD.ZS,2.79531002044678,2.81057000160217,3.02230000495911,..,2.61149001121521,1.83782005310059,..,..,..,1.76759004592896,2.04972004890442,2.39550995826721,2.63527011871338,2.74622988700867,2.59078001976013,2.28687000274658,2.22175002098083,2.13628005981445,2.49343991279602,2.46592998504639,2.6500198841095,2.41721177101135,2.13665676116943,2.33216953277588,2.21491765975952
Pakistan,PAK,"Unemployment, total (% of total labor force) (national estimate)",SL.UEM.TOTL.NE.ZS,5.03,4.79,5.81,5.7,5.35,7.16,6.88,7.83,7.49,7.4,7.05,0.582,0.398,0.423,0.535,0.653,0.796,3.667,2.954,1.827,3.566,2.286,..,4.083,4.83
Pakistan,PAK,Military expenditure (% of GDP),MS.MIL.XPND.GD.ZS,5.82022528285793,6.03716630506556,5.6212164889017,5.4150950442544,5.18989926490607,4.16872271381496,3.87893394479455,4.07377016787657,4.09142718735613,3.95603411669147,3.89701939256291,3.64525520437771,3.51198610011098,3.45937100362745,3.26522399322955,3.42369097294437,3.28565081602325,3.48433392362757,3.47561387186447,3.48525088894765,2.98538132059023,2.94895743710225,3.08231782700656,3.26735900701032,3.28551548641494
Palau,PLW,Gini index,SI.POV.GINI,..,..,..,..,..,..,..,..,..,..,..,..,..,..,..,..,..,..,..,..,..,..,..,..,..
Palau,PLW,"Government expenditure on education, total (% of GDP)",SE.XPD.TOTL.GD.ZS,..,..,..,..,..,8.01797962188721,7.707200050354,7.5219898223877,..,..,..,..,..,..,..,..,..,..,..,..,..,..,..,..,..
Palau,PLW,"Unemployment, total (% of total labor force) (national estimate)",SL.UEM.TOTL.NE.ZS,7.03,..,..,..,..,3.3,..,..,..,..,4.18,..,..,..,..,..,..,..,..,1.357,..,..,..,..,..
Palau,PLW,Military expenditure (% of GDP),MS.MIL.XPND.GD.ZS,..,..,..,..,..,..,..,..,..,..,..,..,..,..,..,..,..,..,..,..,..,..,..,..,..
Panama,PAN,Gini index,SI.POV.GINI,57.8,..,58.2,57.5,56.5,56.6,56.7,56.1,55.7,54.8,53.8,54.6,52.7,52.7,51.8,51.6,51.3,51.7,51.5,50.5,50.8,50.4,49.9,49.2,49.8
Panama,PAN,"Government expenditure on education, total (% of GDP)",SE.XPD.TOTL.GD.ZS,3.94780993461609,4.09431982040405,3.84711003303528,..,4.56723022460938,4.75968980789185,4.10587978363037,4.19163990020752,4.16870021820068,3.5786600112915,..,..,..,3.50229001045227,..,..,3.15900993347168,..,..,2.81682801246643,3.02929472923279,3.07834720611572,2.97704124450684,2.91199088096619,3.09329414367676
Panama,PAN,"Unemployment, total (% of total labor force) (national estimate)",SL.UEM.TOTL.NE.ZS,14.01,14.32,13.37,14.02,11.75,13.53,14.71,14.11,13.62,12.44,10.33,9.11,6.78,4.868,6.56,5.832,3.922,3.714,3.732,4.444,4.402,4.843,5.461,5.313,6.409
Panama,PAN,Military expenditure (% of GDP),MS.MIL.XPND.GD.ZS,1.11575688974104,1.08559230216368,1.17017056723522,0.951292019208781,0.974136501313688,..,..,..,..,..,..,..,..,..,..,..,..,..,..,..,..,..,..,..,..
Papua New Guinea,PNG,Gini index,SI.POV.GINI,..,45.8,..,..,..,..,..,..,..,..,..,..,..,..,41.9,..,..,..,..,..,..,..,..,..,..
Papua New Guinea,PNG,"Government expenditure on education, total (% of GDP)",SE.XPD.TOTL.GD.ZS,..,..,..,..,..,..,..,..,..,..,..,..,..,..,..,..,..,..,..,..,..,..,1.96493005752563,1.8748300075531,..
Papua New Guinea,PNG,"Unemployment, total (% of total labor force) (national estimate)",SL.UEM.TOTL.NE.ZS,..,..,..,..,..,2.92,..,..,..,..,..,..,..,..,..,2.002,2.62,..,..,..,..,..,..,..,..
Papua New Guinea,PNG,Military expenditure (% of GDP),MS.MIL.XPND.GD.ZS,0.775516093293818,1.01731136644028,1.0753537542736,0.87922032066839,0.691394522292367,0.639107654317662,0.547294852305232,0.371637931460894,0.345763181450338,0.389122470657362,0.416637769353025,0.376920047262702,0.411602600339175,0.337014470677837,0.447943023146847,0.32514450867052,0.356925097321889,0.519471738934463,0.494549266247379,0.484413309982487,0.459900166389351,0.381076923076923,0.355034482758621,0.330226700251889,0.362887828162291
Paraguay,PRY,Gini index,SI.POV.GINI,58.2,..,54.9,..,54.6,..,54.6,57.3,54.9,52.3,51.4,53,53,50.7,49.1,51,52.3,47.6,47.9,50.7,47.6,47.9,48.5,46,45.7
Paraguay,PRY,"Government expenditure on education, total (% of GDP)",SE.XPD.TOTL.GD.ZS,..,..,..,4.19833993911743,4.23087978363037,4.2302098274231,3.83357000350952,3.40773010253906,3.3827600479126,2.86989998817444,..,..,2.73951005935669,..,..,2.7707200050354,3.69282007217407,3.668790102005,2.67871189117432,2.59655904769897,3.33377814292908,3.4349799156189,3.09062075614929,3.29619598388672,3.48983025550842
Paraguay,PRY,"Unemployment, total (% of total labor force) (national estimate)",SL.UEM.TOTL.NE.ZS,3.4,8.15,5.36,4.417,5.343,7.61,6.206,5.54,6.814,6.513,4.825,5.277,4.713,4.415,5.46,4.569,4.67,4.086,4.385,5.034,4.556,5.255,6.138,6.217,6.595
Paraguay,PRY,Military expenditure (% of GDP),MS.MIL.XPND.GD.ZS,2.2834245690128,2.06378993670781,1.68568030658609,1.54315371528311,1.38876785203796,1.24493945384649,1.07463481723327,0.97123693298858,0.825755371784335,0.877630063887399,0.721480399782029,0.793455134933818,0.741436848396038,0.683124275184385,0.753483712105124,0.750544858772042,0.844603850849582,0.964506788033691,0.964167260244977,0.986605391734507,1.06744934908852,0.950953301628568,0.892663231219253,0.961156152749535,0.973840384070445
Peru,PER,Gini index,SI.POV.GINI,..,..,53.3,55.1,54.8,49.1,51.3,53.6,53.1,49.9,50.5,50.3,50,47.5,47,45.5,44.7,44.4,43.9,43.1,43.4,43.6,43.3,42.4,41.6
Peru,PER,"Government expenditure on education, total (% of GDP)",SE.XPD.TOTL.GD.ZS,..,3.11879992485046,..,3.27817988395691,3.44133996963501,3.22802996635437,3.03712010383606,2.82056999206543,2.93779993057251,2.95787000656128,2.83903002738953,2.65281009674072,2.62940001487732,2.8677499294281,3.13994002342224,2.86730003356934,2.6635000705719,2.92276000976562,3.29729008674622,3.69599008560181,3.96933007240295,3.81316995620728,3.93130993843079,3.71392011642456,3.822429895401
Peru,PER,"Unemployment, total (% of total labor force) (national estimate)",SL.UEM.TOTL.NE.ZS,..,7.07,7.69,4.972,4.367,4.069,4.848,4.84,4.151,4.707,4.866,4.172,4.079,4.025,3.964,3.596,3.477,3.238,3.575,3.208,3.272,3.741,3.691,3.492,3.379
Peru,PER,Military expenditure (% of GDP),MS.MIL.XPND.GD.ZS,2.63532409935627,2.50202659772583,1.99676996833552,2.01666134194933,1.93063071870992,1.78896684869544,1.75202012964839,1.54184022087652,1.5094994978724,1.38222353551043,1.58127268565483,1.45621492625964,1.30393825370825,1.24669488192926,1.52962572422539,1.47697203873093,1.37118305528699,1.48351279277452,1.64306905104789,1.60248762240244,1.74508054943009,1.32190839942957,1.2652396703256,1.18979117011669,1.20589146228792
Philippines,PHL,Gini index,SI.POV.GINI,..,..,..,..,..,47.7,..,..,46.6,..,..,47.2,..,..,46.3,..,..,46.5,..,..,44.6,..,..,42.3,..
Philippines,PHL,"Government expenditure on education, total (% of GDP)",SE.XPD.TOTL.GD.ZS,2.66399002075195,2.94356989860535,3.07756996154785,3.69745993614197,..,3.16440010070801,2.92463994026184,2.89222002029419,2.93517994880676,2.46983003616333,2.32806992530823,2.42579007148743,2.48517990112305,2.58282995223999,2.53777003288269,..,..,..,..,2.93371725082397,3.5185170173645,3.03422427177429,3.97115445137024,3.86405324935913,3.3557915687561
Philippines,PHL,"Unemployment, total (% of total labor force) (national estimate)",SL.UEM.TOTL.NE.ZS,9.526,8.564,8.777,10.254,9.809,11.189,3.698,..,3.527,3.554,3.795,4.052,3.434,3.72,3.858,3.605,3.592,3.504,3.497,3.6,3.068,2.695,2.552,2.338,2.237
Philippines,PHL,Military expenditure (% of GDP),MS.MIL.XPND.GD.ZS,2.29413153545476,2.2684076761575,1.9144613761672,1.69729337975318,1.61577584612539,1.60822662086796,1.4713788325538,1.47389018793368,1.55084482917909,1.36062650970663,1.27788393643261,1.2590953916093,1.29142591630931,1.25032908798354,1.2023233937147,1.17013220060251,1.15341455205701,1.10670418975985,1.18950172893764,1.04312706559466,1.08846303958172,1.04558514673889,1.16796083355235,1.18424717696738,1.13133132483668
Poland,POL,Gini index,SI.POV.GINI,..,..,..,..,..,..,..,..,..,38,35.8,34.7,34,33.5,33.4,33.2,33.2,33,33.1,32.8,31.8,31.2,29.7,30.2,28.8
Poland,POL,"Government expenditure on education, total (% of GDP)",SE.XPD.TOTL.GD.ZS,4.33025979995728,6.25738000869751,..,4.94200992584229,4.59181976318359,4.9839301109314,5.31902980804443,5.38735008239746,5.32449007034302,5.35557985305786,5.42574977874756,5.20765018463135,4.86874008178711,5.04239988327026,4.98976993560791,5.10705995559692,4.8610200881958,4.86159992218018,5.021240234375,4.9665699005127,4.81700992584229,4.6591100692749,4.57464981079102,4.60506010055542,4.67881011962891
Poland,POL,"Unemployment, total (% of total labor force) (national estimate)",SL.UEM.TOTL.NE.ZS,13.695,12.684,10.964,9.935,12.29,16.314,18.373,21.21,19.37,19.074,17.746,13.841,9.602,7.118,8.167,9.637,9.632,10.088,10.326,8.99,7.501,6.161,4.888,3.846,3.277
Poland,POL,Military expenditure (% of GDP),MS.MIL.XPND.GD.ZS,1.95550705469987,1.96791940080864,2.03130669657497,2.01908131442398,1.90113577122386,1.83033658531361,1.90563800121799,1.90063864932514,1.90804203657513,1.8732410064926,1.92612986992008,1.92075038034244,2.00203282841042,1.75213971068109,1.79741622783841,1.84785215509548,1.80318361835199,1.81467677038876,1.79844993577184,1.91903675982857,2.1405458303192,1.94921770662177,1.90165998081495,2.04480024979944,1.97509539032691
Portugal,PRT,Gini index,SI.POV.GINI,..,..,..,..,..,..,..,..,38.8,38.9,38.5,38.1,36.8,36.6,34.9,35.8,36.3,36,36.2,35.6,35.5,35.2,33.8,33.5,32.8
Portugal,PRT,"Government expenditure on education, total (% of GDP)",SE.XPD.TOTL.GD.ZS,4.61330986022949,5.065110206604,..,..,5.0468602180481,5.16384983062744,5.33713006973267,5.25871992111206,5.28152990341187,5.04638004302979,5.07394981384277,4.90767002105713,4.92147016525269,4.69609022140503,5.56314992904663,5.41248989105225,5.12333011627197,4.94940996170044,5.2709698677063,5.12400007247925,4.88554000854492,4.7709059715271,5.0156102180481,4.67515993118286,4.63002014160156
Portugal,PRT,"Unemployment, total (% of total labor force) (national estimate)",SL.UEM.TOTL.NE.ZS,7.064,7.298,6.571,4.64,4.579,3.806,6.8,4.497,6.132,6.319,7.582,7.649,7.966,7.553,9.432,10.771,12.682,15.531,16.188,13.897,12.447,11.068,8.869,6.994,6.464
Portugal,PRT,Military expenditure (% of GDP),MS.MIL.XPND.GD.ZS,1.70698985615926,1.60164392895377,1.54115692093072,1.42261228762117,1.42584248484356,1.4064679631307,1.44450317171971,1.46402023240966,1.43269340811947,1.5048739869189,1.59379180313443,1.51208523296058,1.37790810197484,1.41594674624287,1.53406376621365,1.48821803172514,1.4917984786847,1.40585994869538,1.44112106338382,1.30768664159842,1.32655839631643,1.54110296138377,1.2370678817014,1.34025963919119,1.37469631433049
Post-demographic dividend,PST,Gini index,SI.POV.GINI,..,..,..,..,..,..,..,..,..,..,..,..,..,..,..,..,..,..,..,..,..,..,..,..,..
Post-demographic dividend,PST,"Government expenditure on education, total (% of GDP)",SE.XPD.TOTL.GD.ZS,4.84337496757508,4.84522008895874,..,4.46187019348145,4.75953006744385,5.2935848236084,4.95303010940552,5.17923021316528,5.28152990341187,5.17428016662598,5.10939979553223,5.00697135925293,4.90415000915528,4.90607023239136,5.0701699256897,5.356369972229,5.11838006973267,4.95964002609253,5.22909021377563,5.16454982757568,4.95793271064758,4.92138719558716,4.95996999740601,4.93008995056152,4.98338484764099
Post-demographic dividend,PST,"Unemployment, total (% of total labor force) (national estimate)",SL.UEM.TOTL.NE.ZS,7.20312841219597,7.32140780585481,7.18346876947919,7.23997140005068,6.96445900716492,6.39990077711758,6.42384341719577,6.6310491488763,6.71233241519917,6.51853896586106,6.23906914130851,5.89918967642067,5.48648534578245,5.83012910437198,8.03983363485118,8.33731137119319,7.97292709327021,8.02933660932983,7.91490103004192,7.3906946100578,6.82244910903051,6.40428742077471,5.83624384331695,5.2984181320962,4.97486915822038
Post-demographic dividend,PST,Military expenditure (% of GDP),MS.MIL.XPND.GD.ZS,2.32538931982643,2.26359183956338,2.25083850419492,2.20337895437039,2.14140938607838,2.14174179361015,2.17696375859738,2.3170613371532,2.41660732959057,2.44077552711171,2.45464852053329,2.44668547172093,2.41543167463154,2.51535819761887,2.75192826603226,2.71306322288564,2.61592646104599,2.52911689919228,2.38293005597701,2.27545564985511,2.27663323517282,2.25117593661726,2.21226721546765,2.21724108309828,2.30859707565103
Pre-demographic dividend,PRE,Gini index,SI.POV.GINI,..,..,..,..,..,..,..,..,..,..,..,..,..,..,..,..,..,..,..,..,..,..,..,..,..
Pre-demographic dividend,PRE,"Government expenditure on education, total (% of GDP)",SE.XPD.TOTL.GD.ZS,..,..,..,..,2.56853008270264,2.51418507099152,2.47150993347168,2.59386992454529,..,2.80395996570588,2.6566801071167,2.56096005439758,..,2.55433988571167,3.00463509559632,3.24651002883911,2.97169005870819,2.88159990310669,3.30608010292053,3.1727499961853,3.2558000087738,2.93488502502441,3.63261497020722,3.26730489730835,3.4834486246109
Pre-demographic dividend,PRE,"Unemployment, total (% of total labor force) (national estimate)",SL.UEM.TOTL.NE.ZS,..,..,..,..,..,..,..,..,..,..,..,..,..,..,..,..,..,..,..,..,..,..,..,..,..
Pre-demographic dividend,PRE,Military expenditure (% of GDP),MS.MIL.XPND.GD.ZS,1.00123341025314,0.808659709260763,0.878955393242599,0.951217604762935,2.10515633789201,1.53306641516,1.56317228127137,1.53366184205781,1.32474631040853,1.52231713218962,1.38656566744333,1.39016615172642,1.49970130799129,1.72856080013685,1.91529875620874,1.56537988078178,1.48823291689362,1.35140176132082,1.72160257532922,1.58757638109847,1.76148359293749,1.491549688046,1.67555651356338,1.34355784103935,1.36471374649263
Puerto Rico,PRI,Gini index,SI.POV.GINI,..,..,..,..,..,..,..,..,..,..,..,..,..,..,..,..,..,..,..,..,..,..,..,..,..
Puerto Rico,PRI,"Government expenditure on education, total (% of GDP)",SE.XPD.TOTL.GD.ZS,..,..,..,..,..,..,..,..,..,..,..,..,..,..,..,..,..,..,6.48108005523682,6.07265996932983,..,..,..,..,..
Puerto Rico,PRI,"Unemployment, total (% of total labor force) (national estimate)",SL.UEM.TOTL.NE.ZS,13.93,13.64,13.8,13.46,11.81,10.08,11.4,11.94,11.78,10.31,11.35,11.01,10.93,11.48,15,16.1,15.7,14.5,14.3,13.9,12,11.8,10.8,9.2,8.3
Puerto Rico,PRI,Military expenditure (% of GDP),MS.MIL.XPND.GD.ZS,..,..,..,..,..,..,..,..,..,..,..,..,..,..,..,..,..,..,..,..,..,..,..,..,..
Qatar,QAT,Gini index,SI.POV.GINI,..,..,..,..,..,..,..,..,..,..,..,..,..,..,..,..,..,..,..,..,..,..,..,..,..
Qatar,QAT,"Government expenditure on education, total (% of GDP)",SE.XPD.TOTL.GD.ZS,..,..,..,3.57767009735107,4.34530019760132,3.72598004341125,3.20019006729126,3.84656000137329,3.37393999099731,3.46258997917175,3.97187995910645,..,..,4.22755002975464,3.41315007209778,4.53965997695923,4.01223993301392,3.50744009017944,4.07384014129639,3.60535001754761,..,..,2.96745991706848,..,2.80378007888794
Qatar,QAT,"Unemployment, total (% of total labor force) (national estimate)",SL.UEM.TOTL.NE.ZS,..,..,..,..,..,..,..,..,..,1.48,..,0.87,0.52,0.31,0.31,0.45,0.56,0.48,0.28,0.2,0.17,0.15,0.14,0.11,0.1
Qatar,QAT,Military expenditure (% of GDP),MS.MIL.XPND.GD.ZS,..,..,..,..,..,..,..,3.92996992225186,3.33399484024608,2.43385968557379,1.99301626863922,1.75050764857182,1.95984159971877,2.01050092711317,1.99221317692269,1.47390908321736,..,..,..,..,..,..,..,..,..
Romania,ROU,Gini index,SI.POV.GINI,..,..,..,..,..,..,..,..,..,..,..,39.6,37.5,36.4,35.6,35.5,35.9,36.5,36.9,36,35.9,34.4,36,35.8,34.8
Romania,ROU,"Government expenditure on education, total (% of GDP)",SE.XPD.TOTL.GD.ZS,..,3.24121999740601,..,..,..,2.86862993240356,3.26628994941711,3.5041298866272,3.54397010803223,3.31273007392883,3.50039005279541,4.30650997161865,4.14953994750977,4.0971999168396,4.00213003158569,3.41717004776001,2.91375994682312,2.82322001457214,3.06800007820129,3.12508010864258,3.10695004463196,3.02559995651245,3.11820006370544,3.31918001174927,3.56695008277893
Romania,ROU,"Unemployment, total (% of total labor force) (national estimate)",SL.UEM.TOTL.NE.ZS,8.01,6.74,5.515,5.63,6.239,6.969,6.562,11.75,6.95,7.719,7.174,7.27,6.413,5.788,6.859,6.959,7.177,6.794,7.096,6.802,6.812,5.901,4.927,4.187,3.912
Romania,ROU,Military expenditure (% of GDP),MS.MIL.XPND.GD.ZS,2.61344768528808,2.36907292563377,3.01764996200519,3.00417486391887,2.64025926740376,2.49891418426016,2.4207451879196,2.28729607547664,2.08848713354877,2.00765756131918,2.00699360911993,1.84512546001227,1.49361825981328,1.39998436558161,1.27806961233722,1.22697660697606,1.23556866931776,1.17392522752233,1.29223076714816,1.3476637836228,1.45071824376782,1.42770454147789,1.73375510218939,1.79144423500295,1.83559871426307
Russian Federation,RUS,Gini index,SI.POV.GINI,..,..,38.4,38.1,37.4,37.1,36.9,37.3,40,40.3,41.3,41,42.3,41.6,39.8,39.5,39.7,40.7,40.9,39.9,37.7,36.8,37.2,37.5,37.7
Russian Federation,RUS,"Government expenditure on education, total (% of GDP)",SE.XPD.TOTL.GD.ZS,..,..,..,..,..,2.93979001045227,3.10601997375488,3.83502006530762,3.67853999137878,3.54786992073059,3.77192997932434,3.86626005172729,..,4.10174989700317,4.47064161300659,3.8476243019104,3.7681736946106,3.79310011863708,3.76382994651794,4.01387977600098,3.83402991294861,3.76044011116028,4.68990993499756,4.67819976806641,3.50932550430298
Russian Federation,RUS,"Unemployment, total (% of total labor force) (national estimate)",SL.UEM.TOTL.NE.ZS,9.449,9.665,11.813,13.261,13.036,10.581,8.978,7.875,8.21,7.763,7.124,7.055,6.002,6.205,8.301,7.369,6.536,5.436,5.458,5.16,5.571,5.559,5.212,4.846,4.496
Russian Federation,RUS,Military expenditure (% of GDP),MS.MIL.XPND.GD.ZS,3.78442996742671,3.75655882080282,4.03980929678188,2.73264908865687,3.07328792235108,3.30702983667541,3.54631922908818,3.75627739108018,3.67083808960104,3.30035364660483,3.33123723441659,3.24635723405838,3.1185420747754,3.14948602002222,3.92406340302834,3.58508572012112,3.43304383760131,3.68924043459907,3.85404258314373,4.11299297822323,4.87151474680202,5.42514770504505,4.24899605173948,3.71982243956434,3.86033750437073
Rwanda,RWA,Gini index,SI.POV.GINI,..,..,..,..,..,48.5,..,..,..,..,52,..,..,..,..,47.2,..,..,45.1,..,..,43.7,..,..,..
Rwanda,RWA,"Government expenditure on education, total (% of GDP)",SE.XPD.TOTL.GD.ZS,..,..,..,..,3.85813999176025,3.43430995941162,4.82515001296997,..,..,..,..,..,3.98514008522034,3.50219011306763,..,4.6313099861145,4.38350009918213,4.42103004455566,4.74213981628418,4.19639015197754,3.64708995819092,3.43478989601135,3.12472009658813,3.07375001907349,3.23868060112
Rwanda,RWA,"Unemployment, total (% of total labor force) (national estimate)",SL.UEM.TOTL.NE.ZS,..,0.56,..,..,..,..,..,0.89,..,..,..,..,..,..,..,..,..,..,..,1.169,..,..,11.875,10.759,11.236
Rwanda,RWA,Military expenditure (% of GDP),MS.MIL.XPND.GD.ZS,0.607802874743326,5.32855611635214,4.17352561260538,4.37764728159408,4.44810543657331,3.53550295857988,3.39622641509434,3.04893350062735,2.44712990936556,1.97346600331675,1.74305555555556,1.64391043145822,1.36567834681042,1.30649717514124,1.32690239867659,1.21679268178848,1.09493104282603,1.04224962789709,1.05488528481013,1.10273875155611,1.21369473342003,1.24050679129546,1.24889524304653,1.23455191520116,1.19677367403908
Samoa,WSM,Gini index,SI.POV.GINI,..,..,..,..,..,..,..,40.7,..,..,..,..,..,42,..,..,..,..,38.7,..,..,..,..,..,..
Samoa,WSM,"Government expenditure on education, total (% of GDP)",SE.XPD.TOTL.GD.ZS,..,..,..,..,4.0162501335144,3.63095998764038,3.97652006149292,3.93932008743286,..,..,..,..,..,5.11659002304077,..,..,..,..,4.61486053466797,5.21744775772095,4.61519002914429,4.34968376159668,3.96231913566589,4.26097393035889,4.39581727981567
Samoa,WSM,"Unemployment, total (% of total labor force) (national estimate)",SL.UEM.TOTL.NE.ZS,..,..,..,..,..,..,4.96,..,..,..,..,1.29,..,..,..,..,5.68,8.752,..,8.72,..,..,9.4,..,..
Samoa,WSM,Military expenditure (% of GDP),MS.MIL.XPND.GD.ZS,..,..,..,..,..,..,..,..,..,..,..,..,..,..,..,..,..,..,..,..,..,..,..,..,..
San Marino,SMR,Gini index,SI.POV.GINI,..,..,..,..,..,..,..,..,..,..,..,..,..,..,..,..,..,..,..,..,..,..,..,..,..
San Marino,SMR,"Government expenditure on education, total (% of GDP)",SE.XPD.TOTL.GD.ZS,..,..,..,..,..,..,..,3.30499792098999,3.13275384902954,2.79383993148804,..,..,..,..,..,2.62883996963501,2.70296001434326,..,..,..,3.44286584854126,3.3372015953064,3.36997008323669,3.55516004562378,3.37969994544983
San Marino,SMR,"Unemployment, total (% of total labor force) (national estimate)",SL.UEM.TOTL.NE.ZS,3.9,5.1,4.4,4.1,3,2.8,..,..,..,..,2.11,1.63,..,..,4.02,4.37,5.06,5.19,6.08,6.61,7.38,6.45,7.89,7.83,7.54
San Marino,SMR,Military expenditure (% of GDP),MS.MIL.XPND.GD.ZS,..,..,..,..,..,..,..,..,..,..,..,..,..,..,..,..,..,..,..,..,..,..,..,..,..
Sao Tome and Principe,STP,Gini index,SI.POV.GINI,..,..,..,..,..,32.1,..,..,..,..,..,..,..,..,..,30.8,..,..,..,..,..,..,40.7,..,..
Sao Tome and Principe,STP,"Government expenditure on education, total (% of GDP)",SE.XPD.TOTL.GD.ZS,..,..,..,..,..,..,..,2.72058010101318,3.24692988395691,3.23470997810364,4.85645008087158,4.27118015289307,6.28682994842529,5.5544900894165,10.6779003143311,9.65147018432617,..,6.33950996398926,5.93969011306763,3.7490599155426,3.86459994316101,5.17303991317749,5.03636980056763,5.23510980606079,5.89931058883667
Sao Tome and Principe,STP,"Unemployment, total (% of total labor force) (national estimate)",SL.UEM.TOTL.NE.ZS,..,..,..,..,..,14.4,15.73,17.63,16.36,16.12,16.47,16.65,..,..,..,..,..,13.59,..,..,..,..,..,..,..
Sao Tome and Principe,STP,Military expenditure (% of GDP),MS.MIL.XPND.GD.ZS,..,..,..,..,..,..,..,..,..,..,..,..,..,..,..,..,..,..,..,..,..,..,..,..,..
Saudi Arabia,SAU,Gini index,SI.POV.GINI,..,..,..,..,..,..,..,..,..,..,..,..,..,..,..,..,..,..,..,..,..,..,..,..,..
Saudi Arabia,SAU,"Government expenditure on education, total (% of GDP)",SE.XPD.TOTL.GD.ZS,5.69247007369995,4.94374990463257,4.37707996368408,8.28131008148193,7.07226991653442,5.90983009338379,7.71887016296387,7.63688993453979,7.10509014129639,6.2774600982666,5.43092012405396,5.89117002487183,..,5.13781023025513,..,..,..,..,..,..,..,..,..,..,..
Saudi Arabia,SAU,"Unemployment, total (% of total labor force) (national estimate)",SL.UEM.TOTL.NE.ZS,..,..,..,..,4.346,4.57,4.618,5.265,5.563,5.822,6.051,6.254,5.734,5.085,5.377,5.55,..,5.622,5.6,5.877,5.6,5.6,5.89,6.029,5.636
Saudi Arabia,SAU,Military expenditure (% of GDP),MS.MIL.XPND.GD.ZS,9.27846839011516,8.46807775904447,11.0009354234167,14.3110374500593,11.3819360225849,10.5344033130193,11.4190048869926,9.75806380053797,8.68711846455737,8.08155565898243,7.73059887481948,7.84836521143522,8.52704997826892,7.35343646797829,9.61719999229391,8.56567729417753,7.23005340174944,7.67660286364132,8.97612783934665,10.6779098995933,13.3256724788244,9.87273849752759,10.2238480550291,9.13718049618408,8.13356689975746
Senegal,SEN,Gini index,SI.POV.GINI,..,..,..,..,..,..,41.2,..,..,..,39.2,..,..,..,..,..,40.3,..,..,..,..,..,..,38.3,..
Senegal,SEN,"Government expenditure on education, total (% of GDP)",SE.XPD.TOTL.GD.ZS,..,..,..,2.47457003593445,2.45981001853943,2.46335005760193,2.47150993347168,2.59441995620728,2.75125002861023,3.07778000831604,4.06443023681641,3.82137989997864,..,4.02568006515503,4.92073011398315,5.21774005889893,4.90302991867065,4.77698993682861,5.68656015396118,5.72021007537842,5.45637989044189,5.11309003829956,4.62496995925903,4.85822010040283,5.44944429397583
Senegal,SEN,"Unemployment, total (% of total labor force) (national estimate)",SL.UEM.TOTL.NE.ZS,..,..,..,..,..,..,..,5.65,..,..,..,10.03,..,..,..,..,2.853,..,..,..,6.757,4.455,4.078,3.567,2.863
Senegal,SEN,Military expenditure (% of GDP),MS.MIL.XPND.GD.ZS,1.31009911066192,1.24391793737025,1.1969122297618,1.17914185452607,1.20212680514523,1.04836027705155,1.11566749250516,1.10124043617179,1.11544277826225,1.05782487014373,1.13046452910055,1.27105687032274,1.3795917338401,1.29196686871926,1.33587587609685,1.2153093310459,1.29386015954483,1.11347959476351,1.25170125603319,1.21336600293871,1.2090991706832,1.60209745363896,1.47106251742975,1.66692756826471,1.53113424194311
Serbia,SRB,Gini index,SI.POV.GINI,..,..,..,..,..,..,..,..,..,..,..,..,..,..,..,..,..,39.9,39.5,40.5,40.5,38.8,36.2,35,34.5
Serbia,SRB,"Government expenditure on education, total (% of GDP)",SE.XPD.TOTL.GD.ZS,..,..,..,..,..,..,..,..,..,..,..,..,4.20983982086182,4.44199991226196,4.48398017883301,4.32780981063843,4.2383599281311,4.16420984268188,..,3.92698001861572,3.78640007972717,3.63470005989075,3.71016001701355,3.58231997489929,3.61647009849548
Serbia,SRB,"Unemployment, total (% of total labor force) (national estimate)",SL.UEM.TOTL.NE.ZS,13.4,13.2,13.8,13.7,13.7,12.6,12.8,13.8,15.2,18.5,20.85,20.85,18.06,13.67,16.116,19.204,22.959,24,22.154,19.223,17.66,15.257,13.477,12.733,10.395
Serbia,SRB,Military expenditure (% of GDP),MS.MIL.XPND.GD.ZS,..,3.51128589512011,3.78650446661838,3.51189797884574,4.00594743451673,5.1539431901456,4.0275711979198,4.20995410624924,3.44790847102019,2.97316156374027,2.27394357408135,2.17062119905688,2.25051717000289,2.12979811206655,2.15727645847456,2.08596534194605,2.0036450286792,1.97099365573843,1.90065993166999,1.94076876426109,1.82608633648213,1.74515572711873,1.83750752661956,1.61493759611063,2.21441908263068
Seychelles,SYC,Gini index,SI.POV.GINI,..,..,..,..,..,..,..,..,..,..,..,..,..,..,..,..,..,..,46.8,..,..,..,..,32.1,..
Seychelles,SYC,"Government expenditure on education, total (% of GDP)",SE.XPD.TOTL.GD.ZS,7.24050998687744,7.31149005889893,..,5.63179016113281,4.94468021392822,3.97916483879089,..,4.88109016418457,5.05177021026611,..,..,4.48331022262573,4.06658267974854,..,..,3.54826331138611,3.62881994247437,2.54104995727539,3.61677002906799,3.95247006416321,5.05932998657227,4.32328987121582,4.23536539077759,4.03930521011353,4.05055141448975
Seychelles,SYC,"Unemployment, total (% of total labor force) (national estimate)",SL.UEM.TOTL.NE.ZS,..,..,..,..,..,..,..,9.81,..,..,5.5,..,..,..,..,..,4.11,..,..,3.841,4.151,3.965,3.715,3.528,2.966
Seychelles,SYC,Military expenditure (% of GDP),MS.MIL.XPND.GD.ZS,2.28118026283164,2.09574851017878,2.02481003710903,1.73291558768129,1.78292544212037,1.67933282099451,1.77826552168784,1.67737547090833,1.73431637499016,1.89764022742369,1.60235235107661,1.41343002330889,1.46828358935559,1.15019319695979,1.02087833561425,0.737915363270446,0.855504063317464,0.936679584641367,1.03655893266994,2.22756172006943,1.2783460007428,1.47114468998418,1.41334297279534,1.31441839283279,1.28748760895455
Sierra Leone,SLE,Gini index,SI.POV.GINI,..,..,..,..,..,..,..,..,40.2,..,..,..,..,..,..,..,34,..,..,..,..,..,..,35.7,..
Sierra Leone,SLE,"Government expenditure on education, total (% of GDP)",SE.XPD.TOTL.GD.ZS,..,..,..,..,..,4.94936990737915,3.48251008987427,3.59434008598328,3.29900002479553,3.14692997932434,2.8372700214386,..,2.5967800617218,2.4658899307251,2.8182098865509,2.58851003646851,2.6782500743866,2.88159990310669,2.37981009483337,2.66290998458862,3.21786284446716,2.91133999824524,4.66086006164551,6.98963022232056,7.4470100402832
Sierra Leone,SLE,"Unemployment, total (% of total labor force) (national estimate)",SL.UEM.TOTL.NE.ZS,..,..,..,..,..,..,..,..,3.879,3.42,..,..,..,..,..,..,..,..,..,4.678,..,..,..,3.193,..
Sierra Leone,SLE,Military expenditure (% of GDP),MS.MIL.XPND.GD.ZS,1.96929162657653,1.35295037022412,0.764916648015189,1.02470222872405,1.74034004536642,2.51215561780176,2.74252734280679,2.16461761611263,2.05395298767045,1.58494660921678,1.42681393237049,1.48639584786552,1.34699336114922,0.943706279244541,1.07603322555112,0.972150455134743,0.865813493995693,0.782800530642159,0.643965907030134,0.973262106321706,0.923453252284234,1.11638235750704,1.0938168966116,0.751992568713766,0.672477267518061
Singapore,SGP,Gini index,SI.POV.GINI,..,..,..,..,..,..,..,..,..,..,..,..,..,..,..,..,..,..,..,..,..,..,..,..,..
Singapore,SGP,"Government expenditure on education, total (% of GDP)",SE.XPD.TOTL.GD.ZS,..,..,..,..,..,3.32130002975464,3.54249000549316,3.87853002548218,3.98194003105164,3.65276002883911,3.19596004486084,2.85911989212036,2.9467499256134,2.76460003852844,3.01012992858887,3.08044004440308,3.03077006340027,3.07085990905762,2.85435009002686,2.92436671257019,2.86309337615967,2.87320590019226,2.75753688812256,2.85647010803223,2.72968006134033
Singapore,SGP,"Unemployment, total (% of total labor force) (national estimate)",SL.UEM.TOTL.NE.ZS,3.3,3.57,2.5,3.41,4.85,5.96,3.76,5.65,5.93,5.84,5.59,4.48,3.9,3.96,5.86,4.12,3.89,3.72,3.86,3.74,3.79,4.08,4.2,..,3.1
Singapore,SGP,Military expenditure (% of GDP),MS.MIL.XPND.GD.ZS,4.17879788368962,4.25331403898939,4.45003647708667,5.21105296070909,5.20735398793435,4.51888629365982,4.82624999921862,4.92498628742409,4.86964764804806,4.41680505073795,4.27504313120819,3.92291119365444,3.602552791077,3.85002679403201,3.88242334748021,3.38139843984389,3.19387456850782,3.10816619008299,3.03849114883637,3.04786038477706,3.04671265935693,3.09756463026742,2.97261728193432,2.80706244760274,2.77012373006203
Sint Maarten (Dutch part),SXM,Gini index,SI.POV.GINI,..,..,..,..,..,..,..,..,..,..,..,..,..,..,..,..,..,..,..,..,..,..,..,..,..
Sint Maarten (Dutch part),SXM,"Government expenditure on education, total (% of GDP)",SE.XPD.TOTL.GD.ZS,..,..,..,..,..,..,..,..,..,..,..,..,..,..,..,..,..,..,..,..,..,..,..,..,..
Sint Maarten (Dutch part),SXM,"Unemployment, total (% of total labor force) (national estimate)",SL.UEM.TOTL.NE.ZS,..,..,..,..,..,..,..,..,..,..,..,..,..,..,..,..,..,..,..,..,..,..,..,..,..
Sint Maarten (Dutch part),SXM,Military expenditure (% of GDP),MS.MIL.XPND.GD.ZS,..,..,..,..,..,..,..,..,..,..,..,..,..,..,..,..,..,..,..,..,..,..,..,..,..
Slovak Republic,SVK,Gini index,SI.POV.GINI,..,..,..,..,..,..,..,..,..,27.1,29.3,25.8,24.7,26,27.2,27.3,26.5,26.1,28.1,26.1,26.5,25.2,23.2,25,23.2
Slovak Republic,SVK,"Government expenditure on education, total (% of GDP)",SE.XPD.TOTL.GD.ZS,4.29757976531982,4.12440013885498,4.1223201751709,..,4.1072998046875,3.86468005180359,3.93569993972778,4.24539995193481,4.20956993103027,4.10157012939453,3.75995993614197,3.70770001411438,3.52321004867554,3.52165007591248,4.00641012191772,4.0447998046875,3.89836001396179,3.8590099811554,4.06895017623901,4.21589994430542,4.57843017578125,3.90078997612,3.93220996856689,3.95290994644165,4.27319002151489
Slovak Republic,SVK,"Unemployment, total (% of total labor force) (national estimate)",SL.UEM.TOTL.NE.ZS,13.109,11.341,11.894,12.421,16.099,18.546,20.46,18.541,17.55,18.206,16.276,13.395,11.16,9.514,12.023,14.387,13.634,13.966,14.227,11.537,11.492,9.679,8.142,6.544,5.761
Slovak Republic,SVK,Military expenditure (% of GDP),MS.MIL.XPND.GD.ZS,3.15455810787471,2.9738286677448,2.28311624477759,1.74433653315927,1.57382654973916,1.6553123819075,1.84316098962007,1.7760268404571,1.84111107563443,1.6520060170675,1.67909052359894,1.59399802258371,1.47838892400771,1.45938505158744,1.51648666734409,1.24918295945171,1.06706271874263,1.07808283795721,0.978618159746004,0.984879429017199,1.10950186885543,1.11609893716249,1.10428883698508,1.22170097426647,1.70483154448324
Slovenia,SVN,Gini index,SI.POV.GINI,..,..,..,..,..,..,..,..,..,24.8,24.6,24.4,24.4,23.7,24.8,24.9,24.9,25.6,26.2,25.7,25.4,24.8,24.2,24.6,24.4
Slovenia,SVN,"Government expenditure on education, total (% of GDP)",SE.XPD.TOTL.GD.ZS,4.90559005737305,..,..,..,..,6.13048267364502,5.7568302154541,5.67286014556885,5.70333003997803,5.64425992965698,5.60408020019531,5.59066009521484,5.11661005020142,5.10951995849609,5.55496978759766,5.54546022415161,5.541259765625,5.62023019790649,5.4057297706604,5.29169988632202,4.90953016281128,4.79266977310181,4.78053998947144,4.93455982208252,4.8964900970459
Slovenia,SVN,"Unemployment, total (% of total labor force) (national estimate)",SL.UEM.TOTL.NE.ZS,7.15,6.886,6.658,7.4,7.33,6.92,5.685,5.927,6.481,6.017,6.515,5.957,4.828,4.379,5.869,7.248,8.182,8.852,10.116,9.692,8.975,8.007,6.573,5.116,4.448
Slovenia,SVN,Military expenditure (% of GDP),MS.MIL.XPND.GD.ZS,1.57303477574917,1.53636281209044,1.40136831751909,1.36118246899735,1.211302468275,1.09316627543634,1.30048247372981,1.38761857556639,1.40379833710615,1.43065194465024,1.4201971624414,1.54218221292603,1.44291454234963,1.49291914113746,1.58615682467018,1.60312521178811,1.29217076374929,1.16679123354242,1.04694825557094,0.973739588196785,0.930119531623913,1.00428707817666,0.981780637525869,0.977856790281467,1.0543316103123
Small states,SST,Gini index,SI.POV.GINI,..,..,..,..,..,..,..,..,..,..,..,..,..,..,..,..,..,..,..,..,..,..,..,..,..
Small states,SST,"Government expenditure on education, total (% of GDP)",SE.XPD.TOTL.GD.ZS,3.55854988098145,..,..,..,5.09095001220703,4.98346996307373,5.03334999084472,4.90804982185364,5.27309989929199,4.87674999237061,5.54847002029419,6.03171014785767,..,6.19131994247437,6.19848012924194,5.51778984069824,5.64056515693665,4.71772003173828,4.84388017654419,5.41550493240356,5.24956846237183,5.23612499237061,4.96131992340088,4.96055603027343,4.85279512405396
Small states,SST,"Unemployment, total (% of total labor force) (national estimate)",SL.UEM.TOTL.NE.ZS,..,..,..,..,..,..,..,..,..,..,..,..,..,..,..,..,..,..,..,..,..,..,..,..,..
Small states,SST,Military expenditure (% of GDP),MS.MIL.XPND.GD.ZS,..,..,..,..,..,..,..,2.33547973943108,2.22685253731456,1.97518807697523,1.77541959394367,1.67846699912339,1.74457353706282,1.76655498259397,1.98430875490736,1.72900592779162,..,..,..,..,..,..,..,..,..
Solomon Islands,SLB,Gini index,SI.POV.GINI,..,..,..,..,..,..,..,..,..,..,46.1,..,..,..,..,..,..,37.1,..,..,..,..,..,..,..
Solomon Islands,SLB,"Government expenditure on education, total (% of GDP)",SE.XPD.TOTL.GD.ZS,..,..,..,2.31550002098083,..,..,..,..,..,..,..,..,7.33327007293701,6.89515018463135,6.6585898399353,7.47837018966675,..,..,..,..,..,..,..,..,..
Solomon Islands,SLB,"Unemployment, total (% of total labor force) (national estimate)",SL.UEM.TOTL.NE.ZS,..,..,..,..,..,..,..,..,..,..,..,..,..,..,2.02,..,..,..,0.694,..,..,..,..,..,..
Solomon Islands,SLB,Military expenditure (% of GDP),MS.MIL.XPND.GD.ZS,..,..,..,..,..,..,..,..,..,..,..,..,..,..,..,..,..,..,..,..,..,..,..,..,..
Somalia,SOM,Gini index,SI.POV.GINI,..,..,..,..,..,..,..,..,..,..,..,..,..,..,..,..,..,..,..,..,..,..,..,..,..
Somalia,SOM,"Government expenditure on education, total (% of GDP)",SE.XPD.TOTL.GD.ZS,..,..,..,..,..,..,..,..,..,..,..,..,..,..,..,..,..,..,..,..,..,..,0.127174034714699,0.234450966119766,0.270661741495132
Somalia,SOM,"Unemployment, total (% of total labor force) (national estimate)",SL.UEM.TOTL.NE.ZS,..,..,..,..,..,..,..,..,..,..,..,..,..,..,..,..,..,..,..,..,..,..,..,..,18.828
Somalia,SOM,Military expenditure (% of GDP),MS.MIL.XPND.GD.ZS,..,..,..,..,..,..,..,..,..,..,..,..,..,..,..,..,..,..,..,..,..,..,..,..,..
South Africa,ZAF,Gini index,SI.POV.GINI,..,..,..,..,..,57.8,..,..,..,..,64.8,..,..,63,..,63.4,..,..,..,63,..,..,..,..,..
South Africa,ZAF,"Government expenditure on education, total (% of GDP)",SE.XPD.TOTL.GD.ZS,..,5.04734992980957,..,..,5.29117012023926,4.90881013870239,4.63617992401123,4.54569005966187,4.35209989547729,4.50897979736328,4.52449989318848,4.52651977539062,4.4466700553894,4.37424993515015,4.76118993759155,5.13497018814087,5.28898000717163,5.52323007583618,5.35071992874146,5.48977994918823,5.48285007476807,5.4442400932312,5.59867000579834,5.64401006698608,5.92770004272461
South Africa,ZAF,"Unemployment, total (% of total labor force) (national estimate)",SL.UEM.TOTL.NE.ZS,..,..,..,25,25.37,29.88,25.371,27.18,27.116,24.673,23.84,22.616,22.326,19.507,20.512,23.181,21.416,21.786,22.038,22.606,22.869,24.023,23.992,24.218,25.538
South Africa,ZAF,Military expenditure (% of GDP),MS.MIL.XPND.GD.ZS,2.11786404667743,1.75587879819291,1.58213355671958,1.38316672312245,1.27205293062738,1.38728913141799,1.48316101798605,1.52930955872386,1.4688112381823,1.35572857797827,1.23481125272958,1.15387200554978,1.05883924142242,1.03951331865132,1.08950470906387,1.00348106887351,1.00265340405471,1.03352274081458,1.02779402383821,1.02189399625968,1.00692862196088,0.971046764986093,0.943568494750462,0.897196371938879,0.884244501867417
South Asia,SAS,Gini index,SI.POV.GINI,..,..,..,..,..,..,..,..,..,..,..,..,..,..,..,..,..,..,..,..,..,..,..,..,..
South Asia,SAS,"Government expenditure on education, total (% of GDP)",SE.XPD.TOTL.GD.ZS,..,..,3.02230000495911,3.05141997337341,2.75240004062652,2.55011510848999,..,..,3.11435008049011,2.55604004859924,3.18875002861023,3.14284992218018,3.07624006271362,3.27569997310639,2.93451499938965,3.377690076828,2.84187996387482,2.37023997306824,2.84806311130524,2.97596204280853,2.95290994644165,3.22929000854492,3.06104683876038,2.15998977422714,2.21491765975952
South Asia,SAS,"Unemployment, total (% of total labor force) (national estimate)",SL.UEM.TOTL.NE.ZS,..,..,..,..,..,3.25909481308226,..,..,..,..,8.07805554008818,..,..,..,..,2.91361183627412,..,3.26104887094097,..,..,..,..,..,7.18327670842273,6.27936738368265
South Asia,SAS,Military expenditure (% of GDP),MS.MIL.XPND.GD.ZS,2.98526793346878,2.89032319135792,2.9312613859959,2.96317506414332,3.08674779420529,3.0414995656819,2.94704610157674,2.86302718258253,2.74583493319754,2.85405803535222,2.89976679762684,2.70027185462037,2.53630081829231,2.64511218198893,2.99810334784399,2.82122811627161,2.65928422660751,2.58967073056288,2.52267661270851,2.52500775830755,2.4049247378583,2.43437329324662,2.43287467247362,2.35782601441389,2.449055311651
South Asia (IDA & IBRD),TSA,Gini index,SI.POV.GINI,..,..,..,..,..,..,..,..,..,..,..,..,..,..,..,..,..,..,..,..,..,..,..,..,..
South Asia (IDA & IBRD),TSA,"Government expenditure on education, total (% of GDP)",SE.XPD.TOTL.GD.ZS,..,..,3.02230000495911,3.05141997337341,2.75240004062652,2.55011510848999,..,..,3.11435008049011,2.55604004859924,3.18875002861023,3.14284992218018,3.07624006271362,3.27569997310639,2.93451499938965,3.377690076828,2.84187996387482,2.37023997306824,2.84806311130524,2.97596204280853,2.95290994644165,3.22929000854492,3.06104683876038,2.15998977422714,2.21491765975952
South Asia (IDA & IBRD),TSA,"Unemployment, total (% of total labor force) (national estimate)",SL.UEM.TOTL.NE.ZS,..,..,..,..,..,3.25909481308226,..,..,..,..,8.07805554008818,..,..,..,..,2.91361183627412,..,3.26104887094097,..,..,..,..,..,7.18327670842273,6.27936738368265
South Asia (IDA & IBRD),TSA,Military expenditure (% of GDP),MS.MIL.XPND.GD.ZS,2.98526793346878,2.89032319135792,2.9312613859959,2.96317506414332,3.08674779420529,3.0414995656819,2.94704610157674,2.86302718258253,2.74583493319754,2.85405803535222,2.89976679762684,2.70027185462037,2.53630081829231,2.64511218198892,2.99810334784399,2.8212281162716,2.65928422660751,2.58967073056288,2.52267661270851,2.52500775830755,2.4049247378583,2.43437329324663,2.43287467247362,2.35782601441389,2.449055311651
South Sudan,SSD,Gini index,SI.POV.GINI,..,..,..,..,..,..,..,..,..,..,..,..,..,..,46.3,..,..,..,..,..,..,44.1,..,..,..
South Sudan,SSD,"Government expenditure on education, total (% of GDP)",SE.XPD.TOTL.GD.ZS,..,..,..,..,..,..,..,..,..,..,..,..,..,..,..,..,0.962890028953552,1.24552810192108,1.02450001239777,1.23246002197266,1.46555995941162,1.56539225578308,..,..,..
South Sudan,SSD,"Unemployment, total (% of total labor force) (national estimate)",SL.UEM.TOTL.NE.ZS,..,..,..,..,..,..,..,..,..,..,..,..,..,12.15,..,..,..,..,..,..,..,..,..,..,..
South Sudan,SSD,Military expenditure (% of GDP),MS.MIL.XPND.GD.ZS,..,..,..,..,..,..,..,..,..,..,..,..,..,5.76128903307145,4.96846263299849,4.14063254299941,6.09441532228387,8.7711241134394,6.5698143952479,8.46061686026832,8.90853520334162,4.01385654087298,2.06134443197278,3.19540114016586,3.34971373830548
Spain,ESP,Gini index,SI.POV.GINI,35.7,36.5,35.3,34.6,33.8,34.1,..,..,31.8,33.3,32.4,33.5,34.1,34.2,34.9,35.2,35.7,35.4,36.2,36.1,36.2,35.8,34.7,34.7,34.3
Spain,ESP,"Government expenditure on education, total (% of GDP)",SE.XPD.TOTL.GD.ZS,4.43462991714478,4.45745992660522,..,4.28785991668701,4.2604398727417,4.16604995727539,4.1112699508667,4.13457012176514,4.1734299659729,4.15785980224609,4.14432001113892,4.1848201751709,4.25404977798462,4.52805995941162,4.91200017929077,4.85608005523682,4.8969202041626,4.46931982040405,4.34961986541748,4.30150985717773,4.28457021713257,4.22544002532959,4.20552015304565,4.1794900894165,4.23021984100342
Spain,ESP,"Unemployment, total (% of total labor force) (national estimate)",SL.UEM.TOTL.NE.ZS,22.675,22.142,20.698,18.673,15.475,13.785,10.348,11.146,11.283,11.09,9.146,8.452,8.232,11.255,17.857,19.86,21.391,24.788,26.094,24.442,22.058,19.635,17.224,15.255,14.104
Spain,ESP,Military expenditure (% of GDP),MS.MIL.XPND.GD.ZS,1.91702239465122,1.81443901615473,1.72281567944182,1.75731994886122,1.75523458900652,1.72551798839458,1.62958403293614,1.45597370162444,1.42254439300681,1.43022117967926,1.38717775355122,1.37000746147478,1.36310631227691,1.36762048450666,1.35835383696039,1.3873781239833,1.33187655521014,1.42363040003724,1.27236040392798,1.25391242368837,1.2702320395662,1.13713590926222,1.23002910987775,1.25433377164601,1.23270491757212
Sri Lanka,LKA,Gini index,SI.POV.GINI,35.4,..,..,..,..,..,..,40.2,..,..,..,39.7,..,..,36.1,..,..,38.7,..,..,..,39.3,..,..,37.7
Sri Lanka,LKA,"Government expenditure on education, total (% of GDP)",SE.XPD.TOTL.GD.ZS,2.95760011672974,3.34360003471375,..,3.05141997337341,..,..,..,..,..,..,..,..,..,..,2.05590009689331,1.66177999973297,1.74292004108429,1.45342004299164,1.5645899772644,1.85859000682831,2.10998010635376,3.22929000854492,2.59316992759705,1.98781001567841,..
Sri Lanka,LKA,"Unemployment, total (% of total labor force) (national estimate)",SL.UEM.TOTL.NE.ZS,12.27,11.35,10.6,9.17,8.88,7.74,7.9,8.76,8.22,8.38,7.67,6.5,5.97,5.22,5.85,4.784,4.118,3.88,4.186,4.157,4.519,4.243,4.046,4.318,4.67
Sri Lanka,LKA,Military expenditure (% of GDP),MS.MIL.XPND.GD.ZS,5.86113224274153,5.51978316113981,4.63060207374592,4.64346408117958,4.0301638395602,5.03387296841704,4.28699058949232,3.34258944021437,2.86891182725842,2.99735847919569,2.6395333951407,2.79877359903086,3.26060835702917,3.24360178402603,3.16189871004304,2.70074784039336,2.68531865302989,2.15519951243996,2.15404824269909,2.41264701190051,2.41701116575955,1.97935533284589,1.97692843257215,1.73469354853576,1.75219928060225
St. Kitts and Nevis,KNA,Gini index,SI.POV.GINI,..,..,..,..,..,..,..,..,..,..,..,..,..,..,..,..,..,..,..,..,..,..,..,..,..
St. Kitts and Nevis,KNA,"Government expenditure on education, total (% of GDP)",SE.XPD.TOTL.GD.ZS,2.57641005516052,..,..,4.02056980133057,3.32266998291016,4.74038982391357,4.42154979705811,3.92051005363464,3.79099011421204,3.9713499546051,3.83144998550415,4.05925989151001,4.1938099861145,..,..,2.94405817985535,2.75111293792725,3.18290591239929,3.26205849647522,2.84990429878235,2.549880027771,3.12435936927795,3.15901589393616,3.15738606452942,2.98651361465454
St. Kitts and Nevis,KNA,"Unemployment, total (% of total labor force) (national estimate)",SL.UEM.TOTL.NE.ZS,..,..,..,..,..,..,5.12,..,..,..,..,..,..,..,..,..,..,..,..,..,..,..,..,..,..
St. Kitts and Nevis,KNA,Military expenditure (% of GDP),MS.MIL.XPND.GD.ZS,..,..,..,..,..,..,..,..,..,..,..,..,..,..,..,..,..,..,..,..,..,..,..,..,..
St. Lucia,LCA,Gini index,SI.POV.GINI,42.6,..,..,..,..,..,..,..,..,..,..,..,..,..,..,..,..,..,..,..,..,51.2,..,..,..
St. Lucia,LCA,"Government expenditure on education, total (% of GDP)",SE.XPD.TOTL.GD.ZS,..,..,..,5.52894020080566,5.44994020462036,..,5.70733022689819,..,3.53449010848999,3.43646001815796,4.23895978927612,4.69669008255005,..,4.48353004455566,3.0676600933075,3.4828999042511,3.59886002540588,3.29098010063171,3.87657999992371,3.89142990112305,3.8806300163269,5.21076011657715,3.63334321975708,3.33577990531921,3.27884006500244
St. Lucia,LCA,"Unemployment, total (% of total labor force) (national estimate)",SL.UEM.TOTL.NE.ZS,15.83,16.33,20.47,21.6,18.09,16.49,..,20.39,22.18,20.97,18.7,16,14,12.72,15.37,..,18.86,19.06,22.21,..,..,..,19.136,19.329,15.613
St. Lucia,LCA,Military expenditure (% of GDP),MS.MIL.XPND.GD.ZS,..,..,..,..,..,..,..,..,..,..,..,..,..,..,..,..,..,..,..,..,..,..,..,..,..
St. Martin (French part),MAF,Gini index,SI.POV.GINI,..,..,..,..,..,..,..,..,..,..,..,..,..,..,..,..,..,..,..,..,..,..,..,..,..
St. Martin (French part),MAF,"Government expenditure on education, total (% of GDP)",SE.XPD.TOTL.GD.ZS,..,..,..,..,..,..,..,..,..,..,..,..,..,..,..,..,..,..,..,..,..,..,..,..,..
St. Martin (French part),MAF,"Unemployment, total (% of total labor force) (national estimate)",SL.UEM.TOTL.NE.ZS,..,..,..,..,..,..,..,..,..,..,..,..,..,..,..,..,..,..,..,..,..,..,..,..,..
St. Martin (French part),MAF,Military expenditure (% of GDP),MS.MIL.XPND.GD.ZS,..,..,..,..,..,..,..,..,..,..,..,..,..,..,..,..,..,..,..,..,..,..,..,..,..
St. Vincent and the Grenadines,VCT,Gini index,SI.POV.GINI,..,..,..,..,..,..,..,..,..,..,..,..,..,..,..,..,..,..,..,..,..,..,..,..,..
St. Vincent and the Grenadines,VCT,"Government expenditure on education, total (% of GDP)",SE.XPD.TOTL.GD.ZS,..,..,..,4.03337001800537,5.75268983840942,7.32787990570068,..,7.38802003860474,8.17488956451416,..,6.03082990646362,..,5.43937015533447,..,5.3761100769043,4.80839014053345,..,..,..,..,4.95615243911743,5.45266008377075,5.37975978851318,5.22358989715576,..
St. Vincent and the Grenadines,VCT,"Unemployment, total (% of total labor force) (national estimate)",SL.UEM.TOTL.NE.ZS,..,..,..,..,..,..,21.1,..,..,..,..,..,..,18.79,..,..,..,..,..,..,..,..,..,..,..
St. Vincent and the Grenadines,VCT,Military expenditure (% of GDP),MS.MIL.XPND.GD.ZS,..,..,..,..,..,..,..,..,..,..,..,..,..,..,..,..,..,..,..,..,..,..,..,..,..
Sub-Saharan Africa,SSF,Gini index,SI.POV.GINI,..,..,..,..,..,..,..,..,..,..,..,..,..,..,..,..,..,..,..,..,..,..,..,..,..
Sub-Saharan Africa,SSF,"Government expenditure on education, total (% of GDP)",SE.XPD.TOTL.GD.ZS,..,..,..,..,3.08122992515564,2.64609491825104,2.90390992164612,2.8962299823761,..,3.07778000831604,3.3096399307251,2.92044496536255,..,3.06307005882263,3.13160502910614,3.37994718551635,3.28603506088256,3.45361495018006,3.68952989578247,3.38488006591797,3.67008996009827,3.35868489742279,3.73654007911682,3.50772500038147,3.55504989624023
Sub-Saharan Africa,SSF,"Unemployment, total (% of total labor force) (national estimate)",SL.UEM.TOTL.NE.ZS,..,..,..,..,..,..,..,..,..,..,..,..,..,..,..,..,..,..,..,..,..,..,..,..,..
Sub-Saharan Africa,SSF,Military expenditure (% of GDP),MS.MIL.XPND.GD.ZS,1.52406153477446,1.20947817760858,1.21196658467047,1.21865017530079,1.89571314800775,1.65494842547681,1.63985050735005,1.66965070352294,1.44859501598326,1.48727216629938,1.30285240276594,1.28247849173529,1.28200868354389,1.44787100539077,1.5368550031709,1.24263819542838,1.21426185922733,1.18121015876163,1.27597225578959,1.25229505950754,1.17435591111425,1.11555855605071,1.19573047078361,1.00045106119924,0.949803986256359
Sub-Saharan Africa (excluding high income),SSA,Gini index,SI.POV.GINI,..,..,..,..,..,..,..,..,..,..,..,..,..,..,..,..,..,..,..,..,..,..,..,..,..
Sub-Saharan Africa (excluding high income),SSA,"Government expenditure on education, total (% of GDP)",SE.XPD.TOTL.GD.ZS,..,..,..,..,3.08122992515564,2.64609491825104,2.90390992164612,2.8962299823761,..,3.07778000831604,3.3096399307251,2.92044496536255,..,3.06307005882263,3.13160502910614,3.37994718551635,3.28603506088256,3.45361495018006,3.68952989578247,3.38488006591797,3.67008996009827,3.35868489742279,3.73654007911682,3.50772500038147,3.55504989624023
Sub-Saharan Africa (excluding high income),SSA,"Unemployment, total (% of total labor force) (national estimate)",SL.UEM.TOTL.NE.ZS,..,..,..,..,..,..,..,..,..,..,..,..,..,..,..,..,..,..,..,..,..,..,..,..,..
Sub-Saharan Africa (excluding high income),SSA,Military expenditure (% of GDP),MS.MIL.XPND.GD.ZS,1.52312569330772,1.20853760603251,1.21105721025607,1.21799858586719,1.89591926075465,1.65490743482903,1.6396005556648,1.66963637168043,1.44819806716389,1.48672963026944,1.30248509796218,1.28232667748581,1.28181974402442,1.44810538403415,1.53722899425844,1.24300782555809,1.21451513169328,1.18137764024975,1.27615656963198,1.25154854506154,1.1742690945783,1.11522688837381,1.19553407914721,1.00016829441103,0.949497010084689
Sub-Saharan Africa (IDA & IBRD countries),TSS,Gini index,SI.POV.GINI,..,..,..,..,..,..,..,..,..,..,..,..,..,..,..,..,..,..,..,..,..,..,..,..,..
Sub-Saharan Africa (IDA & IBRD countries),TSS,"Government expenditure on education, total (% of GDP)",SE.XPD.TOTL.GD.ZS,..,..,..,..,3.08122992515564,2.64609491825104,2.90390992164612,2.8962299823761,..,3.07778000831604,3.3096399307251,2.92044496536255,..,3.06307005882263,3.13160502910614,3.37994718551635,3.28603506088256,3.45361495018006,3.68952989578247,3.38488006591797,3.67008996009827,3.35868489742279,3.73654007911682,3.50772500038147,3.55504989624023
Sub-Saharan Africa (IDA & IBRD countries),TSS,"Unemployment, total (% of total labor force) (national estimate)",SL.UEM.TOTL.NE.ZS,..,..,..,..,..,..,..,..,..,..,..,..,..,..,..,..,..,..,..,..,..,..,..,..,..
Sub-Saharan Africa (IDA & IBRD countries),TSS,Military expenditure (% of GDP),MS.MIL.XPND.GD.ZS,1.52406153477446,1.20947817760858,1.21196658467047,1.21865017530079,1.89571314800774,1.65494842547681,1.63985050735005,1.66965070352294,1.44859501598326,1.48727216629938,1.30285240276594,1.28247849173529,1.28200868354389,1.44787100539077,1.5368550031709,1.24263819542838,1.21426185922733,1.18121015876163,1.27597225578959,1.25229505950754,1.17435591111425,1.11555855605071,1.19573047078361,1.00045106119924,0.949803986256359
Sudan,SDN,Gini index,SI.POV.GINI,..,..,..,..,..,..,..,..,..,..,..,..,..,..,35.4,..,..,..,..,34.2,..,..,..,..,..
Sudan,SDN,"Government expenditure on education, total (% of GDP)",SE.XPD.TOTL.GD.ZS,..,..,..,..,..,1.01217997074127,..,1.16425001621246,..,1.31254994869232,1.17842996120453,1.55353999137878,..,1.85150003433228,2.02213001251221,..,..,..,..,..,..,..,..,..,..
Sudan,SDN,"Unemployment, total (% of total labor force) (national estimate)",SL.UEM.TOTL.NE.ZS,..,..,..,..,..,..,..,..,..,..,..,..,..,14.8,13,..,17.44,..,..,..,..,..,..,..,..
Sudan,SDN,Military expenditure (% of GDP),MS.MIL.XPND.GD.ZS,1.66798422244204,1.26931409320392,0.954304906614448,2.37966073878893,4.00978609546617,4.79142088157686,2.94404491102975,3.27380035115994,2.25618439439824,5.78262016066383,3.31128145892401,3.64051219402659,4.0832306034626,4.97892177814511,5.45391875825013,..,..,..,..,..,2.71294023315842,2.27850721551928,3.28580390103889,1.77892402693237,1.63015149648972
Suriname,SUR,Gini index,SI.POV.GINI,..,..,..,..,57.9,..,..,..,..,..,..,..,..,..,..,..,..,..,..,..,..,..,..,..,..
Suriname,SUR,"Government expenditure on education, total (% of GDP)",SE.XPD.TOTL.GD.ZS,..,..,..,..,..,..,..,..,..,..,..,..,..,..,..,..,..,..,..,..,5.51823854446411,5.64051914215088,5.45861291885376,4.92259359359741,..
Suriname,SUR,"Unemployment, total (% of total labor force) (national estimate)",SL.UEM.TOTL.NE.ZS,8.39,10.88,10.56,10.63,13.6,..,..,..,..,9.49,..,..,..,..,8.72,7.15,7.54,8.1,6.6,6.94,7.22,7.917,..,..,..
Suriname,SUR,Military expenditure (% of GDP),MS.MIL.XPND.GD.ZS,..,..,..,..,..,..,..,..,..,..,..,..,..,..,..,..,..,..,..,..,..,..,..,..,..
Sweden,SWE,Gini index,SI.POV.GINI,25.2,..,..,..,..,27.2,..,25.8,25.3,26.1,26.8,26.4,27.1,28.1,27.3,27.7,27.6,27.6,28.8,28.4,29.2,29.6,28.8,30,29.3
Sweden,SWE,"Government expenditure on education, total (% of GDP)",SE.XPD.TOTL.GD.ZS,6.14813995361328,6.83862018585205,..,7.06125020980835,6.84873008728027,6.740149974823,6.61764001846313,6.92434978485107,6.79142999649048,6.66310977935791,6.5064001083374,6.36429023742676,6.17158985137939,6.34455013275146,6.74971008300781,6.52268981933594,6.36691999435425,7.5369701385498,7.61120986938477,7.57372999191284,7.4439001083374,7.61861991882324,7.56883001327515,7.64084005355835,7.63851022720337
Sweden,SWE,"Unemployment, total (% of total labor force) (national estimate)",SL.UEM.TOTL.NE.ZS,8.897,9.547,10.359,8.941,7.607,5.466,4.73,4.965,5.555,6.693,7.486,7.066,6.161,6.235,8.351,8.61,7.804,7.976,8.052,7.954,7.432,6.99,6.718,6.365,6.833
Sweden,SWE,Military expenditure (% of GDP),MS.MIL.XPND.GD.ZS,2.15896881665563,2.14090775518102,1.95327692368964,1.87262378757035,1.89088507253778,1.83267304982489,1.71274737307638,1.64115454047208,1.59678996943608,1.44128335992893,1.40698751486224,1.31820552345733,1.29998150757256,1.16374723679633,1.15980434381161,1.18712854137069,1.10169116434029,1.13011028867624,1.11252053864955,1.12644731800047,1.06650205259044,1.0530163887864,1.023179204574,1.03224609210767,1.09340922552771
Switzerland,CHE,Gini index,SI.POV.GINI,..,..,..,..,..,33.4,..,31.7,..,..,..,33.9,34.3,33.8,32.9,32.6,31.7,31.6,32.5,32.5,32.3,33,32.7,33.1,..
Switzerland,CHE,"Government expenditure on education, total (% of GDP)",SE.XPD.TOTL.GD.ZS,4.9128999710083,4.92260980606079,..,4.75152015686035,4.75953006744385,4.65878009796143,4.82218980789185,5.17881011962891,5.38400983810425,5.31429004669189,5.08472013473511,4.84120988845825,4.58395004272461,4.75725984573364,4.92561006546021,4.80210018157959,4.85663986206055,4.89862012863159,4.91392993927002,4.93057012557983,4.99559020996094,4.98163986206055,5.01765012741089,4.93008995056152,5.01438999176025
Switzerland,CHE,"Unemployment, total (% of total labor force) (national estimate)",SL.UEM.TOTL.NE.ZS,3.094,3.684,4.127,3.568,3.053,2.658,2.49,2.924,4.117,4.316,4.437,3.995,3.641,3.35,4.109,4.808,4.409,4.491,4.747,4.826,4.801,4.918,4.797,4.713,4.394
Switzerland,CHE,Military expenditure (% of GDP),MS.MIL.XPND.GD.ZS,1.35581088252354,1.28375680158363,1.22086410342116,1.18520390139366,1.08621220546806,1.02928011745958,0.991880080138388,0.956388349764947,0.926630419400856,0.888925074606932,0.83306403652778,0.753808477874928,0.718232323663411,0.722484412265189,0.73179337674355,0.687220165933277,0.694782257657599,0.669001710434324,0.712636242390875,0.634898338463689,0.651341082840214,0.664750475412517,0.66568455676088,0.652876569793988,0.696324324760463
Syrian Arab Republic,SYR,Gini index,SI.POV.GINI,..,35.2,..,..,..,..,..,..,37.5,..,..,..,..,..,..,..,..,..,..,..,..,..,..,..,..
Syrian Arab Republic,SYR,"Government expenditure on education, total (% of GDP)",SE.XPD.TOTL.GD.ZS,..,3.699049949646,..,..,..,..,4.54640007019043,5.26984977722168,6.48084020614624,5.37147998809814,..,5.27965021133423,4.86470985412598,4.59525012969971,5.13013982772827,..,..,..,..,..,..,..,..,..,..
Syrian Arab Republic,SYR,"Unemployment, total (% of total labor force) (national estimate)",SL.UEM.TOTL.NE.ZS,7.2,..,..,..,7.6,..,11.63,11.68,10.28,..,..,8.17,8.42,10.94,8.14,8.61,..,..,..,..,..,..,..,..,..
Syrian Arab Republic,SYR,Military expenditure (% of GDP),MS.MIL.XPND.GD.ZS,6.94969131748325,6.04191605498678,5.88275531842123,5.80838111238747,5.81058049645217,5.45365642119423,5.48055046775797,5.41250122273305,6.24832427198928,5.54183867581242,5.02641990387935,4.39444682311126,4.10054365333056,3.5523398057458,4.02770775856936,4.05614173609585,..,..,..,..,..,..,..,..,..
Tajikistan,TJK,Gini index,SI.POV.GINI,..,..,..,..,29.5,..,..,..,32.7,33.6,..,..,32.2,..,30.8,..,..,..,..,..,34,..,..,..,..
Tajikistan,TJK,"Government expenditure on education, total (% of GDP)",SE.XPD.TOTL.GD.ZS,2.06590008735657,2.04345011711121,..,2.52849006652832,2.07651996612549,2.32871007919312,2.37659001350403,2.77578997612,2.42078995704651,2.77203011512756,3.51213002204895,3.40350008010864,3.41326999664307,3.45983004570007,4.0983099937439,4.00675010681152,3.93511009216309,4.01803016662598,..,..,4.96774005889893,5.73094129562378,5.54471778869629,5.38508749008179,5.56805467605591
Tajikistan,TJK,"Unemployment, total (% of total labor force) (national estimate)",SL.UEM.TOTL.NE.ZS,2,2.6,2.7,3.2,3,2.7,2.3,2.5,3.85,2,2,2.2,2.874,..,11.5,..,..,..,..,..,..,6.9,..,..,..
Tajikistan,TJK,Military expenditure (% of GDP),MS.MIL.XPND.GD.ZS,1.09861325115562,1.28914100486224,1.69509493670886,1.71303160358954,1.39204460966543,0.598174532502226,0.580783882496171,1.04883693330169,1.11879149508362,1.13133632771605,..,..,..,1.02218713975002,0.954768508640922,0.95285512473335,1.09380663999495,0.999142722822931,..,1.1283850454994,1.28197181934631,1.20806716554116,1.03718533693392,1.04856527674186,1.01529515863987
Tanzania,TZA,Gini index,SI.POV.GINI,..,..,..,..,..,37.3,..,..,..,..,..,..,40.3,..,..,..,37.8,..,..,..,..,..,..,40.5,..
Tanzania,TZA,"Government expenditure on education, total (% of GDP)",SE.XPD.TOTL.GD.ZS,..,2.53282999992371,2.45859003067017,2.17590999603271,..,..,..,..,..,3.56122994422913,3.54625010490417,3.00991988182068,4.03342008590698,4.18591022491455,3.96076011657715,4.54169988632202,4.57789897918701,4.22964286804199,4.63769435882568,3.38488006591797,4.19486570358276,4.10196733474731,4.4305100440979,3.69953989982605,3.59683632850647
Tanzania,TZA,"Unemployment, total (% of total labor force) (national estimate)",SL.UEM.TOTL.NE.ZS,..,..,..,..,..,..,2.994,3.6,..,..,..,3.299,..,0.343,2.5,1.314,3.47,2.608,2.93,2.125,..,..,..,..,..
Tanzania,TZA,Military expenditure (% of GDP),MS.MIL.XPND.GD.ZS,1.62721403741102,1.55535029886083,1.54354453955173,1.60197154683142,1.48766265966724,1.48726401206321,1.45160464399204,1.30259845652854,1.07430696847071,0.994614572583098,0.823941300163293,0.792124010730679,0.762064569335019,0.698278989715238,0.757193066304469,0.896024084275438,0.903150747306732,0.91379934806313,0.972362603264419,1.0157610032095,1.09136986722986,1.09369193376988,1.05579628235399,1.05785704409873,1.02236539691676
Thailand,THA,Gini index,SI.POV.GINI,..,42.9,..,41.5,43.1,42.8,..,41.9,..,42.5,..,41.8,39.8,40.3,39.6,39.4,37.5,39.3,37.8,37,36,36.9,36.5,36.4,34.9
Thailand,THA,"Government expenditure on education, total (% of GDP)",SE.XPD.TOTL.GD.ZS,3.14497995376587,3.49960994720459,4.57718992233276,4.62569999694824,4.83267021179199,5.25345993041992,4.81787014007568,3.86491990089417,3.72561001777649,4.03088998794556,3.93859004974365,4.05038022994995,3.60314989089966,3.50850009918213,3.86193990707397,3.5084400177002,4.80555009841919,3.59691834449768,3.82439851760864,3.91917753219604,3.86397624015808,3.76761746406555,3.46532154083252,3.19769406318665,3.02221417427063
Thailand,THA,"Unemployment, total (% of total labor force) (national estimate)",SL.UEM.TOTL.NE.ZS,1.1,1.071,0.873,3.404,2.968,2.389,2.6,..,1.54,1.51,1.35,1.22,1.18,1.18,1.49,0.622,0.66,0.58,0.249,0.576,0.597,0.688,0.83,0.766,0.716
Thailand,THA,Military expenditure (% of GDP),MS.MIL.XPND.GD.ZS,2.2737823729037,2.15152508135528,2.17392250470724,1.85636828124458,1.62379763252113,1.48823095007459,1.43378743887059,1.34994925105441,1.24212796855366,1.07980692728253,1.04822946909485,1.1011616129091,1.33969745170473,1.53268865982228,1.70375530197551,1.45480832875808,1.48670410042287,1.38141132916588,1.4039567766839,1.40663602187281,1.42658030230776,1.42166010284752,1.38976479830668,1.35692992388847,1.35138503031835
Timor-Leste,TLS,Gini index,SI.POV.GINI,..,..,..,..,..,..,35.9,..,..,..,..,..,27.8,..,..,..,..,..,..,28.7,..,..,..,..,..
Timor-Leste,TLS,"Government expenditure on education, total (% of GDP)",SE.XPD.TOTL.GD.ZS,..,..,..,..,..,..,..,..,..,..,..,..,..,8.67057037353516,12.9034595489502,11.1076097488403,10.1947298049927,7.16674470901489,5.68140316009521,7.66009426116943,6.29548788070679,6.01923704147339,5.2086181640625,4.88148260116577,4.17656230926514
Timor-Leste,TLS,"Unemployment, total (% of total labor force) (national estimate)",SL.UEM.TOTL.NE.ZS,..,..,..,..,..,..,5.235,..,..,..,..,..,5.646,..,..,3.301,..,..,4.05,..,..,4.657,..,..,..
Timor-Leste,TLS,Military expenditure (% of GDP),MS.MIL.XPND.GD.ZS,..,..,..,..,..,..,..,..,..,..,1.7802292883409,3.76928162185985,4.37269712601326,3.64703161141095,5.01870958866419,2.9926287139941,1.96949347659248,2.87728369527749,2.27036904335364,2.04684585089477,2.3180506773708,1.58833151581243,1.59440997681268,1.31785919815845,1.69575076407375
Togo,TGO,Gini index,SI.POV.GINI,..,..,..,..,..,..,..,..,..,..,..,42.2,..,..,..,..,46,..,..,..,43.1,..,..,42.5,..
Togo,TGO,"Government expenditure on education, total (% of GDP)",SE.XPD.TOTL.GD.ZS,..,3.24700999259949,..,2.93192005157471,3.08017992973328,2.88529992103577,2.7720799446106,2.56633996963501,2.44759011268616,2.28831005096436,2.3252100944519,2.52774000167847,2.5833899974823,2.41757988929749,2.84629011154175,3.0144100189209,3.17111992835999,3.47275996208191,3.25525999069214,3.52083992958069,3.75931000709534,3.68649005889893,3.7605299949646,4.09168004989624,4.20166826248169
Togo,TGO,"Unemployment, total (% of total labor force) (national estimate)",SL.UEM.TOTL.NE.ZS,..,..,..,..,..,..,..,..,..,..,..,4.229,..,..,..,..,1.982,..,..,..,2.204,..,3.744,..,2.056
Togo,TGO,Military expenditure (% of GDP),MS.MIL.XPND.GD.ZS,1.85752563400778,..,..,..,..,..,..,..,1.36569983895261,1.40604809612512,1.45744020230587,..,..,1.72218624355757,1.63801256321406,1.65885798813081,1.52606374846498,1.62464311756716,1.67620536115859,1.81828886251592,1.67442289494562,1.84038238724014,1.87454228815956,1.96333243100018,3.14621707722131
Tonga,TON,Gini index,SI.POV.GINI,..,..,..,..,..,37.7,..,..,..,..,..,..,..,..,37.5,..,..,..,..,..,33.5,..,..,..,..
Tonga,TON,"Government expenditure on education, total (% of GDP)",SE.XPD.TOTL.GD.ZS,..,..,..,5.51712989807129,5.38055992126465,4.87807989120483,4.47756004333496,3.79500007629395,4.15951013565063,3.91376996040344,..,..,..,..,..,..,..,..,..,..,..,..,5.05922508239746,4.96945524215698,5.27322959899902
Tonga,TON,"Unemployment, total (% of total labor force) (national estimate)",SL.UEM.TOTL.NE.ZS,..,..,..,..,..,..,..,..,5.18,..,..,1.09,..,..,..,..,..,..,..,..,..,..,..,2.248,..
Tonga,TON,Military expenditure (% of GDP),MS.MIL.XPND.GD.ZS,..,..,..,..,..,..,..,..,..,..,..,..,..,..,..,..,..,..,..,..,..,..,..,..,..
Trinidad and Tobago,TTO,Gini index,SI.POV.GINI,..,..,..,..,..,..,..,..,..,..,..,..,..,..,..,..,..,..,..,..,..,..,..,..,..
Trinidad and Tobago,TTO,"Government expenditure on education, total (% of GDP)",SE.XPD.TOTL.GD.ZS,3.55854988098145,3.24876999855042,3.3252100944519,2.43892002105713,2.75611996650696,2.75565004348755,3.06528997421265,3.54300999641418,3.13660001754761,..,..,..,..,..,..,..,..,2.62982749938965,2.67376279830933,2.57133078575134,3.14850950241089,3.76715040206909,3.30224180221558,3.21678996086121,3.59864854812622
Trinidad and Tobago,TTO,"Unemployment, total (% of total labor force) (national estimate)",SL.UEM.TOTL.NE.ZS,17.22,16.25,15.01,14.21,13.12,12.1,10.88,10.39,10.48,8.33,7.95,6.27,5.54,4.63,5.28,4.033,3.425,3.718,2.683,2.477,2.428,3.207,..,..,3.523
Trinidad and Tobago,TTO,Military expenditure (% of GDP),MS.MIL.XPND.GD.ZS,..,..,..,..,..,..,0.155634799309892,0.213074265946209,0.294294112206887,0.56332687432576,0.604538000333575,0.621275873847403,0.568668581528334,0.493375226495272,0.709658644481144,0.635217366605715,0.566437190906244,0.662025828351234,0.786092912210172,0.695344952799854,0.833206239926993,0.953650060137164,0.88503952327773,0.687787710419977,0.707947748096899
Tunisia,TUN,Gini index,SI.POV.GINI,41.7,..,..,..,..,40.8,..,..,..,..,37.7,..,..,..,..,35.8,..,..,..,..,32.8,..,..,..,..
Tunisia,TUN,"Government expenditure on education, total (% of GDP)",SE.XPD.TOTL.GD.ZS,6.42975997924805,6.2878098487854,6.67902994155884,..,6.27098989486694,6.20196008682251,6.20184993743896,5.79006004333496,6.81675004959106,6.72078990936279,6.4515700340271,6.43879985809326,6.46451997756958,6.27157020568848,6.528480052948,5.96306991577148,..,5.95086002349854,..,..,6.22044992446899,..,..,..,..
Tunisia,TUN,"Unemployment, total (% of total labor force) (national estimate)",SL.UEM.TOTL.NE.ZS,..,..,15.94,..,15.21,14.94,14.4,14.55,14.51,14.23,12.872,12.51,12.365,12.444,13.291,13.049,18.334,17.63,15.934,14.259,15.159,15.557,15.33,15.459,17.153
Tunisia,TUN,Military expenditure (% of GDP),MS.MIL.XPND.GD.ZS,1.74470758582503,1.86753522903203,1.72638454432232,1.67797151546674,1.55607575730874,1.5479040325129,1.52111247336458,1.49264292624339,1.48388570363995,1.42590206296513,1.45160141621028,1.44636242435988,1.26099385636655,1.29062492574542,1.2949496088007,1.23617052057621,1.48625780102894,1.43987394498013,1.5597373837127,1.8068874807375,2.13959162946471,2.22498472970201,2.03182932622148,1.97644872011962,2.38327777746153
Turkiye,TUR,Gini index,SI.POV.GINI,..,..,..,..,..,..,..,41.4,42.2,41.3,42.6,39.6,38.4,39,39,38.8,40,40.2,40.2,41.2,42.9,41.9,41.4,41.9,41.9
Turkiye,TUR,"Government expenditure on education, total (% of GDP)",SE.XPD.TOTL.GD.ZS,2.2511100769043,..,..,0,..,..,..,..,..,..,..,..,..,3.3205578327179,3.76504969596863,3.7870135307312,4.221519947052,4.38721990585327,4.34481000900269,4.41258001327515,4.32219982147217,4.62773990631104,4.32368993759155,4.30003976821899,4.45403003692627
Turkiye,TUR,"Unemployment, total (% of total labor force) (national estimate)",SL.UEM.TOTL.NE.ZS,7.644,6.629,6.841,6.888,7.687,6.495,8.381,10.358,10.542,10.838,10.636,10.227,10.285,10.965,14.026,11.879,9.789,9.21,9.713,9.901,10.304,10.899,10.919,10.956,13.73
Turkiye,TUR,Military expenditure (% of GDP),MS.MIL.XPND.GD.ZS,3.90164973474904,4.13969694261893,4.10367223056831,3.18450090852014,3.88901737403665,3.66109466979562,3.60345707482735,3.79592688113795,3.29604717264126,2.69798371690976,2.40937050592188,2.3595222796582,2.21792932113531,2.199273923442,2.48931174211555,2.27171421902952,2.02750659150507,2.00944779894555,1.92395933259341,1.87196655112723,1.81284829274449,2.05032460503249,2.05006581752215,2.52369540945235,2.69365024001119
Turkmenistan,TKM,Gini index,SI.POV.GINI,..,..,..,40.8,..,..,..,..,..,..,..,..,..,..,..,..,..,..,..,..,..,..,..,..,..
Turkmenistan,TKM,"Government expenditure on education, total (% of GDP)",SE.XPD.TOTL.GD.ZS,..,..,..,..,..,..,..,..,..,..,..,..,..,..,..,..,..,3.04924988746643,..,..,..,..,..,..,3.19200992584229
Turkmenistan,TKM,"Unemployment, total (% of total labor force) (national estimate)",SL.UEM.TOTL.NE.ZS,..,..,..,..,..,..,..,..,..,..,..,..,..,..,4,4,..,..,..,..,..,..,..,..,..
Turkmenistan,TKM,Military expenditure (% of GDP),MS.MIL.XPND.GD.ZS,2.31584615384615,2.04174435876061,3.96227021447804,3.11402734984911,2.90187475069805,..,..,..,..,..,..,..,..,..,..,..,..,..,..,..,..,..,..,..,..
Turks and Caicos Islands,TCA,Gini index,SI.POV.GINI,..,..,..,..,..,..,..,..,..,..,..,..,..,..,..,..,..,..,..,..,..,..,..,..,..
Turks and Caicos Islands,TCA,"Government expenditure on education, total (% of GDP)",SE.XPD.TOTL.GD.ZS,..,..,..,..,..,4.71883010864258,4.84300994873047,5.06913995742798,4.72877979278564,..,2.54099988937378,..,..,..,..,..,3.36029505729675,2.6955897808075,2.93595004081726,2.94255042076111,3.09325003623962,2.97956204414368,2.78401732444763,2.7437698841095,2.50508999824524
Turks and Caicos Islands,TCA,"Unemployment, total (% of total labor force) (national estimate)",SL.UEM.TOTL.NE.ZS,..,..,..,..,..,..,9.71,6.18,7.77,9.86,8.04,7.45,5.43,8.3,..,..,..,..,..,..,..,..,..,..,..
Turks and Caicos Islands,TCA,Military expenditure (% of GDP),MS.MIL.XPND.GD.ZS,..,..,..,..,..,..,..,..,..,..,..,..,..,..,..,..,..,..,..,..,..,..,..,..,..
Tuvalu,TUV,Gini index,SI.POV.GINI,..,..,..,..,..,..,..,..,..,..,..,..,..,..,..,39.1,..,..,..,..,..,..,..,..,..
Tuvalu,TUV,"Government expenditure on education, total (% of GDP)",SE.XPD.TOTL.GD.ZS,..,..,3.73082995414734,..,..,..,..,..,..,..,..,..,..,..,..,..,..,..,..,..,..,..,..,..,..
Tuvalu,TUV,"Unemployment, total (% of total labor force) (national estimate)",SL.UEM.TOTL.NE.ZS,..,..,..,..,..,..,..,6.53,..,..,..,..,..,..,..,..,..,..,..,..,..,8.489,26.553,..,..
Tuvalu,TUV,Military expenditure (% of GDP),MS.MIL.XPND.GD.ZS,..,..,..,..,..,..,..,..,..,..,..,..,..,..,..,..,..,..,..,..,..,..,..,..,..
Uganda,UGA,Gini index,SI.POV.GINI,..,39,..,..,43,..,..,45.2,..,..,42.9,..,..,..,44.2,..,..,41,..,..,..,42.8,..,..,42.7
Uganda,UGA,"Government expenditure on education, total (% of GDP)",SE.XPD.TOTL.GD.ZS,..,..,..,..,..,2.461669921875,..,..,..,4.95237016677856,..,..,..,..,..,1.72739994525909,2.29890990257263,1.79746997356415,1.87114000320435,1.91472005844116,2.32152009010315,2.13789010047913,2.25363993644714,2.13052010536194,2.30828070640564
Uganda,UGA,"Unemployment, total (% of total labor force) (national estimate)",SL.UEM.TOTL.NE.ZS,..,..,..,..,..,..,..,3.5,3.6,..,1.9,..,..,..,3.6,1.401,0.882,3.551,1.91,1.566,..,..,3.643,..,2.563
Uganda,UGA,Military expenditure (% of GDP),MS.MIL.XPND.GD.ZS,2.10151053274244,2.21091090169168,2.11670724007935,2.44235581316614,2.65573403225382,1.76460770822564,1.68324514574881,1.63467473652418,1.69168784576439,1.76615583020933,1.68432268847927,1.50342601664363,1.39447189004469,1.34734497189712,1.43231723283534,2.46009387698207,2.538786699798,1.16543270533352,1.3351931773384,0.885150158324909,1.04314802530803,1.04325843278611,1.10546534823207,1.23271304540367,1.74757281238647
Ukraine,UKR,Gini index,SI.POV.GINI,39.3,35.2,..,..,..,..,..,29,28.7,28.9,29,29.8,27,26.6,25.3,24.8,24.6,24.7,24.6,24,25.5,25,26,26.1,26.6
Ukraine,UKR,"Government expenditure on education, total (% of GDP)",SE.XPD.TOTL.GD.ZS,..,..,5.45600986480713,4.44884014129639,3.61807990074158,4.02293014526367,4.52568006515503,5.24006986618042,5.4001898765564,5.12376022338867,5.84819984436035,5.97945976257324,5.90244007110596,6.15242004394531,7.05074977874756,..,5.93770980834961,6.44269990921021,6.41989994049072,5.87493991851807,5.7425684928894,5.00977993011475,5.41707992553711,5.3199200630188,5.44129991531372
Ukraine,UKR,"Unemployment, total (% of total labor force) (national estimate)",SL.UEM.TOTL.NE.ZS,5.62,7.65,8.93,11.32,11.864,11.707,11.061,10.136,9.057,8.59,7.18,6.81,6.351,6.363,8.84,8.1,7.851,7.529,7.17,9.27,9.14,9.35,9.5,8.799,8.194
Ukraine,UKR,Military expenditure (% of GDP),MS.MIL.XPND.GD.ZS,2.03595743178689,2.19078630905066,2.79497910969606,2.10598171305119,1.90075618846419,2.1510492369186,1.8868710784894,1.98468424604293,2.12420904616827,1.96705859978073,2.40574899498883,2.38774563835436,2.47252740262893,2.30274114399407,1.90898190365369,1.90236102232278,1.5336412405932,1.61331991729012,1.57929167934982,2.24502052094788,3.25118076341283,3.15477660251022,2.88440151897159,3.19235326531891,3.52015241588676
United Arab Emirates,ARE,Gini index,SI.POV.GINI,..,..,..,..,..,..,..,..,..,..,..,..,..,..,..,..,..,..,32.5,..,..,..,..,26,..
United Arab Emirates,ARE,"Government expenditure on education, total (% of GDP)",SE.XPD.TOTL.GD.ZS,..,..,..,..,..,..,..,..,..,..,..,..,..,..,..,..,..,..,..,..,..,..,..,..,3.86020994186401
United Arab Emirates,ARE,"Unemployment, total (% of total labor force) (national estimate)",SL.UEM.TOTL.NE.ZS,1.8,..,..,..,..,2.25,..,..,..,..,3.12,..,..,..,..,..,..,..,..,..,..,1.64,2.462,2.236,2.331
United Arab Emirates,ARE,Military expenditure (% of GDP),MS.MIL.XPND.GD.ZS,..,..,6.75906148063517,8.62972120984848,7.6695379976034,8.3237222448449,5.61210552340521,4.87553180534483,4.69230626722928,4.6114776396626,3.65647067832081,3.22597447304637,3.28052136989454,3.6680226492701,5.45710777311036,6.03859220826788,5.46631452753061,5.07555649376756,6.03468625064444,5.64365135247024,..,..,..,..,..
United Kingdom,GBR,Gini index,SI.POV.GINI,35.5,35.3,35.7,36.6,36.8,38.8,37.1,35.1,34.9,34.8,35.5,35.9,34.4,35.4,35.1,33.7,33.2,33.1,32.7,33.1,33.3,33.1,32.6,33.7,32.8
United Kingdom,GBR,"Government expenditure on education, total (% of GDP)",SE.XPD.TOTL.GD.ZS,4.83926010131836,4.37194013595581,..,4.20465993881226,3.98515009880066,4.0147500038147,4.09869003295898,4.61520004272461,4.80098009109497,4.73051023483276,4.92684984207153,4.9733099937439,4.92178010940552,4.90607023239136,5.05902004241943,5.68736982345581,5.5589599609375,5.6279091835022,5.52683019638062,5.59841012954712,5.55358982086182,5.41511011123657,5.43125009536743,5.19807004928589,5.24871015548706
United Kingdom,GBR,"Unemployment, total (% of total labor force) (national estimate)",SL.UEM.TOTL.NE.ZS,8.694,8.189,7.072,6.198,6.042,5.558,4.696,5.037,4.807,4.594,4.751,5.35,5.262,5.615,7.537,7.787,8.038,7.885,7.525,6.11,5.301,4.81,4.33,3.996,3.737
United Kingdom,GBR,Military expenditure (% of GDP),MS.MIL.XPND.GD.ZS,2.85419949053587,2.72459232198324,2.56014877225605,2.49596227501881,2.42290959332375,2.3727966452319,2.41112210130721,2.48565967470705,2.55206201518244,2.49782136751626,2.42271607573388,2.36967440284241,2.37465777127738,2.4871500848402,2.64772453259797,2.56799960467203,2.49660572562908,2.41848641777485,2.29111791300379,2.18411844544609,2.04405824127615,1.97673348686221,1.94766638785079,1.93995346271687,1.98132730031255
United States,USA,Gini index,SI.POV.GINI,39.9,40.3,40.5,40,40,40.1,40.6,40.4,40.8,40.3,41,41.4,40.8,40.8,40.6,40,40.9,40.9,40.7,41.5,41.2,41.1,41.2,41.4,41.5
United States,USA,"Government expenditure on education, total (% of GDP)",SE.XPD.TOTL.GD.ZS,..,..,..,..,..,6.08564949035645,6.29892301559448,6.35995531082153,6.3286075592041,6.2537636756897,6.17098331451416,6.16402912139893,6.24331855773926,6.43608617782593,6.73869848251343,6.6945538520813,6.49768352508545,6.25388622283936,6.22925806045532,6.12920570373535,4.94678020477295,4.80666017532349,5.12287998199463,4.92889022827148,4.98727989196777
United States,USA,"Unemployment, total (% of total labor force) (national estimate)",SL.UEM.TOTL.NE.ZS,5.65,5.451,5,4.511,4.219,3.992,4.731,5.783,5.989,5.529,5.084,4.623,4.622,5.784,9.254,9.633,8.949,8.069,7.375,6.168,5.28,4.869,4.355,3.896,3.669
United States,USA,Military expenditure (% of GDP),MS.MIL.XPND.GD.ZS,3.8602457917389,3.55498220635218,3.40556224418855,3.20155849896996,3.08567678324746,3.11224214697679,3.12380980266703,3.44761809928778,3.82716104473623,4.01631273640692,4.08923187524508,4.04134230166038,4.07335051467688,4.44659552156261,4.87576835879774,4.90402333182935,4.82244188326366,4.4617099699335,4.03266107017529,3.69096076109336,3.48142821522778,3.42258797486987,3.32054091174119,3.32386640421184,3.43456772038844
Upper middle income,UMC,Gini index,SI.POV.GINI,..,..,..,..,..,..,..,..,..,..,..,..,..,..,..,..,..,..,..,..,..,..,..,..,..
Upper middle income,UMC,"Government expenditure on education, total (% of GDP)",SE.XPD.TOTL.GD.ZS,..,..,..,..,3.9397599697113,3.94893002510071,3.77112495899201,3.57905006408691,3.72561001777649,3.91254997253418,3.9797899723053,3.91671991348267,3.64509499073028,4.03013491630554,4.47064161300659,3.95302498340607,4.221519947052,4.05415201187134,4.05822992324829,4.07005310058594,4.14576494693756,4.15403723716736,4.18488502502441,4.08861923217774,3.97953963279724
Upper middle income,UMC,"Unemployment, total (% of total labor force) (national estimate)",SL.UEM.TOTL.NE.ZS,4.43947258251119,4.6183191581442,4.7905782508403,5.3814268911985,5.66755816299161,5.47919684123915,5.62588062617064,5.99450333454985,6.01754468583861,5.87005887040699,5.81089570281133,5.53571523330535,5.48314193954121,5.422454530631,5.81149370134683,5.24357005624101,5.209843165503,5.08306194885679,5.00179032971014,5.00130160778212,..,..,5.37400414123862,5.90042333841274,6.03369551972333
Upper middle income,UMC,Military expenditure (% of GDP),MS.MIL.XPND.GD.ZS,1.99890909726583,1.92272002110395,1.86152790836532,1.68370717856041,1.7396005271256,1.69018381632803,1.77154734393363,1.85963710467872,1.82630313778313,1.74461983414559,1.72253191597161,1.70181674212757,1.69909557527627,1.72497520595115,1.90296371474512,1.75608564370084,1.69712736906544,1.76602395156477,1.82548650902728,1.83531235697334,1.83627545726173,1.82877676524562,1.74252256508773,1.68990680651918,1.71313858831274
Uruguay,URY,Gini index,SI.POV.GINI,..,..,..,..,..,..,..,..,..,..,..,45.9,46.4,45.1,45.5,44.5,42.2,39.9,40.5,40.1,40.1,39.7,39.5,39.7,39.7
Uruguay,URY,"Government expenditure on education, total (% of GDP)",SE.XPD.TOTL.GD.ZS,2.521399974823,2.86986994743347,..,2.24337005615234,..,2.42254996299744,2.80096006393433,2.32220005989075,2.0682098865509,2.49954009056091,2.71475005149841,2.85664010047913,..,..,..,..,4.14937019348145,4.09353351593018,4.23892021179199,4.26735019683838,4.20636987686157,4.36420011520386,4.41787004470825,4.61359977722168,4.64130020141602
Uruguay,URY,"Unemployment, total (% of total labor force) (national estimate)",SL.UEM.TOTL.NE.ZS,10.02,10.85,11.44,9.362,10.466,12.627,15.052,16.648,16.661,12.98,12.009,10.844,9.403,8.026,7.74,7.158,6.307,6.451,6.444,6.547,7.488,7.841,7.89,8.336,8.734
Uruguay,URY,Military expenditure (% of GDP),MS.MIL.XPND.GD.ZS,2.71463667452926,2.80593839042227,2.39972074691363,2.2581336824168,2.3944609705068,2.43597728787045,2.50257766217716,2.53014006008996,2.23754532184395,2.0407280132366,2.00038586601038,2.00617807800672,1.77716708828507,1.86952468832085,1.82261337958887,1.87580785777619,1.71974893241654,1.80366982524901,1.81655130184474,1.80742945563682,1.82058813645626,1.72456511462274,1.81361669130623,1.97127204651996,1.88538746667702
Uzbekistan,UZB,Gini index,SI.POV.GINI,..,..,..,44.7,..,36.1,..,33,35.3,..,..,..,..,..,..,..,..,..,..,..,..,..,..,..,..
Uzbekistan,UZB,"Government expenditure on education, total (% of GDP)",SE.XPD.TOTL.GD.ZS,..,..,..,..,..,..,..,..,..,..,..,..,..,..,..,..,5.81876087188721,6.02691507339478,5.74190998077393,5.71323013305664,5.49453353881836,5.41523742675781,5.0333194732666,4.83589315414429,6.29534673690796
Uzbekistan,UZB,"Unemployment, total (% of total labor force) (national estimate)",SL.UEM.TOTL.NE.ZS,0.4,..,..,..,..,0.4,0.4,0.4,0.3,0.4,0.3,0.2,4.99,4.89,5.04,5.36,4.96,4.87,4.86,5.09,5.15,5.16,5.83,9.35,8.98
Uzbekistan,UZB,Military expenditure (% of GDP),MS.MIL.XPND.GD.ZS,1.10802866673272,1.23418587554756,1.4024958283427,..,1.63764997698082,1.15177987264903,0.834770797549002,0.597792822781548,0.538921303543475,..,..,..,..,..,..,..,..,..,..,..,..,..,..,3.5554825523167,..
Vanuatu,VUT,Gini index,SI.POV.GINI,..,..,..,..,..,..,..,..,..,..,..,..,..,..,..,37.4,..,..,..,..,..,..,..,..,32.3
Vanuatu,VUT,"Government expenditure on education, total (% of GDP)",SE.XPD.TOTL.GD.ZS,..,..,..,7.64104986190796,6.1626501083374,7.0036301612854,8.95114994049072,8.13197994232178,8.44151020050049,..,..,..,..,5.95150995254517,5.16051006317139,..,..,..,..,5.18195009231567,5.60338020324707,..,4.5334300994873,..,1.77407002449036
Vanuatu,VUT,"Unemployment, total (% of total labor force) (national estimate)",SL.UEM.TOTL.NE.ZS,..,..,..,..,..,..,..,..,..,..,..,8.006,..,..,4.565,1.848,..,..,..,..,..,..,..,..,5.445
Vanuatu,VUT,Military expenditure (% of GDP),MS.MIL.XPND.GD.ZS,..,..,..,..,..,..,..,..,..,..,..,..,..,..,..,..,..,..,..,..,..,..,..,..,..
"Venezuela, RB",VEN,Gini index,SI.POV.GINI,47.2,..,..,48.1,47.8,..,47.2,49,48.1,47.5,49.5,44.8,..,..,..,..,..,..,..,..,..,..,..,..,..
"Venezuela, RB",VEN,"Government expenditure on education, total (% of GDP)",SE.XPD.TOTL.GD.ZS,..,..,..,..,..,..,..,..,..,..,..,3.66905999183655,3.62732005119324,..,6.87468004226685,..,..,..,..,..,..,..,..,..,..
"Venezuela, RB",VEN,"Unemployment, total (% of total labor force) (national estimate)",SL.UEM.TOTL.NE.ZS,10.24,11.77,..,..,..,..,8.83,16.17,16.78,..,10.663,8.606,7.279,6.245,6.097,7.112,6.902,6.601,..,..,..,5.319,5.045,..,..
"Venezuela, RB",VEN,Military expenditure (% of GDP),MS.MIL.XPND.GD.ZS,1.54906215977261,1.03948338355238,1.79528505216579,1.58855520454273,1.43719900378467,1.52657012884905,1.55510791113255,1.15337359551171,1.18269062721142,1.28830181236512,1.83171374924625,1.9784922172232,1.88899310620025,1.79355285179574,1.23107041540807,1.01348862784929,1.13040534078431,1.34147173233053,1.66955178280415,1.16181680999136,0.941375968866619,0.454046014282467,2.23333219917076,0.150853892569221,1.79230375763991
Viet Nam,VNM,Gini index,SI.POV.GINI,..,..,35.4,..,..,..,..,37,..,36.8,..,35.8,..,35.6,..,39.3,..,35.6,..,34.8,..,35.3,..,35.7,..
Viet Nam,VNM,"Government expenditure on education, total (% of GDP)",SE.XPD.TOTL.GD.ZS,..,..,..,..,..,..,..,..,..,..,..,..,..,4.88674020767212,4.81650018692017,4.04593992233276,3.7802300453186,4.40817022323608,4.52833986282349,3.54012298583984,3.4166042804718,3.46906995773315,3.41865658760071,3.29537010192871,3.08499836921692
Viet Nam,VNM,"Unemployment, total (% of total labor force) (national estimate)",SL.UEM.TOTL.NE.ZS,..,1.93,2.87,2.29,2.33,2.26,2.76,2.12,2.25,2.14,..,..,2.026,..,1.737,1.114,0.999,1.027,1.316,1.256,1.849,1.848,1.874,1.161,1.681
Viet Nam,VNM,Military expenditure (% of GDP),MS.MIL.XPND.GD.ZS,..,..,..,..,..,..,..,..,2.12864112884164,2.01437983970519,1.78096085234042,1.93836458436365,2.30475733676407,2.15637292727254,2.26520866993266,2.30504933664778,1.98209994676029,2.15688636813921,2.17684979502056,2.2855076468007,2.3611556974687,2.44296075294715,2.26796977611754,2.28456986005062,..
Virgin Islands (U.S.),VIR,Gini index,SI.POV.GINI,..,..,..,..,..,..,..,..,..,..,..,..,..,..,..,..,..,..,..,..,..,..,..,..,..
Virgin Islands (U.S.),VIR,"Government expenditure on education, total (% of GDP)",SE.XPD.TOTL.GD.ZS,..,..,..,..,..,..,..,..,..,..,..,..,..,..,..,..,..,..,..,..,..,..,..,..,..
Virgin Islands (U.S.),VIR,"Unemployment, total (% of total labor force) (national estimate)",SL.UEM.TOTL.NE.ZS,..,..,..,..,..,..,..,..,..,..,..,..,..,..,..,..,..,..,..,..,..,..,..,..,..
Virgin Islands (U.S.),VIR,Military expenditure (% of GDP),MS.MIL.XPND.GD.ZS,..,..,..,..,..,..,..,..,..,..,..,..,..,..,..,..,..,..,..,..,..,..,..,..,..
West Bank and Gaza,PSE,Gini index,SI.POV.GINI,..,..,..,..,..,..,..,..,..,34,34.7,34,35.6,..,34.5,35.3,34.4,..,..,..,..,33.7,..,..,..
West Bank and Gaza,PSE,"Government expenditure on education, total (% of GDP)",SE.XPD.TOTL.GD.ZS,..,..,..,..,..,..,..,..,..,..,..,..,..,..,..,6.19167995452881,5.33527994155884,4.74210977554321,4.89467000961304,..,4.66321992874146,4.98296022415161,4.72153997421265,..,..
West Bank and Gaza,PSE,"Unemployment, total (% of total labor force) (national estimate)",SL.UEM.TOTL.NE.ZS,..,..,..,..,..,10.625,21.493,27.465,23.004,23.215,20.016,19.014,18.282,22.913,20.452,21.416,17.597,19.202,19.894,20.527,23.005,23.939,25.677,26.256,25.34
West Bank and Gaza,PSE,Military expenditure (% of GDP),MS.MIL.XPND.GD.ZS,..,..,..,..,..,..,..,..,..,..,..,..,..,..,..,..,..,..,..,..,..,..,..,..,..
World,WLD,Gini index,SI.POV.GINI,..,..,..,..,..,..,..,..,..,..,..,..,..,..,..,..,..,..,..,..,..,..,..,..,..
World,WLD,"Government expenditure on education, total (% of GDP)",SE.XPD.TOTL.GD.ZS,..,..,..,..,4.0962598323822,3.98310995101929,4.07168006896973,4.04881000518799,4.20493984222412,4.03088998794556,4.09349989891052,4.15651512145996,4.09402012825012,4.35563492774964,4.48398017883301,4.27750992774964,4.22993993759155,4.22964286804199,4.34961986541748,4.25936794281006,4.28457021713257,4.22544002532959,4.2559585571289,4.11181426048279,4.18685626983643
World,WLD,"Unemployment, total (% of total labor force) (national estimate)",SL.UEM.TOTL.NE.ZS,..,5.63472770573625,..,..,6.20544853696099,5.52625905760752,..,..,6.42747080570733,..,6.56544386290142,..,..,..,6.30674056118654,5.4672982575677,5.88938134590493,5.42181754004667,5.62443388466027,5.58412214865104,..,..,5.58784592113703,5.94619463108886,5.86720245365988
World,WLD,Military expenditure (% of GDP),MS.MIL.XPND.GD.ZS,2.37903359137021,2.30588735732463,2.30919225917321,2.25764710223388,2.21472386226259,2.20239828770403,2.23846487457784,2.34118008443201,2.40189815651947,2.40074720607892,2.39214037703973,2.36245073217297,2.32403392780608,2.38189318735123,2.61337639872769,2.51632777291501,2.40561992675189,2.36794613376486,2.30093885650361,2.25081947232314,2.25820444769515,2.21300943725428,2.16417698808281,2.13459168574632,2.18135598406561
"Yemen, Rep.",YEM,Gini index,SI.POV.GINI,..,..,..,35,..,..,..,..,..,..,34.7,..,..,..,..,..,..,..,..,36.7,..,..,..,..,..
"Yemen, Rep.",YEM,"Government expenditure on education, total (% of GDP)",SE.XPD.TOTL.GD.ZS,..,..,..,..,..,9.64552021026611,9.23766040802002,6.32079648971558,5.94827938079834,5.5541467666626,5.15025568008423,5.14441585540771,5.82878255844116,5.15143013000488,5.91624307632446,4.3922233581543,5.04202699661255,5.46478986740112,..,..,..,..,..,..,..
"Yemen, Rep.",YEM,"Unemployment, total (% of total labor force) (national estimate)",SL.UEM.TOTL.NE.ZS,..,..,..,..,11.46,..,..,..,..,16.23,16.05,15.7,15.33,14.97,14.63,17.82,..,..,..,13.467,..,..,..,..,..
"Yemen, Rep.",YEM,Military expenditure (% of GDP),MS.MIL.XPND.GD.ZS,6.35057848305458,5.28134594096812,5.80575259672107,6.08156870413826,5.17272243639362,4.91539236509943,5.4810146916463,6.8956079503431,6.85455205201499,5.301366496456,4.8683170115889,4.30846683494059,4.85072348722524,4.44582949823727,5.65364849717961,4.68555703404199,4.92646170259402,4.57388427656059,4.07952740426758,3.96689108824503,..,..,..,..,..
Zambia,ZMB,Gini index,SI.POV.GINI,..,48.3,..,49.1,..,..,..,42.1,..,54.3,..,54.6,..,..,..,52,..,..,..,..,55.9,..,..,..,..
Zambia,ZMB,"Government expenditure on education, total (% of GDP)",SE.XPD.TOTL.GD.ZS,1.83852994441986,..,..,2.11823010444641,1.77495002746582,1.78819000720978,..,..,..,2.46342992782593,1.73553001880646,..,1.24075996875763,1.0997200012207,..,3.41600441932678,3.35772275924683,3.69500231742859,3.71820712089539,..,4.62433004379272,3.74792003631592,3.72964000701904,4.73974990844727,4.41824007034302
Zambia,ZMB,"Unemployment, total (% of total labor force) (national estimate)",SL.UEM.TOTL.NE.ZS,..,15.3,..,12,..,12.93,..,..,..,..,15.9,..,..,7.93,..,13.19,..,7.85,..,..,..,..,8.518,5.031,5.539
Zambia,ZMB,Military expenditure (% of GDP),MS.MIL.XPND.GD.ZS,1.45168841419497,1.0518095531385,1.00766103765507,..,1.64831846043945,..,..,..,..,1.58089960446516,1.84832294449392,1.7439454502704,2.06370699223085,2.08008787697224,1.73163534710359,1.38259276517524,1.26233242064529,1.39366692728694,1.43442908648819,1.6618695574344,1.78525420340715,1.45453263600442,1.30000405055903,1.43749875079268,1.255654723075
Zimbabwe,ZWE,Gini index,SI.POV.GINI,..,..,..,..,..,..,..,..,..,..,..,..,..,..,..,..,43.2,..,..,..,..,..,44.3,..,50.3
Zimbabwe,ZWE,"Government expenditure on education, total (% of GDP)",SE.XPD.TOTL.GD.ZS,..,..,..,..,..,..,..,..,..,..,..,..,..,..,..,1.54405999183655,5.0778284072876,6.07020998001099,5.99597978591919,6.13835000991821,..,..,5.81877994537354,2.05048990249634,..
Zimbabwe,ZWE,"Unemployment, total (% of total labor force) (national estimate)",SL.UEM.TOTL.NE.ZS,..,..,6.93,..,6,..,..,..,..,4.39,..,..,..,..,..,..,5.368,..,..,4.774,..,..,..,..,7.373
Zimbabwe,ZWE,Military expenditure (% of GDP),MS.MIL.XPND.GD.ZS,3.18165315260801,2.88277157260057,2.99826689774697,..,2.23808309966862,3.05379188712522,2.54980434009249,6.30647414997671,2.03467725088782,2.70575805599577,1.45257572407694,1.98624247635426,..,..,..,0.816251453246969,1.407162104666,1.85949988315027,1.86822395642382,1.88778911739064,1.88630877860684,1.74198491851131,1.59234042553192,1.13781025849235,0.729567173018744
,,,,,,,,,,,,,,,,,,,,,,,,,,,,
,,,,,,,,,,,,,,,,,,,,,,,,,,,,
,,,,,,,,,,,,,,,,,,,,,,,,,,,,
Data from database: World Development Indicators,,,,,,,,,,,,,,,,,,,,,,,,,,,,
Last Updated: 02/21/2024,,,,,,,,,,,,,,,,,,,,,,,,,,,,
